id	meta_group	celltype_new	system	sh
1	PGa_M1	Oocyte	Pre_gastrulation	0.0060943415950886
2	PGa_M2	1-cell	Pre_gastrulation	0.00182557232433535
3	PGa_M3	2-cell	Pre_gastrulation	0.00595921713737655
4	PGa_M4	4-cell	Pre_gastrulation	0.00512236894228105
5	PGa_M5	8-cell	Pre_gastrulation	-0.0230316873914206
6	PGa_M6	Morula	Pre_gastrulation	-0.0042801994542779
7	PGa_M7	Inner cell mass	Pre_gastrulation	0.0054410149940789
8	PGa_M8	Trophectoderm	Pre_gastrulation	0.00096490019252405
9	PGa_M9	Extraembryonic ectoderm	Pre_gastrulation	-0.00528061597821115
10	PGa_M10	Hypoblast	Pre_gastrulation	0.0144533443210647
11	PGa_M11	Parietal endoderm	Pre_gastrulation	-0.0108734456078855
12	PGa_M12	Visceral endoderm	Pre_gastrulation	0.00221053269279083
13	PGa_M13	Extraembryonic visceral endoderm	Pre_gastrulation	-0.00863698639234125
14	PGa_M14	Embryonic visceral endoderm	Pre_gastrulation	0.0098473020665799
15	PGa_M15	Epiblast	Pre_gastrulation	-0.000631930794872267
16	PGa_M16	Primitive streak	Pre_gastrulation	-0.0102501884050779
17	Ga_M1	Extraembryonic ectoderm	Gastrulation	0.013011855756494
18	Ga_M2	Parietal endoderm	Gastrulation	0.0046432264613343
19	Ga_M3	Extraembryonic visceral endoderm	Gastrulation	0.0108630853661039
20	Ga_M4	Embryonic visceral endoderm	Gastrulation	-0.00824481215691235
21	Ga_M5	Epiblast	Gastrulation	-0.0353162047780171
22	Ga_M6	Primitive streak	Gastrulation	-0.00266203882915476
23	Ga_M7	Allantois	Gastrulation	-0.0068110339543884
24	Ga_M8	Amniotic ectoderm	Gastrulation	0.0007800042408821
25	Ga_M9	Amniotic mesoderm	Gastrulation	0.0027957818930041
26	Ga_M10	Anterior primitive streak	Gastrulation	0
27	Ga_M11	Blood progenitors	Gastrulation	0.000137415118274733
28	Ga_M12	Cardiogenic mesoderm	Gastrulation	0.00207306051775833
29	Ga_M13	Cardiopharyngeal mesoderm	Gastrulation	0.00332864933587607
30	Ga_M14	CLE and NMPs	Gastrulation	0.0012183271011396
31	Ga_M15	Definitive ectoderm	Gastrulation	0
32	Ga_M16	Definitive endoderm	Gastrulation	0
33	Ga_M17	Endothelium	Gastrulation	-0.0537590731673197
34	Ga_M18	Extraembryonic mesoderm	Gastrulation	0.00480482154038822
35	Ga_M19	Floor plate	Gastrulation	0.0643838644846397
36	Ga_M20	Forebrain	Gastrulation	0.00736956690770544
37	Ga_M21	Gut	Gastrulation	0.0631948466445822
38	Ga_M22	Gut mesenchyme	Gastrulation	0.0247912710832899
39	Ga_M23	Hematoendothelial progenitors	Gastrulation	0.000366663815470567
40	Ga_M24	Hindbrain	Gastrulation	0.00686959517657187
41	Ga_M25	Intermediate mesoderm	Gastrulation	0.0262550522486728
42	Ga_M26	Lateral plate mesoderm	Gastrulation	0.00801368552014547
43	Ga_M27	Midbrain	Gastrulation	0.00256086379539147
44	Ga_M28	Nascent mesoderm	Gastrulation	-0.0008669156862975
45	Ga_M29	Neural crest	Gastrulation	-0.0367680657559934
46	Ga_M30	Notochord	Gastrulation	0.121646179570779
47	Ga_M31	Paraxial mesoderm (Tbx6+)	Gastrulation	0.00172839306566063
48	Ga_M32	Paraxial mesoderm (Tbx6-)	Gastrulation	0.00991949361656472
49	Ga_M33	Primitive erythroid cells	Gastrulation	0.00021524889417045
50	Ga_M34	Primordial germ cells	Gastrulation	0.0004057894736842
51	Ga_M35	Spinal cord	Gastrulation	0.0720371812980341
52	Ga_M36	Surface ectoderm	Gastrulation	-0.01674747781456
53	En_M1	Arterial endothelial cells	Endothelium	0.0202074294997647
54	En_M10	Microvascular endothelial cells	Endothelium	-0.0259317765105471
55	En_M11	Pericytes	Endothelium	0.105592934747134
56	En_M12	Venous and capillary endothelial cells	Endothelium	-0.0359895360969035
57	En_M2	Brain capillary endothelial cells	Endothelium	-0.0416709249983307
58	En_M3	Brain pericytes	Endothelium	-0.0664769853475335
59	En_M4	Endocardial cells	Endothelium	-0.0103698197049186
60	En_M5	Endothelium	Endothelium	-0.0011204762219409
61	En_M6	Glomerular endothelial cells	Endothelium	0.0250167238457398
62	En_M7	Hematoendothelial progenitors	Endothelium	0.0166762951804042
63	En_M8	Liver sinusoidal endothelial cells	Endothelium	-0.0317246070165741
64	En_M9	Lymphatic vessel endothelial cells	Endothelium	0.0254461987855457
65	Ep_M1	Amniotic ectoderm	Epithelial_cells	0
66	Ep_M10	Granular keratinocytes	Epithelial_cells	-0.198850462485564
67	Ep_M11	Lens epithelial cells	Epithelial_cells	-0.134839303058008
68	Ep_M12	Nonsensory cochlear epithelium	Epithelial_cells	-0.213504126399171
69	Ep_M13	Olfactory bulb cells	Epithelial_cells	-0.271035894687436
70	Ep_M14	Olfactory epithelial cells	Epithelial_cells	-0.228698686726453
71	Ep_M15	Olfactory pit cells	Epithelial_cells	-0.0854449206935315
72	Ep_M16	Otic epithelial cells	Epithelial_cells	-0.161797323354236
73	Ep_M17	Parathyroid epithelial cells	Epithelial_cells	-0.0317064692296827
74	Ep_M18	Pineal gland	Epithelial_cells	-0.205692828958417
75	Ep_M19	Pituitary gland cells	Epithelial_cells	-0.143073684705415
76	Ep_M2	Apical ectodermal ridge	Epithelial_cells	-0.193016234028898
77	Ep_M20	Pituitary/Pineal gland progenitors	Epithelial_cells	0.120383613702012
78	Ep_M21	Placodal area	Epithelial_cells	0.057258031108542
79	Ep_M22	Pre-epidermal keratinocytes	Epithelial_cells	-0.0765948375414121
80	Ep_M23	Primordial germ cells	Epithelial_cells	0
81	Ep_M24	Thymic epithelial cells	Epithelial_cells	-0.168800586695475
82	Ep_M25	Thyroid gland cells	Epithelial_cells	-0.143183495213223
83	Ep_M26	Tooth junctional epithelium	Epithelial_cells	-0.265336945072167
84	Ep_M3	Basal keratinocytes	Epithelial_cells	0.24972903878129
85	Ep_M4	Bladder urothelial cells	Epithelial_cells	-0.239043587921355
86	Ep_M5	Branchial arch epithelium	Epithelial_cells	-0.0753203284187206
87	Ep_M6	Cochlear hair cells	Epithelial_cells	-0.246975577092198
88	Ep_M7	Conjunctival goblet cells	Epithelial_cells	-0.236675510387009
89	Ep_M8	Corneal epithelial cells	Epithelial_cells	-0.186413643679725
90	Ep_M9	Dental epithelial cells	Epithelial_cells	0.240852782497251
91	Ey_M1	Amacrine cells	Eye	-0.173673382223519
92	Ey_M10	Naive retinal progenitor cells	Eye	0.206525927422506
93	Ey_M11	Optic stalk	Eye	0.0420554981258356
94	Ey_M12	Photoreceptor precursor cells	Eye	-0.131390885178292
95	Ey_M13	PV-containing retinal ganglion cells	Eye	-0.274680210882581
96	Ey_M14	Retinal ganglion cells	Eye	-0.234392353576923
97	Ey_M15	Retinal pigment cells	Eye	-0.0829485150906325
98	Ey_M16	Retinal progenitor cells	Eye	-0.0902335611835038
99	Ey_M17	Rod precursor cells	Eye	-0.117453597261805
100	Ey_M18	Suprachiasmatic nucleus	Eye	0.0392232050657153
101	Ey_M2	Amacrine/Horizontal precursor cells	Eye	-0.145270168416606
102	Ey_M3	Bipolar precursor cells	Eye	-0.194665496904294
103	Ey_M4	Cholinergic amacrine cells	Eye	-0.161820220785645
104	Ey_M5	Ciliary margin cells	Eye	-0.130966181197112
105	Ey_M6	Cone precursor cells	Eye	-0.15376634358329
106	Ey_M7	Eye field	Eye	-0.0440680175168317
107	Ey_M8	Horizontal cells	Eye	-0.180700382622607
108	Ey_M9	Iris pigment epithelium	Eye	-0.130661801395115
109	G_M1	Airway club cells	Gut	-0.0206493336880851
110	G_M10	Intestinal enteroendocrine cells	Gut	-0.0755823789796426
111	G_M11	Intestinal goblet cells	Gut	-0.0847862749814759
112	G_M12	Lung cells (Eln+)	Gut	0.10151414866275
113	G_M13	Lung progenitor cells	Gut	0.190756519697656
114	G_M14	Midgut/Hindgut epithelial cells	Gut	-0.0781814835456846
115	G_M15	Pancreatic acinar cells	Gut	0.018632283508539
116	G_M16	Pancreatic islets	Gut	-0.0188888893087795
117	G_M2	Airway goblet cells	Gut	-0.0712478585356201
118	G_M3	Alveolar Type 1 cells	Gut	0.0117099682790253
119	G_M4	Alveolar Type 2 cells	Gut	-0.0372506995427487
120	G_M5	Biliary epithelial cells	Gut	-0.0180251066973507
121	G_M6	Extraembryonic visceral endoderm	Gut	0
122	G_M7	Foregut epithelial cells	Gut	-0.0524685263908835
123	G_M8	Gut	Gut	0.379018408526469
124	G_M9	Hepatocytes	Gut	-0.0261198686920464
125	PG_M1	Melanocyte cells	PNS_glia	-0.106633613630398
126	PG_M2	Myelinating Schwann cells	PNS_glia	-0.0720904448778461
127	PG_M3	Myelinating Schwann cells (Tgfb2+)	PNS_glia	-0.0026569882257387
128	PG_M4	Neural crest (PNS glia)	PNS_glia	0.0437857167046495
129	PG_M5	Olfactory ensheathing cells	PNS_glia	-0.0322836695683082
130	PG_M6	Satellite glial cells	PNS_glia	0.065551894631417
131	PN_M1	Corticofugal neurons	PNS_neurons	-0.0612261671171153
132	PN_M2	Dorsal root ganglion neurons	PNS_neurons	-0.0538522522188048
133	PN_M3	Enteric neurons	PNS_neurons	0.0048197031741636
134	PN_M4	Neural crest (PNS neurons)	PNS_neurons	0.0161179755538754
135	PN_M5	Olfactory sensory neurons	PNS_neurons	-0.0397200938442468
136	PN_M6	Otic sensory neurons	PNS_neurons	0.0407444581496316
137	PN_M7	Parasympathetic neurons	PNS_neurons	0.0031810484313922
138	PN_M8	Sympathetic neurons	PNS_neurons	0.0253219994224815
139	R_M1	Anterior intermediate mesoderm	Renal	-0.0680901235816573
140	R_M10	Posterior intermediate mesoderm	Renal	0.0406316870737
141	R_M11	Proximal tubule cells	Renal	-0.113432941729947
142	R_M12	Renal pericytes and mesangial cells	Renal	0.230846124264849
143	R_M13	Ureteric bud	Renal	-0.0490144061200783
144	R_M14	Ureteric bud stalk	Renal	0.0324178979145123
145	R_M2	Ascending loop of Henle	Renal	-0.104737514637197
146	R_M3	Collecting duct intercalated cells	Renal	-0.0127542939109187
147	R_M4	Collecting duct principal cells	Renal	-0.0888744440697323
148	R_M5	Connecting tubule	Renal	-0.137326729417624
149	R_M6	Distal convoluted tubule	Renal	-0.146996639527301
150	R_M7	Metanephric mesenchyme	Renal	0.0013708019250943
151	R_M8	Nephron progenitors	Renal	-0.0501924591922861
152	R_M9	Podocytes	Renal	-0.0108841272892339
153	L_M1	Adrenocortical cells	Lateral_plate_mesoderm	-0.254195244468859
154	L_M10	Gastrointestinal smooth muscle cells	Lateral_plate_mesoderm	0.271367382532168
155	L_M11	Gonad progenitor cells	Lateral_plate_mesoderm	-0.261901207667288
156	L_M12	Granulosa cells	Lateral_plate_mesoderm	-0.263880704199826
157	L_M13	Gut mesenchyme	Lateral_plate_mesoderm	0.626816241204698
158	L_M14	Hepatic mesenchyme	Lateral_plate_mesoderm	0.0967961283052642
159	L_M15	Leydig cells	Lateral_plate_mesoderm	-0.0908153384910419
160	L_M16	Limb mesenchyme progenitors	Lateral_plate_mesoderm	-0.144475689175005
161	L_M17	Lung mesenchyme	Lateral_plate_mesoderm	0.548216613735268
162	L_M18	Meninges	Lateral_plate_mesoderm	-0.238094385473586
163	L_M19	Mesothelial cells	Lateral_plate_mesoderm	0.0081316707374003
164	L_M2	Airway smooth muscle cells	Lateral_plate_mesoderm	-0.114107028493577
165	L_M20	Proepicardium	Lateral_plate_mesoderm	-0.289156524243543
166	L_M21	Renal stromal cells	Lateral_plate_mesoderm	0.0836596313051978
167	L_M22	Second heart field	Lateral_plate_mesoderm	-0.0997022899245802
168	L_M23	Sertoli cells	Lateral_plate_mesoderm	-0.183442821550305
169	L_M24	Somatic mesoderm	Lateral_plate_mesoderm	-0.255581844008386
170	L_M25	Splanchnic mesoderm	Lateral_plate_mesoderm	0.118964544088056
171	L_M26	Vascular smooth muscle cells	Lateral_plate_mesoderm	-0.22702961805096
172	L_M27	Vascular smooth muscle cells (Pparg+)	Lateral_plate_mesoderm	-0.263257671948774
173	L_M28	Ventricular cardiomyocytes	Lateral_plate_mesoderm	-0.235010353801613
174	L_M3	Allantois	Lateral_plate_mesoderm	-0.0273690205190203
175	L_M4	Amniotic mesoderm	Lateral_plate_mesoderm	0
176	L_M5	Atrial cardiomyocytes	Lateral_plate_mesoderm	-0.269444517286532
177	L_M6	Cardiopharyngeal mesoderm	Lateral_plate_mesoderm	0
178	L_M7	Extraembryonic mesoderm	Lateral_plate_mesoderm	-0.0923274543435164
179	L_M8	First heart field	Lateral_plate_mesoderm	-0.226835129141892
180	L_M9	Foregut mesenchyme	Lateral_plate_mesoderm	0.422870521251567
181	B_M1	Activated T cells	Blood	-0.0297947386961199
182	B_M10	Granulocytes	Blood	-0.0540243284015119
183	B_M11	Hematopoietic stem cells (Cd34+)	Blood	-0.021665549749107
184	B_M12	Hematopoietic stem cells (Mpo+)	Blood	-0.0502673521867971
185	B_M13	Kupffer cells	Blood	-0.0577729128549355
186	B_M14	Mast cells	Blood	0.0096981945814159
187	B_M15	Megakaryocyte-erythroid progenitors	Blood	0.0170045965121203
188	B_M16	Megakaryocytes	Blood	-0.0381247526756955
189	B_M17	Microglia	Blood	-0.0430267996422233
190	B_M18	Monocytes	Blood	-0.0747154647080123
191	B_M19	Monocytic myeloid-derived suppressor cells	Blood	-0.0684136497151592
192	B_M2	Adipose tissue macrophages	Blood	-0.0686311051380852
193	B_M20	Natural killer cells	Blood	-0.0556749092422733
194	B_M21	Osteoclasts	Blood	-0.0414614146409152
195	B_M22	Plasmacytoid dendritic cells	Blood	0.0131808687382454
196	B_M23	PMN myeloid-derived suppressor cells	Blood	-0.0558068342634694
197	B_M24	Primitive erythroid cells	Blood	0
198	B_M25	Regulatory T cells	Blood	0.0008719443543427
199	B_M26	T cells	Blood	-0.0222611683199682
200	B_M27	T-NK progenitors	Blood	-0.0262751244503678
201	B_M3	B cell progenitors	Blood	0.0414472683117349
202	B_M4	B cells	Blood	-0.0075475305069055
203	B_M5	Border-associated macrophages	Blood	-0.0428894282681379
204	B_M6	Border-associated macrophages (Ms4a8a+)	Blood	-0.0636300352396997
205	B_M7	Conventional dendritic cells	Blood	-0.0671799229205339
206	B_M8	Definitive early erythroblasts (CD36-)	Blood	0.0159490046732279
207	B_M9	Definitive erythroblasts (CD36+)	Blood	-0.003717530398278
208	BS_M1	Anterior floor plate	Brain_spinal_cord	0.0702193789847201
209	BS_M10	Cranial motor neurons	Brain_spinal_cord	0.129530485828222
210	BS_M11	Deep-layer neurons	Brain_spinal_cord	-0.037414452020403
211	BS_M12	Di/mesencephalon GABAergic neurons	Brain_spinal_cord	0.0566666931513323
212	BS_M13	Di/mesencephalon glutamatergic neurons	Brain_spinal_cord	-0.0005864013707941
213	BS_M14	Diencephalon	Brain_spinal_cord	0.1054517548544
214	BS_M15	Dorsal telencephalon	Brain_spinal_cord	-0.174602550272181
215	BS_M16	Ependymal cells	Brain_spinal_cord	-0.224947271858126
216	BS_M17	GABAergic cortical interneurons	Brain_spinal_cord	0.0159846617257046
217	BS_M18	GABAergic neurons (after E13.0)	Brain_spinal_cord	-0.0023757197740751
218	BS_M19	Glutamatergic neurons (after E13.0)	Brain_spinal_cord	-0.009946817087078
219	BS_M2	Anterior roof plate	Brain_spinal_cord	-0.20591600948211
220	BS_M20	Hindbrain	Brain_spinal_cord	0.103053345427093
221	BS_M21	Hypothalamic Sim1 neurons	Brain_spinal_cord	0.0757080723496786
222	BS_M22	Hypothalamus	Brain_spinal_cord	0.350482805846122
223	BS_M23	Hypothalamus (Sim1+)	Brain_spinal_cord	0.225904309727248
224	BS_M24	Intermediate neuronal progenitors	Brain_spinal_cord	-0.239470267113166
225	BS_M25	Midbrain	Brain_spinal_cord	-0.07517710412365
226	BS_M26	Midbrain dopaminergic neurons	Brain_spinal_cord	0.0486489505469889
227	BS_M27	Midbrain-hindbrain boundary	Brain_spinal_cord	-0.0164505061721766
228	BS_M28	Multiciliated ependymal cells	Brain_spinal_cord	-0.0267291244863323
229	BS_M29	Neural progenitor cells (Neurod1+)	Brain_spinal_cord	0.0086232985429035
230	BS_M3	Astrocytes	Brain_spinal_cord	0.197301361809794
231	BS_M30	Neural progenitor cells (Ror1+)	Brain_spinal_cord	-0.0618870615631975
232	BS_M31	NMPs and spinal cord progenitors	Brain_spinal_cord	0.221457792405726
233	BS_M32	Neurons (Slc17a8+)	Brain_spinal_cord	0.109342810285699
234	BS_M33	Oligodendrocyte progenitor cells	Brain_spinal_cord	-0.0946420630863321
235	BS_M34	Floorplate and p3 domain	Brain_spinal_cord	0.3423115149509
236	BS_M35	Posterior roof plate	Brain_spinal_cord	0.0087103914324973
237	BS_M36	Precerebellar neurons	Brain_spinal_cord	0.0305497378249932
238	BS_M37	Spinal cord dorsal progenitors (after E13.0)	Brain_spinal_cord	NA
239	BS_M38	Spinal cord motor neurons	Brain_spinal_cord	0.0879387216959085
240	BS_M39	Spinal cord ventral progenitors (after E13.0)	Brain_spinal_cord	NA
241	BS_M4	Cajal-Retzius cells	Brain_spinal_cord	-0.22633422180175
242	BS_M40	Spinal cord/r7/r8	Brain_spinal_cord	0.136689090693391
243	BS_M41	Spinal dI1 interneurons	Brain_spinal_cord	0.0036956946854629
244	BS_M42	Spinal dI2 interneurons	Brain_spinal_cord	0.0192526457188165
245	BS_M43	Spinal dI3 interneurons	Brain_spinal_cord	0.0302323496414884
246	BS_M44	Spinal dI4 interneurons	Brain_spinal_cord	0.0164413868766266
247	BS_M45	Spinal dI5 interneurons	Brain_spinal_cord	0.0390962065526684
248	BS_M46	Spinal dI6 interneurons	Brain_spinal_cord	0.0479311992156452
249	BS_M47	Spinal V0 interneurons	Brain_spinal_cord	0.0743866723853459
250	BS_M48	Spinal V1 interneurons	Brain_spinal_cord	0.163904043226554
251	BS_M49	Spinal V2a interneurons	Brain_spinal_cord	0.0953653457629104
252	BS_M5	Cerebellar Purkinje cells	Brain_spinal_cord	-0.2340936616026
253	BS_M50	Spinal V2b interneurons	Brain_spinal_cord	0.0509963525922235
254	BS_M51	Spinal V3 interneurons	Brain_spinal_cord	0.205479289754733
255	BS_M52	Striatal projection neurons	Brain_spinal_cord	-0.018424671146456
256	BS_M53	Subplate neurons	Brain_spinal_cord	-0.0441786232589647
257	BS_M54	Telencephalon	Brain_spinal_cord	-0.100109493896111
258	BS_M55	Thalamic neuronal precursors	Brain_spinal_cord	-0.222155036128295
259	BS_M56	Upper-layer neurons	Brain_spinal_cord	-0.049014933991142
260	BS_M6	Cerebellum-related cells	Brain_spinal_cord	0.21548594019155
261	BS_M7	Choroid plexus	Brain_spinal_cord	-0.126428845065994
262	BS_M8	Committed oligodendrocyte precursors	Brain_spinal_cord	-0.0550866318741901
263	BS_M9	Cortical Interneurons (Prox1+)	Brain_spinal_cord	-0.0418524777101886
264	M_M1	Adipocyte cells (Cyp2e1+)	Mesoderm	-0.22429185143452
265	M_M10	Fibroblasts	Mesoderm	-0.0895595056723635
266	M_M11	Mesodermal progenitors (Tbx6+)	Mesoderm	-0.0245923028788872
267	M_M12	Muscle progenitor cells	Mesoderm	-0.0591014316161688
268	M_M13	Muscle progenitor cells (Prdm1+)	Mesoderm	-0.131721525906043
269	M_M14	Myoblasts	Mesoderm	-0.230280023618714
270	M_M15	Myofibroblasts	Mesoderm	-0.276627194342971
271	M_M16	Myotubes	Mesoderm	-0.190594085000452
272	M_M17	Pre-osteoblasts (Sp7+)	Mesoderm	0.193468146072951
273	M_M18	Sclerotome	Mesoderm	0.083815599606748
274	M_M2	Adipocyte progenitor cells	Mesoderm	-0.301890285024949
275	M_M3	Brown adipocyte cells	Mesoderm	-0.24690066560576
276	M_M4	Chondrocytes (Atp1a2+)	Mesoderm	-0.0408802135528032
277	M_M5	Chondrocytes (Otor+)	Mesoderm	-0.150745144491879
278	M_M6	Dermatome	Mesoderm	0.075558483087522
279	M_M7	Dermomyotome	Mesoderm	-0.0803761205517386
280	M_M8	Early chondrocytes	Mesoderm	0.163162207001696
281	M_M9	Facial mesenchyme	Mesoderm	-0.0252228881155952
282	No_M1	Notochord	Notochord	0.334254549623341
283	No_M2	Ciliated nodal cells	Notochord	0.205492354578442
