system	x	y	x_name	y_name	edge_type	abs_delta	delta	sh_x	sh_y	x_id	y_id
Pre_gastrulation	PGa_M1	PGa_M2	Oocyte	1-cell	Developmental progression	0.018356485178392	0.018356485178392	0.00609434159508863	0.0244508267734806	1	2
Pre_gastrulation	PGa_M2	PGa_M3	1-cell	2-cell	Developmental progression	0.0177090924834339	0.0177090924834339	-0.0207996821248099	-0.00309058964137604	2	3
Pre_gastrulation	PGa_M3	PGa_M4	2-cell	4-cell	Developmental progression	0.0235755803593913	-0.0235755803593913	0.0150090239161291	-0.00856655644326215	3	4
Pre_gastrulation	PGa_M4	PGa_M5	4-cell	8-cell	Developmental progression	0.0258539653375889	-0.0258539653375889	0.0188112943278243	-0.00704267100976459	4	5
Pre_gastrulation	PGa_M5	PGa_M6	8-cell	Morula	Developmental progression	0.0496668874841437	0.0496668874841437	-0.0390207037730767	0.010646183711067	5	6
Pre_gastrulation	PGa_M6	PGa_M7	Morula	Inner cell mass	Developmental progression	0.0333524714245279	0.0333524714245279	-0.0260435901372464	0.00730888128728157	6	7
Pre_gastrulation	PGa_M6	PGa_M8	Morula	Trophectoderm	Developmental progression	0.00569784416857406	0.00569784416857406	0.00255680806334571	0.00825465223191977	6	8
Pre_gastrulation	PGa_M8	PGa_M9	Trophectoderm	Extraembryonic ectoderm	Developmental progression	0.0149412719070293	0.0149412719070293	-0.00632485184687164	0.00861642006015765	8	9
Pre_gastrulation	PGa_M7	PGa_M10	Inner cell mass	Hypoblast	Developmental progression	0.043168975167495	0.043168975167495	-0.000336023150085776	0.0428329520174092	7	10
Pre_gastrulation	PGa_M10	PGa_M11	Hypoblast	Parietal endoderm	Developmental progression	0.00893257822377929	0.00893257822377929	-0.0170608785514716	-0.00812830032769231	10	11
Pre_gastrulation	PGa_M10	PGa_M12	Hypoblast	Visceral endoderm	Developmental progression	0.0278328140786873	-0.0278328140786873	0.0175879594972566	-0.0102448545814307	10	12
Pre_gastrulation	PGa_M12	PGa_M13	Visceral endoderm	Extraembryonic visceral endoderm	Developmental progression	0.0318312932735365	-0.0318312932735365	0.015555838708579	-0.0162754545649576	12	13
Pre_gastrulation	PGa_M12	PGa_M14	Visceral endoderm	Embryonic visceral endoderm	Developmental progression	0.0109989745002856	0.0109989745002856	0.00132061395122432	0.0123195884515099	12	14
Pre_gastrulation	PGa_M7	PGa_M15	Inner cell mass	Epiblast	Developmental progression	0.0116291359981384	-0.0116291359981384	0.00935018684504091	-0.0022789491530975	7	15
Pre_gastrulation	PGa_M15	PGa_M16	Epiblast	Primitive streak	Developmental progression	0.000382719718414203	0.000382719718414203	-0.0171858492576648	-0.0168031295392506	15	16
Pre_gastrulation	PGa_M14	Ga_M4	Embryonic visceral endoderm	Embryonic visceral endoderm	Dataset equivalence	0.0238646399954748	-0.0238646399954748	0.00737501568164998	-0.0164896243138248	14	20
Pre_gastrulation	PGa_M9	Ga_M1	Extraembryonic ectoderm	Extraembryonic ectoderm	Dataset equivalence	0.032189507773074	0.032189507773074	-0.01917765201658	0.013011855756494	9	17
Pre_gastrulation	PGa_M15	Ga_M5	Epiblast	Epiblast	Dataset equivalence	0.00270392260207661	-0.00270392260207661	0.0175690060261455	0.0148650834240688	15	21
Pre_gastrulation	PGa_M13	Ga_M3	Extraembryonic visceral endoderm	Extraembryonic visceral endoderm	Dataset equivalence	0.011861603585829	0.011861603585829	-0.000998518219725058	0.0108630853661039	13	19
Pre_gastrulation	PGa_M16	Ga_M6	Primitive streak	Primitive streak	Dataset equivalence	0.00961294687486867	-0.00961294687486867	-0.00369724727090521	-0.0133101941457739	16	22
Pre_gastrulation	PGa_M11	Ga_M2	Parietal endoderm	Parietal endoderm	Dataset equivalence	0.0182618173494132	0.0182618173494132	-0.0136185908880788	0.0046432264613344	11	18
Gastrulation	Ga_M10	Ga_M16	Anterior primitive streak	Definitive endoderm	Developmental progression	0.0008988730792401	-0.0008988730792401	0.0011593878312803	0.0002605147520401	26	32
Gastrulation	Ga_M11	Ga_M33	Blood progenitors	Primitive erythroid cells	Developmental progression	1.82524335166588e-05	1.82524335166588e-05	0.0004122453548242	0.0004304977883409	27	49
Gastrulation	Ga_M5	Ga_M6	Epiblast	Primitive streak	Developmental progression	3.72891561074408e-05	3.72891561074408e-05	0.0005461285412677	0.0005834176973751	21	22
Gastrulation	Ga_M31	Ga_M25	Paraxial mesoderm (Tbx6+)	Intermediate mesoderm	Developmental progression	0.0020017368434559	0.0020017368434559	0.0069135722626425	0.0089153091060985	47	41
Gastrulation	Ga_M4	Ga_M21	Embryonic visceral endoderm	Gut	Developmental progression	0.0170433672672069	0.0170433672672069	0.0010089065255731	0.0180522737927801	20	37
Gastrulation	Ga_M15	Ga_M36	Definitive ectoderm	Surface ectoderm	Developmental progression	0.0005082564283151	-0.0005082564283151	0.0031198247049996	0.0026115682766845	31	52
Gastrulation	Ga_M18	Ga_M7	Extraembryonic mesoderm	Allantois	Developmental progression	0.0194769924697331	-0.0194769924697331	0.0240241077019411	0.0045471152322079	34	23
Gastrulation	Ga_M13	Ga_M32	Cardiopharyngeal mesoderm	Paraxial mesoderm (Tbx6-)	Developmental progression	0.006546541353313	0.006546541353313	0.0099859480076282	0.0165324893609412	29	48
Gastrulation	Ga_M5	Ga_M15	Epiblast	Definitive ectoderm	Developmental progression	0.0025736961637319	0.0025736961637319	0.0005461285412677	0.0031198247049996	21	31
Gastrulation	Ga_M14	Ga_M31	CLE and NMPs	Paraxial mesoderm (Tbx6+)	Developmental progression	0.0008219367569445	0.0008219367569445	0.006091635505698	0.0069135722626425	30	47
Gastrulation	Ga_M15	Ga_M35	Definitive ectoderm	Spinal cord	Developmental progression	0.0125553174138633	0.0125553174138633	0.0031198247049996	0.015675142118863	31	51
Gastrulation	Ga_M28	Ga_M31	Nascent mesoderm	Paraxial mesoderm (Tbx6+)	Developmental progression	0.0036909864701604	0.0036909864701604	0.0032225857924821	0.0069135722626425	44	47
Gastrulation	Ga_M15	Ga_M27	Definitive ectoderm	Midbrain	Developmental progression	0.0007214709880875	0.0007214709880875	0.0031198247049996	0.0038412956930872	31	43
Gastrulation	Ga_M14	Ga_M35	CLE and NMPs	Spinal cord	Developmental progression	0.009583506613165	0.009583506613165	0.006091635505698	0.015675142118863	30	51
Gastrulation	Ga_M26	Ga_M25	Lateral plate mesoderm	Intermediate mesoderm	Developmental progression	0.0091154833142287	-0.0091154833142287	0.0180307924203273	0.0089153091060985	42	41
Gastrulation	Ga_M15	Ga_M20	Definitive ectoderm	Forebrain	Developmental progression	0.0060921339296321	0.0060921339296321	0.0031198247049996	0.0092119586346318	31	36
Gastrulation	Ga_M6	Ga_M28	Primitive streak	Nascent mesoderm	Developmental progression	0.0026391680951069	0.0026391680951069	0.0005834176973751	0.0032225857924821	22	44
Gastrulation	Ga_M23	Ga_M11	Hematoendothelial progenitors	Blood progenitors	Developmental progression	0.0006877460915875	-0.0006877460915875	0.0010999914464117	0.0004122453548242	39	27
Gastrulation	Ga_M36	Ga_M8	Surface ectoderm	Amniotic ectoderm	Developmental progression	0.0010515597949203	-0.0010515597949203	0.0026115682766845	0.0015600084817642	52	24
Gastrulation	Ga_M28	Ga_M18	Nascent mesoderm	Extraembryonic mesoderm	Developmental progression	0.0208015219094589	0.0208015219094589	0.0032225857924821	0.0240241077019411	44	34
Gastrulation	Ga_M16	Ga_M21	Definitive endoderm	Gut	Developmental progression	0.0177917590407399	0.0177917590407399	0.0002605147520401	0.0180522737927801	32	37
Gastrulation	Ga_M18	Ga_M22	Extraembryonic mesoderm	Gut mesenchyme	Developmental progression	0.0503497055479284	0.0503497055479284	0.0240241077019411	0.0743738132498696	34	38
Gastrulation	Ga_M23	Ga_M17	Hematoendothelial progenitors	Endothelium	Developmental progression	0.0003554791133047	-0.0003554791133047	0.0010999914464117	0.000744512333107	39	33
Gastrulation	Ga_M18	Ga_M9	Extraembryonic mesoderm	Amniotic mesoderm	Developmental progression	0.0156367620229287	-0.0156367620229287	0.0240241077019411	0.0083873456790123	34	25
Gastrulation	Ga_M36	Ga_M14	Surface ectoderm	CLE and NMPs	Developmental progression	0.0034800672290134	0.0034800672290134	0.0026115682766845	0.006091635505698	52	30
Gastrulation	Ga_M26	Ga_M9	Lateral plate mesoderm	Amniotic mesoderm	Developmental progression	0.0096434467413149	-0.0096434467413149	0.0180307924203273	0.0083873456790123	42	25
Gastrulation	Ga_M26	Ga_M12	Lateral plate mesoderm	Cardiogenic mesoderm	Developmental progression	0.0149212016436897	-0.0149212016436897	0.0180307924203273	0.0031095907766375	42	28
Gastrulation	Ga_M15	Ga_M24	Definitive ectoderm	Hindbrain	Developmental progression	0.0071845680598582	0.0071845680598582	0.0031198247049996	0.0103043927648578	31	40
Gastrulation	Ga_M7	Ga_M23	Allantois	Hematoendothelial progenitors	Developmental progression	0.0034471237857961	-0.0034471237857961	0.0045471152322079	0.0010999914464117	23	39
Gastrulation	Ga_M28	Ga_M23	Nascent mesoderm	Hematoendothelial progenitors	Developmental progression	0.0021225943460704	-0.0021225943460704	0.0032225857924821	0.0010999914464117	44	39
Gastrulation	Ga_M15	Ga_M34	Definitive ectoderm	Primordial germ cells	Developmental progression	0.0010908773365786	-0.0010908773365786	0.0031198247049996	0.002028947368421	31	50
Gastrulation	Ga_M15	Ga_M29	Definitive ectoderm	Neural crest	Developmental progression	0.0028428945154481	-0.0028428945154481	0.0031198247049996	0.0002769301895515	31	45
Gastrulation	Ga_M6	Ga_M34	Primitive streak	Primordial germ cells	Developmental progression	0.0014455296710458	0.0014455296710458	0.0005834176973751	0.002028947368421	22	50
Gastrulation	Ga_M26	Ga_M22	Lateral plate mesoderm	Gut mesenchyme	Developmental progression	0.0563430208295422	0.0563430208295422	0.0180307924203273	0.0743738132498696	42	38
Gastrulation	Ga_M10	Ga_M30	Anterior primitive streak	Notochord	Developmental progression	0.0303051313097094	0.0303051313097094	0.0011593878312803	0.0314645191409897	26	46
Gastrulation	Ga_M6	Ga_M10	Primitive streak	Anterior primitive streak	Developmental progression	0.0005759701339051	0.0005759701339051	0.0005834176973751	0.0011593878312803	22	26
Gastrulation	Ga_M28	Ga_M13	Nascent mesoderm	Cardiopharyngeal mesoderm	Developmental progression	0.006763362215146	0.006763362215146	0.0032225857924821	0.0099859480076282	44	29
Gastrulation	Ga_M28	Ga_M34	Nascent mesoderm	Primordial germ cells	Developmental progression	0.0011936384240611	-0.0011936384240611	0.0032225857924821	0.002028947368421	44	50
Gastrulation	Ga_M35	Ga_M19	Spinal cord	Floor plate	Developmental progression	0.0809006546080964	0.0809006546080964	0.015675142118863	0.0965757967269595	51	35
Gastrulation	Ga_M14	Ga_M34	CLE and NMPs	Primordial germ cells	Developmental progression	0.0040626881372769	-0.0040626881372769	0.006091635505698	0.002028947368421	30	50
Gastrulation	Ga_M28	Ga_M26	Nascent mesoderm	Lateral plate mesoderm	Developmental progression	0.0148082066278451	0.0148082066278451	0.0032225857924821	0.0180307924203273	44	42
Gastrulation	Ga_M28	Ga_M32	Nascent mesoderm	Paraxial mesoderm (Tbx6-)	Developmental progression	0.013309903568459	0.013309903568459	0.0032225857924821	0.0165324893609412	44	48
Notochord	No_M1	No_M2	Notochord	Ciliated nodal cells	Developmental progression	0.013803	0.013803	0.283269485903814	0.297072222222222	282	283
Blood	B_M8	B_M9	Definitive early erythroblasts (CD36-)	Definitive erythroblasts (CD36+)	Developmental progression	0.014862	-0.014862	0.0188329592727741	0.0039714439901251	206	207
Blood	B_M11	B_M18	Hematopoietic stem cells (Cd34+)	Monocytes	Developmental progression	0.010105	-0.010105	0.0158012774098601	0.0056960540901705	183	190
Blood	B_M19	B_M23	Monocytic myeloid-derived suppressor cells	PMN myeloid-derived suppressor cells	Developmental progression	0.00148	-0.00148	0.0033044384265434	0.0018243834785246	191	196
Blood	B_M25	B_M26	Regulatory T cells	T cells	Developmental progression	0.006868	-0.006868	0.0239902040816326	0.017122393899583	198	199
Blood	B_M26	B_M1	T cells	Activated T cells	Developmental progression	0.00236	-0.00236	0.017122393899583	0.0147628421352934	199	181
Blood	B_M15	B_M8	Megakaryocyte-erythroid progenitors	Definitive early erythroblasts (CD36-)	Developmental progression	0.007602	-0.007602	0.0264352485858886	0.0188329592727741	187	206
Blood	B_M5	B_M17	Border-associated macrophages	Microglia	Developmental progression	0.001046	0.001046	0.007769830191284	0.0088159018001537	203	189
Blood	B_M11	B_M5	Hematopoietic stem cells (Cd34+)	Border-associated macrophages	Developmental progression	0.008031	-0.008031	0.0158012774098601	0.007769830191284	183	203
Blood	B_M12	B_M19	Hematopoietic stem cells (Mpo+)	Monocytic myeloid-derived suppressor cells	Developmental progression	0.006219	-0.006219	0.0095232810638379	0.0033044384265434	184	191
Blood	B_M11	B_M12	Hematopoietic stem cells (Cd34+)	Hematopoietic stem cells (Mpo+)	Developmental progression	0.006278	-0.006278	0.0158012774098601	0.0095232810638379	183	184
Blood	B_M11	B_M7	Hematopoietic stem cells (Cd34+)	Conventional dendritic cells	Developmental progression	0.006205	-0.006205	0.0158012774098601	0.0095962704301857	183	205
Blood	B_M3	B_M4	B cell progenitors	B cells	Developmental progression	0.014357	-0.014357	0.0293317889317889	0.014974537628415	201	202
Blood	B_M11	B_M8	Hematopoietic stem cells (Cd34+)	Definitive early erythroblasts (CD36-)	Developmental progression	0.003032	0.003032	0.0158012774098601	0.0188329592727741	183	206
Blood	B_M5	B_M13	Border-associated macrophages	Kupffer cells	Developmental progression	0.002717	-0.002717	0.007769830191284	0.0050524317296918	203	185
Blood	B_M27	B_M26	T-NK progenitors	T cells	Developmental progression	0.003226	0.003226	0.0138961365363259	0.017122393899583	200	199
Blood	B_M27	B_M25	T-NK progenitors	Regulatory T cells	Developmental progression	0.010094	0.010094	0.0138961365363259	0.0239902040816326	200	198
Blood	B_M5	B_M6	Border-associated macrophages	Border-associated macrophages (Ms4a8a+)	Developmental progression	0.003786	-0.003786	0.007769830191284	0.0039840934684684	203	204
Blood	B_M11	B_M3	Hematopoietic stem cells (Cd34+)	B cell progenitors	Developmental progression	0.013531	0.013531	0.0158012774098601	0.0293317889317889	183	201
Blood	B_M11	B_M15	Hematopoietic stem cells (Cd34+)	Megakaryocyte-erythroid progenitors	Developmental progression	0.010634	0.010634	0.0158012774098601	0.0264352485858886	183	187
Blood	B_M11	B_M22	Hematopoietic stem cells (Cd34+)	Plasmacytoid dendritic cells	Developmental progression	0.00797	0.00797	0.0158012774098601	0.0237710162478554	183	195
Blood	B_M18	B_M7	Monocytes	Conventional dendritic cells	Developmental progression	0.0039	0.0039	0.0056960540901705	0.0095962704301857	190	205
Blood	B_M11	B_M10	Hematopoietic stem cells (Cd34+)	Granulocytes	Developmental progression	0.008355	-0.008355	0.0158012774098601	0.0074462299909156	183	182
Blood	B_M18	B_M2	Monocytes	Adipose tissue macrophages	Developmental progression	0.000126	0.000126	0.0056960540901705	0.0058215857862635	190	192
Blood	B_M11	B_M14	Hematopoietic stem cells (Cd34+)	Mast cells	Developmental progression	0.007292	0.007292	0.0158012774098601	0.023093093093093	183	186
Blood	B_M11	B_M27	Hematopoietic stem cells (Cd34+)	T-NK progenitors	Developmental progression	0.001905	-0.001905	0.0158012774098601	0.0138961365363259	183	200
Blood	B_M5	B_M21	Border-associated macrophages	Osteoclasts	Developmental progression	0.004855	0.004855	0.007769830191284	0.0126250041796234	203	194
Blood	B_M11	B_M25	Hematopoietic stem cells (Cd34+)	Regulatory T cells	Developmental progression	0.008189	0.008189	0.0158012774098601	0.0239902040816326	183	198
Blood	B_M15	B_M16	Megakaryocyte-erythroid progenitors	Megakaryocytes	Developmental progression	0.015633	-0.015633	0.0264352485858886	0.0108026813441308	187	188
Blood	B_M27	B_M20	T-NK progenitors	Natural killer cells	Developmental progression	0.001202	-0.001202	0.0138961365363259	0.0126941723892078	200	193
Eye	Ey_M7	Ey_M10	Eye field	Naive retinal progenitor cells	Developmental progression	0.049097	0.049097	0.0837496419071004	0.132846308913054	106	92
Eye	Ey_M10	Ey_M16	Naive retinal progenitor cells	Retinal progenitor cells	Developmental progression	0.086175	-0.086175	0.132846308913054	0.0466714374407737	92	98
Eye	Ey_M7	Ey_M16	Eye field	Retinal progenitor cells	Developmental progression	0.037078	-0.037078	0.0837496419071004	0.0466714374407737	106	98
Eye	Ey_M16	Ey_M2	Retinal progenitor cells	Amacrine/Horizontal precursor cells	Developmental progression	0.02797	-0.02797	0.0466714374407737	0.018701741904885	98	101
Eye	Ey_M16	Ey_M3	Retinal progenitor cells	Bipolar precursor cells	Developmental progression	0.021899	-0.021899	0.0466714374407737	0.0247726680986786	98	102
Eye	Ey_M7	Ey_M11	Eye field	Optic stalk	Developmental progression	0.016477	0.016477	0.0837496419071004	0.100226464821779	106	93
Eye	Ey_M7	Ey_M5	Eye field	Ciliary margin cells	Developmental progression	0.0385	-0.0385	0.0837496419071004	0.0452493486590038	106	104
Eye	Ey_M11	Ey_M18	Optic stalk	Suprachiasmatic nucleus	Developmental progression	0.015516	-0.015516	0.100226464821779	0.0847104315550385	93	100
Eye	Ey_M12	Ey_M6	Photoreceptor precursor cells	Cone precursor cells	Developmental progression	0.001608	0.001608	0.0217245729676093	0.0233325595790776	94	105
Eye	Ey_M10	Ey_M5	Naive retinal progenitor cells	Ciliary margin cells	Developmental progression	0.087597	-0.087597	0.132846308913054	0.0452493486590038	92	104
Eye	Ey_M12	Ey_M17	Photoreceptor precursor cells	Rod precursor cells	Developmental progression	0.001467	-0.001467	0.0217245729676093	0.0202575444565965	94	99
Eye	Ey_M2	Ey_M1	Amacrine/Horizontal precursor cells	Amacrine cells	Developmental progression	0.00445	-0.00445	0.018701741904885	0.0142520734629868	101	91
Eye	Ey_M16	Ey_M12	Retinal progenitor cells	Photoreceptor precursor cells	Developmental progression	0.024947	-0.024947	0.0466714374407737	0.0217245729676093	98	94
Eye	Ey_M5	Ey_M9	Ciliary margin cells	Iris pigment epithelium	Developmental progression	0.002216	-0.002216	0.0452493486590038	0.0430335960960961	104	108
Eye	Ey_M16	Ey_M14	Retinal progenitor cells	Retinal ganglion cells	Developmental progression	0.033148	-0.033148	0.0466714374407737	0.0135238307880086	98	96
Eye	Ey_M7	Ey_M15	Eye field	Retinal pigment cells	Developmental progression	0.020342	-0.020342	0.0837496419071004	0.063407190348893	106	97
Eye	Ey_M2	Ey_M8	Amacrine/Horizontal precursor cells	Horizontal cells	Developmental progression	0.002771	0.002771	0.018701741904885	0.0214731379731379	101	107
Eye	Ey_M16	Ey_M6	Retinal progenitor cells	Cone precursor cells	Developmental progression	0.023339	-0.023339	0.0466714374407737	0.0233325595790776	98	105
Eye	Ey_M1	Ey_M4	Amacrine cells	Cholinergic amacrine cells	Developmental progression	0.01217	0.01217	0.0142520734629868	0.0264220040517375	91	103
Eye	Ey_M14	Ey_M13	Retinal ganglion cells	PV-containing retinal ganglion cells	Developmental progression	0.000195	0.000195	0.0135238307880086	0.0137190350102971	96	95
Renal	R_M10	R_M7	Posterior intermediate mesoderm	Metanephric mesenchyme	Developmental progression	0.011077	-0.011077	0.0642664255765199	0.053189821865728	140	150
Renal	R_M8	R_M11	Nephron progenitors	Proximal tubule cells	Developmental progression	0.018253	-0.018253	0.0366297830374753	0.0183765264026402	151	141
Renal	R_M7	R_M8	Metanephric mesenchyme	Nephron progenitors	Developmental progression	0.01656	-0.01656	0.053189821865728	0.0366297830374753	150	151
Renal	R_M1	R_M10	Anterior intermediate mesoderm	Posterior intermediate mesoderm	Developmental progression	0.030249	0.030249	0.0340170787662503	0.0642664255765199	139	140
Renal	R_M8	R_M9	Nephron progenitors	Podocytes	Developmental progression	0.009747	0.009747	0.0366297830374753	0.0463763749402199	151	152
Renal	R_M10	R_M12	Posterior intermediate mesoderm	Renal pericytes and mesangial cells	Developmental progression	0.050569	0.050569	0.0642664255765199	0.114835511982571	140	142
Renal	R_M8	R_M2	Nephron progenitors	Ascending loop of Henle	Developmental progression	0.018418	-0.018418	0.0366297830374753	0.0182113748198896	151	145
Renal	R_M1	R_M13	Anterior intermediate mesoderm	Ureteric bud	Developmental progression	0.003113	0.003113	0.0340170787662503	0.0371302341480088	139	143
Renal	R_M13	R_M4	Ureteric bud	Collecting duct principal cells	Developmental progression	0.006752	-0.006752	0.0371302341480088	0.0303777777777777	143	147
Renal	R_M8	R_M6	Nephron progenitors	Distal convoluted tubule	Developmental progression	0.025531	-0.025531	0.0366297830374753	0.011098938098938	151	149
Renal	R_M1	R_M8	Anterior intermediate mesoderm	Nephron progenitors	Developmental progression	0.002613	0.002613	0.0340170787662503	0.0366297830374753	139	151
Renal	R_M13	R_M14	Ureteric bud	Ureteric bud stalk	Developmental progression	0.024031	0.024031	0.0371302341480088	0.0611612635078969	143	144
Renal	R_M8	R_M5	Nephron progenitors	Connecting tubule	Developmental progression	0.020811	-0.020811	0.0366297830374753	0.0158192224195776	151	148
Renal	R_M4	R_M3	Collecting duct principal cells	Collecting duct intercalated cells	Developmental progression	0.024669	0.024669	0.0303777777777777	0.0550468509984639	147	146
Renal	R_M5	R_M3	Connecting tubule	Collecting duct intercalated cells	Developmental progression	0.039228	0.039228	0.0158192224195776	0.0550468509984639	148	146
Gut	G_M8	G_M14	Gut	Midgut/Hindgut epithelial cells	Developmental progression	0.147284	-0.147284	0.163179081651295	0.0158948908160066	123	114
Gut	G_M13	G_M4	Lung progenitor cells	Alveolar Type 2 cells	Developmental progression	0.078419	-0.078419	0.100682995262407	0.0222638260608227	113	119
Gut	G_M13	G_M3	Lung progenitor cells	Alveolar Type 1 cells	Developmental progression	0.059247	-0.059247	0.100682995262407	0.0414359875551831	113	118
Gut	G_M8	G_M9	Gut	Hepatocytes	Developmental progression	0.135674	-0.135674	0.163179081651295	0.0275054040084861	123	124
Gut	G_M13	G_M1	Lung progenitor cells	Airway club cells	Developmental progression	0.07033	-0.07033	0.100682995262407	0.0303532531573719	113	109
Gut	G_M8	G_M13	Gut	Lung progenitor cells	Developmental progression	0.062496	-0.062496	0.163179081651295	0.100682995262407	123	113
Gut	G_M8	G_M7	Gut	Foregut epithelial cells	Developmental progression	0.133942	-0.133942	0.163179081651295	0.0292375594497111	123	122
Gut	G_M14	G_M11	Midgut/Hindgut epithelial cells	Intestinal goblet cells	Developmental progression	0.001927	-0.001927	0.0158948908160066	0.0139682903533906	114	111
Gut	G_M9	G_M5	Hepatocytes	Biliary epithelial cells	Developmental progression	0.007106	0.007106	0.0275054040084861	0.0346118127312157	124	120
Gut	G_M3	G_M12	Alveolar Type 1 cells	Lung cells (Eln+)	Developmental progression	0.028276	0.028276	0.0414359875551831	0.0697115465126015	118	112
Gut	G_M1	G_M2	Airway club cells	Airway goblet cells	Developmental progression	0.009955	-0.009955	0.0303532531573719	0.0203981481481481	109	117
Gut	G_M8	G_M15	Gut	Pancreatic acinar cells	Developmental progression	0.119788	-0.119788	0.163179081651295	0.0433914242505115	123	115
Gut	G_M8	G_M5	Gut	Biliary epithelial cells	Developmental progression	0.128567	-0.128567	0.163179081651295	0.0346118127312157	123	120
Gut	G_M13	G_M2	Lung progenitor cells	Airway goblet cells	Developmental progression	0.080285	-0.080285	0.100682995262407	0.0203981481481481	113	117
Gut	G_M8	G_M16	Gut	Pancreatic islets	Developmental progression	0.131471	-0.131471	0.163179081651295	0.0317077349458301	123	116
Gut	G_M14	G_M10	Midgut/Hindgut epithelial cells	Intestinal enteroendocrine cells	Developmental progression	0.000997	0.000997	0.0158948908160066	0.016891583747927	114	110
PNS_glia	PG_M4	PG_M2	Neural crest (PNS glia)	Myelinating Schwann cells	Developmental progression	0.032323	-0.032323	0.0587415092995083	0.0264183669933436	128	126
PNS_glia	PG_M4	PG_M6	Neural crest (PNS glia)	Satellite glial cells	Developmental progression	0.008886	0.008886	0.0587415092995083	0.0676274018379281	128	130
PNS_glia	PG_M4	PG_M3	Neural crest (PNS glia)	Myelinating Schwann cells (Tgfb2+)	Developmental progression	0.012504	-0.012504	0.0587415092995083	0.046237185164468	128	127
PNS_glia	PG_M2	PG_M5	Myelinating Schwann cells	Olfactory ensheathing cells	Developmental progression	0.008145	0.008145	0.0264183669933436	0.0345636066773639	126	129
PNS_glia	PG_M4	PG_M5	Neural crest (PNS glia)	Olfactory ensheathing cells	Developmental progression	0.024178	-0.024178	0.0587415092995083	0.0345636066773639	128	129
PNS_glia	PG_M4	PG_M1	Neural crest (PNS glia)	Melanocyte cells	Developmental progression	0.041089	-0.041089	0.0587415092995083	0.0176525964166413	128	125
PNS_neurons	PN_M4	PN_M5	Neural crest (PNS neurons)	Olfactory sensory neurons	Developmental progression	0.015747	-0.015747	0.0325816694353412	0.0168344453051467	134	135
PNS_neurons	PN_M4	PN_M2	Neural crest (PNS neurons)	Dorsal root ganglion neurons	Developmental progression	0.019536	-0.019536	0.0325816694353412	0.0130459925399131	134	132
PNS_neurons	PN_M4	PN_M3	Neural crest (PNS neurons)	Enteric neurons	Developmental progression	0.003435	-0.003435	0.0325816694353412	0.0291462293712137	134	133
PNS_neurons	PN_M5	PN_M1	Olfactory sensory neurons	Corticofugal neurons	Developmental progression	0.005474	-0.005474	0.0168344453051467	0.0113603689189724	135	131
PNS_neurons	PN_M4	PN_M6	Neural crest (PNS neurons)	Otic sensory neurons	Developmental progression	0.007039	0.007039	0.0325816694353412	0.0396210975126069	134	136
PNS_neurons	PN_M4	PN_M8	Neural crest (PNS neurons)	Sympathetic neurons	Developmental progression	0.002558	0.002558	0.0325816694353412	0.0351394983093496	134	138
PNS_neurons	PN_M4	PN_M7	Neural crest (PNS neurons)	Parasympathetic neurons	Developmental progression	0.005392	-0.005392	0.0325816694353412	0.0271897787887252	134	137
PNS_neurons	PN_M4	PN_M1	Neural crest (PNS neurons)	Corticofugal neurons	Developmental progression	0.021221	-0.021221	0.0325816694353412	0.0113603689189724	134	131
Lateral_plate_mesoderm	L_M24	L_M16	Somatic mesoderm	Limb mesenchyme progenitors	Developmental progression	0.028614	0.028614	0.0426248394582477	0.0712391219804276	169	160
Lateral_plate_mesoderm	L_M25	L_M9	Splanchnic mesoderm	Foregut mesenchyme	Developmental progression	0.097685	0.097685	0.150717741774099	0.248403028674831	170	180
Lateral_plate_mesoderm	L_M25	L_M14	Splanchnic mesoderm	Hepatic mesenchyme	Developmental progression	0.010368	-0.010368	0.150717741774099	0.140350006688226	170	158
Lateral_plate_mesoderm	L_M25	L_M19	Splanchnic mesoderm	Mesothelial cells	Developmental progression	0.046584	-0.046584	0.150717741774099	0.104133533746545	170	163
Lateral_plate_mesoderm	L_M26	L_M27	Vascular smooth muscle cells	Vascular smooth muscle cells (Pparg+)	Developmental progression	0.015232	-0.015232	0.0327537031671794	0.0175213189588189	171	172
Lateral_plate_mesoderm	L_M7	L_M16	Extraembryonic mesoderm	Limb mesenchyme progenitors	Developmental progression	0.016065	-0.016065	0.0873044235518559	0.0712391219804276	178	160
Lateral_plate_mesoderm	L_M25	L_M21	Splanchnic mesoderm	Renal stromal cells	Developmental progression	0.028208	-0.028208	0.150717741774099	0.12250925440894	170	166
Lateral_plate_mesoderm	L_M13	L_M10	Gut mesenchyme	Gastrointestinal smooth muscle cells	Developmental progression	0.128223	-0.128223	0.303656467669776	0.175433626696003	157	154
Lateral_plate_mesoderm	L_M25	L_M8	Splanchnic mesoderm	First heart field	Developmental progression	0.110646	-0.110646	0.150717741774099	0.0400722239676056	170	179
Lateral_plate_mesoderm	L_M25	L_M17	Splanchnic mesoderm	Lung mesenchyme	Developmental progression	0.124857	0.124857	0.150717741774099	0.275575162340582	170	161
Lateral_plate_mesoderm	L_M25	L_M11	Splanchnic mesoderm	Gonad progenitor cells	Developmental progression	0.11662	-0.11662	0.150717741774099	0.0340977961432506	170	155
Lateral_plate_mesoderm	L_M24	L_M19	Somatic mesoderm	Mesothelial cells	Developmental progression	0.061509	0.061509	0.0426248394582477	0.104133533746545	169	163
Lateral_plate_mesoderm	L_M24	L_M20	Somatic mesoderm	Proepicardium	Developmental progression	0.016872	-0.016872	0.0426248394582477	0.025752480261492	169	165
Lateral_plate_mesoderm	L_M25	L_M20	Splanchnic mesoderm	Proepicardium	Developmental progression	0.124965	-0.124965	0.150717741774099	0.025752480261492	170	165
Lateral_plate_mesoderm	L_M8	L_M5	First heart field	Atrial cardiomyocytes	Developmental progression	0.021702	-0.021702	0.0400722239676056	0.0183703991705546	179	176
Lateral_plate_mesoderm	L_M24	L_M22	Somatic mesoderm	Second heart field	Developmental progression	0.039313	0.039313	0.0426248394582477	0.081937392014576	169	167
Lateral_plate_mesoderm	L_M11	L_M12	Gonad progenitor cells	Granulosa cells	Developmental progression	0.003283	-0.003283	0.0340977961432506	0.0308148148148148	155	156
Lateral_plate_mesoderm	L_M25	L_M26	Splanchnic mesoderm	Vascular smooth muscle cells	Developmental progression	0.117964	-0.117964	0.150717741774099	0.0327537031671794	170	171
Lateral_plate_mesoderm	L_M8	L_M28	First heart field	Ventricular cardiomyocytes	Developmental progression	0.022723	-0.022723	0.0400722239676056	0.0173494868362338	179	173
Lateral_plate_mesoderm	L_M26	L_M18	Vascular smooth muscle cells	Meninges	Developmental progression	0.001149	-0.001149	0.0327537031671794	0.0316048724383103	171	162
Lateral_plate_mesoderm	L_M11	L_M1	Gonad progenitor cells	Adrenocortical cells	Developmental progression	0.001427	-0.001427	0.0340977961432506	0.032671223388743	155	153
Lateral_plate_mesoderm	L_M26	L_M2	Vascular smooth muscle cells	Airway smooth muscle cells	Developmental progression	0.028771	0.028771	0.0327537031671794	0.061525063258704	171	164
Lateral_plate_mesoderm	L_M11	L_M23	Gonad progenitor cells	Sertoli cells	Developmental progression	0.030189	0.030189	0.0340977961432506	0.0642867946480511	155	168
Lateral_plate_mesoderm	L_M11	L_M15	Gonad progenitor cells	Leydig cells	Developmental progression	0.032353	0.032353	0.0340977961432506	0.0664512471655328	155	159
Endothelium	En_M5	En_M12	Endothelium	Venous and capillary endothelial cells	Developmental progression	0.009504	-0.009504	0.0285445559065688	0.0190406602863132	60	56
Endothelium	En_M5	En_M2	Endothelium	Brain capillary endothelial cells	Developmental progression	0.009825	-0.009825	0.0285445559065688	0.0187198468644545	60	57
Endothelium	En_M5	En_M11	Endothelium	Pericytes	Developmental progression	0.03237	0.03237	0.0285445559065688	0.0609145183604095	60	55
Endothelium	En_M5	En_M8	Endothelium	Liver sinusoidal endothelial cells	Developmental progression	0.010217	-0.010217	0.0285445559065688	0.018327244262638	60	63
Endothelium	En_M2	En_M3	Brain capillary endothelial cells	Brain pericytes	Developmental progression	0.00278	-0.00278	0.0187198468644545	0.0159403434399287	57	58
Endothelium	En_M5	En_M4	Endothelium	Endocardial cells	Developmental progression	8.7e-05	-8.7e-05	0.0285445559065688	0.0284576868105401	60	59
Endothelium	En_M5	En_M10	Endothelium	Microvascular endothelial cells	Developmental progression	0.007557	-0.007557	0.0285445559065688	0.0209879089615931	60	54
Endothelium	En_M5	En_M6	Endothelium	Glomerular endothelial cells	Developmental progression	0.007016	0.007016	0.0285445559065688	0.0355606357031993	60	61
Endothelium	En_M5	En_M9	Endothelium	Lymphatic vessel endothelial cells	Developmental progression	0.01008	0.01008	0.0285445559065688	0.0386245817228839	60	64
Mesoderm	M_M18	M_M10	Sclerotome	Fibroblasts	Developmental progression	0.108249	-0.108249	0.213199982788934	0.104950915147271	273	265
Mesoderm	M_M18	M_M8	Sclerotome	Early chondrocytes	Developmental progression	0.004167	0.004167	0.213199982788934	0.217367385409744	273	280
Mesoderm	M_M18	M_M4	Sclerotome	Chondrocytes (Atp1a2+)	Developmental progression	0.069282	-0.069282	0.213199982788934	0.14391799682279	273	276
Mesoderm	M_M12	M_M14	Muscle progenitor cells	Myoblasts	Developmental progression	0.098424	-0.098424	0.175475743225531	0.0770520506242563	267	269
Mesoderm	M_M10	M_M17	Fibroblasts	Pre-osteoblasts (Sp7+)	Developmental progression	0.122875	0.122875	0.104950915147271	0.227826060316771	265	272
Mesoderm	M_M2	M_M3	Adipocyte progenitor cells	Brown adipocyte cells	Developmental progression	0.036524	-0.036524	0.0552055848561182	0.0186811873426554	274	275
Mesoderm	M_M9	M_M8	Facial mesenchyme	Early chondrocytes	Developmental progression	0.050675	0.050675	0.166692163688615	0.217367385409744	281	280
Mesoderm	M_M7	M_M12	Dermomyotome	Muscle progenitor cells	Developmental progression	0.007751	0.007751	0.167724643445085	0.175475743225531	279	267
Mesoderm	M_M14	M_M16	Myoblasts	Myotubes	Developmental progression	0.036673	-0.036673	0.0770520506242563	0.0403787707280922	269	271
Mesoderm	M_M7	M_M6	Dermomyotome	Dermatome	Developmental progression	0.003752	0.003752	0.167724643445085	0.171476347617675	279	278
Mesoderm	M_M2	M_M1	Adipocyte progenitor cells	Adipocyte cells (Cyp2e1+)	Developmental progression	0.026046	-0.026046	0.0552055848561182	0.0291599429378469	274	264
Mesoderm	M_M11	M_M7	Mesodermal progenitors (Tbx6+)	Dermomyotome	Developmental progression	0.035929	-0.035929	0.203653567390066	0.167724643445085	266	279
Mesoderm	M_M7	M_M14	Dermomyotome	Myoblasts	Developmental progression	0.090673	-0.090673	0.167724643445085	0.0770520506242563	279	269
Mesoderm	M_M4	M_M5	Chondrocytes (Atp1a2+)	Chondrocytes (Otor+)	Developmental progression	0.070737	-0.070737	0.14391799682279	0.0731810429543494	276	277
Mesoderm	M_M9	M_M17	Facial mesenchyme	Pre-osteoblasts (Sp7+)	Developmental progression	0.061134	0.061134	0.166692163688615	0.227826060316771	281	272
Mesoderm	M_M13	M_M15	Muscle progenitor cells (Prdm1+)	Myofibroblasts	Developmental progression	0.077949	-0.077949	0.11767405743322	0.0397253035113405	268	270
Mesoderm	M_M12	M_M13	Muscle progenitor cells	Muscle progenitor cells (Prdm1+)	Developmental progression	0.057802	-0.057802	0.175475743225531	0.11767405743322	267	268
Mesoderm	M_M10	M_M2	Fibroblasts	Adipocyte progenitor cells	Developmental progression	0.049745	-0.049745	0.104950915147271	0.0552055848561182	265	274
Mesoderm	M_M11	M_M9	Mesodermal progenitors (Tbx6+)	Facial mesenchyme	Developmental progression	0.036961	-0.036961	0.203653567390066	0.166692163688615	266	281
Epithelial_cells	Ep_M21	Ep_M14	Placodal area	Olfactory epithelial cells	Developmental progression	0.08705	-0.08705	0.116338746850168	0.0292890835691831	78	70
Epithelial_cells	Ep_M22	Ep_M3	Pre-epidermal keratinocytes	Basal keratinocytes	Developmental progression	0.098406	0.098406	0.068327674924098	0.166734129617341	79	84
Epithelial_cells	Ep_M21	Ep_M5	Placodal area	Branchial arch epithelium	Developmental progression	0.050727	-0.050727	0.116338746850168	0.0656113704261951	78	86
Epithelial_cells	Ep_M22	Ep_M10	Pre-epidermal keratinocytes	Granular keratinocytes	Developmental progression	0.040047	-0.040047	0.068327674924098	0.0282803097136228	79	66
Epithelial_cells	Ep_M21	Ep_M15	Placodal area	Olfactory pit cells	Developmental progression	0.054657	-0.054657	0.116338746850168	0.0616816701372203	78	71
Epithelial_cells	Ep_M22	Ep_M2	Pre-epidermal keratinocytes	Apical ectodermal ridge	Developmental progression	0.019728	-0.019728	0.068327674924098	0.0486001404247849	79	76
Epithelial_cells	Ep_M20	Ep_M19	Pituitary/Pineal gland progenitors	Pituitary gland cells	Developmental progression	0.080341	-0.080341	0.122428554403527	0.0420872504252842	77	75
Epithelial_cells	Ep_M5	Ep_M9	Branchial arch epithelium	Dental epithelial cells	Developmental progression	0.091995	0.091995	0.0656113704261951	0.157606168725526	86	90
Epithelial_cells	Ep_M5	Ep_M26	Branchial arch epithelium	Tooth junctional epithelium	Developmental progression	0.058622	-0.058622	0.0656113704261951	0.0069894524407889	86	83
Epithelial_cells	Ep_M21	Ep_M20	Placodal area	Pituitary/Pineal gland progenitors	Developmental progression	0.00609	0.00609	0.116338746850168	0.122428554403527	78	77
Epithelial_cells	Ep_M14	Ep_M13	Olfactory epithelial cells	Olfactory bulb cells	Developmental progression	0.014978	-0.014978	0.0292890835691831	0.0143109148550724	70	69
Epithelial_cells	Ep_M21	Ep_M16	Placodal area	Otic epithelial cells	Developmental progression	0.065938	-0.065938	0.116338746850168	0.0504007605109967	78	72
Epithelial_cells	Ep_M10	Ep_M7	Granular keratinocytes	Conjunctival goblet cells	Developmental progression	0.014477	-0.014477	0.0282803097136228	0.0138035012504465	66	88
Epithelial_cells	Ep_M10	Ep_M4	Granular keratinocytes	Bladder urothelial cells	Developmental progression	0.011036	-0.011036	0.0282803097136228	0.0172443936701362	66	85
Epithelial_cells	Ep_M10	Ep_M8	Granular keratinocytes	Corneal epithelial cells	Developmental progression	0.016504	-0.016504	0.0282803097136228	0.011776540919398	66	89
Epithelial_cells	Ep_M21	Ep_M25	Placodal area	Thyroid gland cells	Developmental progression	0.078161	-0.078161	0.116338746850168	0.038178143923391	78	82
Epithelial_cells	Ep_M21	Ep_M24	Placodal area	Thymic epithelial cells	Developmental progression	0.080081	-0.080081	0.116338746850168	0.0362581311306143	78	81
Epithelial_cells	Ep_M21	Ep_M17	Placodal area	Parathyroid epithelial cells	Developmental progression	0.039137	-0.039137	0.116338746850168	0.0772016936104696	78	73
Epithelial_cells	Ep_M24	Ep_M5	Thymic epithelial cells	Branchial arch epithelium	Developmental progression	0.029353	0.029353	0.0362581311306143	0.0656113704261951	81	86
Epithelial_cells	Ep_M16	Ep_M6	Otic epithelial cells	Cochlear hair cells	Developmental progression	0.038242	-0.038242	0.0504007605109967	0.0121587301587301	72	87
Epithelial_cells	Ep_M21	Ep_M12	Placodal area	Nonsensory cochlear epithelium	Developmental progression	0.094639	-0.094639	0.116338746850168	0.0216993464052287	78	68
Epithelial_cells	Ep_M5	Ep_M17	Branchial arch epithelium	Parathyroid epithelial cells	Developmental progression	0.01159	0.01159	0.0656113704261951	0.0772016936104696	86	73
Epithelial_cells	Ep_M15	Ep_M11	Olfactory pit cells	Lens epithelial cells	Developmental progression	0.0247	-0.0247	0.0616816701372203	0.0369815853236413	71	67
Epithelial_cells	Ep_M20	Ep_M18	Pituitary/Pineal gland progenitors	Pineal gland	Developmental progression	0.109658	-0.109658	0.122428554403527	0.0127701646090534	77	74
Brain_spinal_cord	BS_M54	BS_M15	Telencephalon	Dorsal telencephalon	Developmental progression	0.034352	-0.034352	0.109373441164647	0.0750209448616616	257	214
Brain_spinal_cord	BS_M20	BS_M34	Hindbrain	Floorplate and p3 domain	Developmental progression	0.063427	0.063427	0.194404347706721	0.257831102209815	220	235
Brain_spinal_cord	BS_M25	BS_M23	Midbrain	Hypothalamus (Sim1+)	Developmental progression	0.130354	0.130354	0.111195562915097	0.241549726438526	225	223
Brain_spinal_cord	BS_M40	BS_M35	Spinal cord/r7/r8	Posterior roof plate	Developmental progression	0.012633	-0.012633	0.20034856098446	0.187715459367514	242	236
Brain_spinal_cord	BS_M40	BS_M34	Spinal cord/r7/r8	Floorplate and p3 domain	Developmental progression	0.057483	0.057483	0.20034856098446	0.257831102209815	242	235
Brain_spinal_cord	BS_M14	BS_M15	Diencephalon	Dorsal telencephalon	Developmental progression	0.123681	-0.123681	0.198702006920801	0.0750209448616616	213	214
Brain_spinal_cord	BS_M27	BS_M2	Midbrain-hindbrain boundary	Anterior roof plate	Developmental progression	0.100705	-0.100705	0.169063178523438	0.0683586702095352	227	219
Brain_spinal_cord	BS_M14	BS_M23	Diencephalon	Hypothalamus (Sim1+)	Developmental progression	0.042848	0.042848	0.198702006920801	0.241549726438526	213	223
Brain_spinal_cord	BS_M22	BS_M23	Hypothalamus	Hypothalamus (Sim1+)	Developmental progression	0.047025	-0.047025	0.288575040460044	0.241549726438526	222	223
Brain_spinal_cord	BS_M27	BS_M34	Midbrain-hindbrain boundary	Floorplate and p3 domain	Developmental progression	0.088768	0.088768	0.169063178523438	0.257831102209815	227	235
Brain_spinal_cord	BS_M44	BS_M18	Spinal dI4 interneurons	GABAergic neurons (after E13.0)	Developmental progression	0.002017	-0.002017	0.0685788652515395	0.0665618987890793	246	217
Brain_spinal_cord	BS_M45	BS_M19	Spinal dI5 interneurons	Glutamatergic neurons (after E13.0)	Developmental progression	0.031235	-0.031235	0.0908732471376854	0.0596380055049316	247	218
Brain_spinal_cord	BS_M13	BS_M19	Di/mesencephalon glutamatergic neurons	Glutamatergic neurons (after E13.0)	Developmental progression	0.003335	-0.003335	0.0629731950242009	0.0596380055049316	212	218
Brain_spinal_cord	BS_M17	BS_M18	GABAergic cortical interneurons	GABAergic neurons (after E13.0)	Developmental progression	0.002043	-0.002043	0.0686051464367104	0.0665618987890793	216	217
Brain_spinal_cord	BS_M41	BS_M19	Spinal dI1 interneurons	Glutamatergic neurons (after E13.0)	Developmental progression	0.005685	-0.005685	0.0653231093356633	0.0596380055049316	243	218
Brain_spinal_cord	BS_M12	BS_M18	Di/mesencephalon GABAergic neurons	GABAergic neurons (after E13.0)	Developmental progression	0.037311	-0.037311	0.103872811917649	0.0665618987890793	211	217
Brain_spinal_cord	BS_M11	BS_M53	Deep-layer neurons	Subplate neurons	Developmental progression	0.007092	-0.007092	0.0369367331357213	0.0298443689629836	210	256
Brain_spinal_cord	BS_M21	BS_M19	Hypothalamic Sim1 neurons	Glutamatergic neurons (after E13.0)	Developmental progression	0.055952	-0.055952	0.115590498858093	0.0596380055049316	221	218
Brain_spinal_cord	BS_M54	BS_M24	Telencephalon	Intermediate neuronal progenitors	Developmental progression	0.087108	-0.087108	0.109373441164647	0.0222655770287976	257	224
Brain_spinal_cord	BS_M54	BS_M17	Telencephalon	GABAergic cortical interneurons	Developmental progression	0.040768	-0.040768	0.109373441164647	0.0686051464367104	257	216
Brain_spinal_cord	BS_M48	BS_M18	Spinal V1 interneurons	GABAergic neurons (after E13.0)	Developmental progression	0.09233	-0.09233	0.158891732397451	0.0665618987890793	250	217
Brain_spinal_cord	BS_M31	BS_M40	NMPs and spinal cord progenitors	Spinal cord/r7/r8	Developmental progression	0.085671	-0.085671	0.286019186450505	0.20034856098446	232	242
Brain_spinal_cord	BS_M56	BS_M53	Upper-layer neurons	Subplate neurons	Developmental progression	0.011209	0.011209	0.0186351884516241	0.0298443689629836	259	256
Brain_spinal_cord	BS_M54	BS_M3	Telencephalon	Astrocytes	Developmental progression	0.109398	0.109398	0.109373441164647	0.218771390114909	257	230
Brain_spinal_cord	BS_M42	BS_M19	Spinal dI2 interneurons	Glutamatergic neurons (after E13.0)	Developmental progression	0.015497	-0.015497	0.0751345889529104	0.0596380055049316	244	218
Brain_spinal_cord	BS_M26	BS_M19	Midbrain dopaminergic neurons	Glutamatergic neurons (after E13.0)	Developmental progression	0.035519	-0.035519	0.0951567671212429	0.0596380055049316	226	218
Brain_spinal_cord	BS_M48	BS_M46	Spinal V1 interneurons	Spinal dI6 interneurons	Developmental progression	0.059052	-0.059052	0.158891732397451	0.0998397609267841	250	248
Brain_spinal_cord	BS_M40	BS_M29	Spinal cord/r7/r8	Neural progenitor cells (Neurod1+)	Developmental progression	0.050001	-0.050001	0.20034856098446	0.150347214044974	242	229
Brain_spinal_cord	BS_M46	BS_M18	Spinal dI6 interneurons	GABAergic neurons (after E13.0)	Developmental progression	0.033278	-0.033278	0.0998397609267841	0.0665618987890793	248	217
Brain_spinal_cord	BS_M50	BS_M18	Spinal V2b interneurons	GABAergic neurons (after E13.0)	Developmental progression	0.032033	-0.032033	0.0985949269297624	0.0665618987890793	253	217
Brain_spinal_cord	BS_M24	BS_M11	Intermediate neuronal progenitors	Deep-layer neurons	Developmental progression	0.014671	0.014671	0.0222655770287976	0.0369367331357213	224	210
Brain_spinal_cord	BS_M40	BS_M48	Spinal cord/r7/r8	Spinal V1 interneurons	Developmental progression	0.041457	-0.041457	0.20034856098446	0.158891732397451	242	250
Brain_spinal_cord	BS_M24	BS_M56	Intermediate neuronal progenitors	Upper-layer neurons	Developmental progression	0.00363	-0.00363	0.0222655770287976	0.0186351884516241	224	259
Brain_spinal_cord	BS_M43	BS_M19	Spinal dI3 interneurons	Glutamatergic neurons (after E13.0)	Developmental progression	0.03233	-0.03233	0.0919675276388332	0.0596380055049316	245	218
Brain_spinal_cord	BS_M42	BS_M47	Spinal dI2 interneurons	Spinal V0 interneurons	Developmental progression	0.038845	0.038845	0.0751345889529104	0.113979929831958	244	249
Brain_spinal_cord	BS_M20	BS_M3	Hindbrain	Astrocytes	Developmental progression	0.024367	0.024367	0.194404347706721	0.218771390114909	220	230
Brain_spinal_cord	BS_M40	BS_M3	Spinal cord/r7/r8	Astrocytes	Developmental progression	0.018423	0.018423	0.20034856098446	0.218771390114909	242	230
Brain_spinal_cord	BS_M49	BS_M19	Spinal V2a interneurons	Glutamatergic neurons (after E13.0)	Developmental progression	0.067041	-0.067041	0.126678959004791	0.0596380055049316	251	218
Brain_spinal_cord	BS_M47	BS_M19	Spinal V0 interneurons	Glutamatergic neurons (after E13.0)	Developmental progression	0.054342	-0.054342	0.113979929831958	0.0596380055049316	249	218
Brain_spinal_cord	BS_M3	BS_M28	Astrocytes	Multiciliated ependymal cells	Developmental progression	0.085991	-0.085991	0.218771390114909	0.132780523277847	230	228
Brain_spinal_cord	BS_M40	BS_M45	Spinal cord/r7/r8	Spinal dI5 interneurons	Developmental progression	0.109475	-0.109475	0.20034856098446	0.0908732471376854	242	247
Brain_spinal_cord	BS_M40	BS_M44	Spinal cord/r7/r8	Spinal dI4 interneurons	Developmental progression	0.13177	-0.13177	0.20034856098446	0.0685788652515395	242	246
Brain_spinal_cord	BS_M51	BS_M19	Spinal V3 interneurons	Glutamatergic neurons (after E13.0)	Developmental progression	0.133297	-0.133297	0.192935423593941	0.0596380055049316	254	218
Brain_spinal_cord	BS_M33	BS_M8	Oligodendrocyte progenitor cells	Committed oligodendrocyte precursors	Developmental progression	0.011762	0.011762	0.0846382603363418	0.0964004078907364	234	262
Brain_spinal_cord	BS_M3	BS_M33	Astrocytes	Oligodendrocyte progenitor cells	Developmental progression	0.134133	-0.134133	0.218771390114909	0.0846382603363418	230	234
Brain_spinal_cord	BS_M20	BS_M6	Hindbrain	Cerebellum-related cells	Developmental progression	0.027203	0.027203	0.194404347706721	0.221606887928188	220	260
Brain_spinal_cord	BS_M40	BS_M38	Spinal cord/r7/r8	Spinal cord motor neurons	Developmental progression	0.071291	-0.071291	0.20034856098446	0.129057282206927	242	239
Brain_spinal_cord	BS_M45	BS_M43	Spinal dI5 interneurons	Spinal dI3 interneurons	Developmental progression	0.001094	0.001094	0.0908732471376854	0.0919675276388332	247	245
Brain_spinal_cord	BS_M20	BS_M41	Hindbrain	Spinal dI1 interneurons	Developmental progression	0.129081	-0.129081	0.194404347706721	0.0653231093356633	220	243
Brain_spinal_cord	BS_M42	BS_M5	Spinal dI2 interneurons	Cerebellar Purkinje cells	Developmental progression	0.044113	-0.044113	0.0751345889529104	0.031021598872637	244	252
Brain_spinal_cord	BS_M25	BS_M13	Midbrain	Di/mesencephalon glutamatergic neurons	Developmental progression	0.048222	-0.048222	0.111195562915097	0.0629731950242009	225	212
Brain_spinal_cord	BS_M20	BS_M30	Hindbrain	Neural progenitor cells (Ror1+)	Developmental progression	0.102178	-0.102178	0.194404347706721	0.0922267155414433	220	231
Brain_spinal_cord	BS_M52	BS_M19	Striatal projection neurons	Glutamatergic neurons (after E13.0)	Developmental progression	0.000363	-0.000363	0.0600005944867049	0.0596380055049316	255	218
Brain_spinal_cord	BS_M15	BS_M7	Dorsal telencephalon	Choroid plexus	Developmental progression	0.015314	0.015314	0.0750209448616616	0.090335119315514	214	261
Brain_spinal_cord	BS_M40	BS_M42	Spinal cord/r7/r8	Spinal dI2 interneurons	Developmental progression	0.125214	-0.125214	0.20034856098446	0.0751345889529104	242	244
Brain_spinal_cord	BS_M54	BS_M4	Telencephalon	Cajal-Retzius cells	Developmental progression	0.073839	-0.073839	0.109373441164647	0.0355346151882381	257	241
Brain_spinal_cord	BS_M25	BS_M12	Midbrain	Di/mesencephalon GABAergic neurons	Developmental progression	0.007323	-0.007323	0.111195562915097	0.103872811917649	225	211
Brain_spinal_cord	BS_M14	BS_M55	Diencephalon	Thalamic neuronal precursors	Developmental progression	0.153731	-0.153731	0.198702006920801	0.0449708244819441	213	258
Brain_spinal_cord	BS_M2	BS_M7	Anterior roof plate	Choroid plexus	Developmental progression	0.021976	0.021976	0.0683586702095352	0.090335119315514	219	261
Brain_spinal_cord	BS_M24	BS_M9	Intermediate neuronal progenitors	Cortical Interneurons (Prox1+)	Developmental progression	0.011951	0.011951	0.0222655770287976	0.03421632528649	224	263
Brain_spinal_cord	BS_M34	BS_M10	Floorplate and p3 domain	Cranial motor neurons	Developmental progression	0.106466	-0.106466	0.257831102209815	0.151365557824696	235	209
Brain_spinal_cord	BS_M25	BS_M52	Midbrain	Striatal projection neurons	Developmental progression	0.051195	-0.051195	0.111195562915097	0.0600005944867049	225	255
Brain_spinal_cord	BS_M6	BS_M28	Cerebellum-related cells	Multiciliated ependymal cells	Developmental progression	0.088826	-0.088826	0.221606887928188	0.132780523277847	260	228
Brain_spinal_cord	BS_M34	BS_M28	Floorplate and p3 domain	Multiciliated ependymal cells	Developmental progression	0.125051	-0.125051	0.257831102209815	0.132780523277847	235	228
Brain_spinal_cord	BS_M23	BS_M21	Hypothalamus (Sim1+)	Hypothalamic Sim1 neurons	Developmental progression	0.125959	-0.125959	0.241549726438526	0.115590498858093	223	221
Brain_spinal_cord	BS_M34	BS_M32	Floorplate and p3 domain	Neurons (Slc17a8+)	Developmental progression	0.115929	-0.115929	0.257831102209815	0.141902440321808	235	233
Brain_spinal_cord	BS_M40	BS_M49	Spinal cord/r7/r8	Spinal V2a interneurons	Developmental progression	0.07367	-0.07367	0.20034856098446	0.126678959004791	242	251
Brain_spinal_cord	BS_M1	BS_M26	Anterior floor plate	Midbrain dopaminergic neurons	Developmental progression	0.078764	-0.078764	0.17392096368855	0.0951567671212429	208	226
Brain_spinal_cord	BS_M7	BS_M16	Choroid plexus	Ependymal cells	Developmental progression	0.042498	-0.042498	0.090335119315514	0.0478373648942709	261	215
Brain_spinal_cord	BS_M21	BS_M36	Hypothalamic Sim1 neurons	Precerebellar neurons	Developmental progression	0.028106	-0.028106	0.115590498858093	0.0874845460209683	221	237
Brain_spinal_cord	BS_M47	BS_M36	Spinal V0 interneurons	Precerebellar neurons	Developmental progression	0.026495	-0.026495	0.113979929831958	0.0874845460209683	249	237
Brain_spinal_cord	BS_M40	BS_M51	Spinal cord/r7/r8	Spinal V3 interneurons	Developmental progression	0.007413	-0.007413	0.20034856098446	0.192935423593941	242	254
Brain_spinal_cord	BS_M40	BS_M50	Spinal cord/r7/r8	Spinal V2b interneurons	Developmental progression	0.101754	-0.101754	0.20034856098446	0.0985949269297624	242	253
Brain_spinal_cord	BS_M54	BS_M33	Telencephalon	Oligodendrocyte progenitor cells	Developmental progression	0.024735	-0.024735	0.109373441164647	0.0846382603363418	257	234
Brain_spinal_cord	BS_M20	BS_M33	Hindbrain	Oligodendrocyte progenitor cells	Developmental progression	0.109766	-0.109766	0.194404347706721	0.0846382603363418	220	234
Gastrulation_E8.5b	Ga_M12	L_M8	Cardiogenic mesoderm	First heart field	Dataset equivalence	0.0369626331909681	0.0369626331909681	0.0031095907766375	0.0400722239676056	28	179
Gastrulation_E8.5b	Ga_M26	L_M8	Lateral plate mesoderm	First heart field	Dataset equivalence	0.0220414315472783	0.0220414315472783	0.0180307924203273	0.0400722239676056	42	179
Gastrulation_E8.5b	Ga_M21	G_M8	Gut	Gut	Dataset equivalence	0.145126807858515	0.145126807858515	0.0180522737927801	0.163179081651295	37	123
Gastrulation_E8.5b	Ga_M22	L_M13	Gut mesenchyme	Gut mesenchyme	Dataset equivalence	0.229282654419906	0.229282654419906	0.0743738132498696	0.303656467669776	38	157
Gastrulation_E8.5b	Ga_M23	En_M7	Hematoendothelial progenitors	Hematoendothelial progenitors	Dataset equivalence	NA	NA	0.0010999914464117	NA	39	62
Gastrulation_E8.5b	Ga_M17	En_M7	Endothelium	Hematoendothelial progenitors	Dataset equivalence	NA	NA	0.000744512333107	NA	33	62
Gastrulation_E8.5b	Ga_M24	BS_M20	Hindbrain	Hindbrain	Dataset equivalence	0.184099954941864	0.184099954941864	0.0103043927648578	0.194404347706721	40	220
Brain_spinal_cord	BS_M20	BS_M2	Hindbrain	Anterior roof plate	Developmental progression	0.126045677497186	-0.126045677497186	0.194404347706721	0.0683586702095352	220	219
Gastrulation_E8.5b	Ga_M27	BS_M25	Midbrain	Midbrain	Dataset equivalence	0.10735426722201	0.10735426722201	0.0038412956930872	0.111195562915097	43	225
Gastrulation_E8.5b	Ga_M31	M_M11	Paraxial mesoderm (Tbx6+)	Mesodermal progenitors (Tbx6+)	Dataset equivalence	0.196739995127424	0.196739995127424	0.0069135722626425	0.203653567390066	47	266
Gastrulation_E8.5b	Ga_M27	BS_M27	Midbrain	Midbrain-hindbrain boundary	Dataset equivalence	0.165221882830351	0.165221882830351	0.0038412956930872	0.169063178523438	43	227
Gastrulation_E8.5b	Ga_M29	PG_M4	Neural crest	Neural crest (PNS glia)	Dataset equivalence	0.0584645791099568	0.0584645791099568	0.0002769301895515	0.0587415092995083	45	128
Gastrulation_E8.5b	Ga_M14	BS_M31	CLE and NMPs	NMPs and spinal cord progenitors	Dataset equivalence	0.279927550944807	0.279927550944807	0.006091635505698	0.286019186450505	30	232
Gastrulation_E8.5b	Ga_M30	No_M1	Notochord	Notochord	Dataset equivalence	0.251804966762825	0.251804966762825	0.0314645191409897	0.283269485903814	46	282
Gastrulation_E8.5b	Ga_M36	Ep_M14	Surface ectoderm	Olfactory epithelial cells	Dataset equivalence	0.0266775152924986	0.0266775152924986	0.0026115682766845	0.0292890835691831	52	70
Gastrulation_E8.5b	Ga_M36	Ep_M16	Surface ectoderm	Otic epithelial cells	Dataset equivalence	0.0477891922343122	0.0477891922343122	0.0026115682766845	0.0504007605109967	52	72
Gastrulation_E8.5b	Ga_M36	Ep_M21	Surface ectoderm	Placodal area	Dataset equivalence	0.113727178573484	0.113727178573484	0.0026115682766845	0.116338746850168	52	78
Gastrulation_E8.5b	Ga_M19	BS_M34	Floor plate	Floorplate and p3 domain	Dataset equivalence	0.161255305482855	0.161255305482855	0.0965757967269595	0.257831102209815	35	235
Gastrulation_E8.5b	Ga_M35	BS_M35	Spinal cord	Posterior roof plate	Dataset equivalence	0.172040317248651	0.172040317248651	0.015675142118863	0.187715459367514	51	236
Gastrulation_E8.5b	Ga_M36	Ep_M22	Surface ectoderm	Pre-epidermal keratinocytes	Dataset equivalence	0.0657161066474135	0.0657161066474135	0.0026115682766845	0.068327674924098	52	79
Gastrulation_E8.5b	Ga_M33	B_M24	Primitive erythroid cells	Primitive erythroid cells	Dataset equivalence	NA	NA	0.0004304977883409	NA	49	197
Gastrulation_E8.5b	Ga_M34	Ep_M23	Primordial germ cells	Primordial germ cells	Dataset equivalence	NA	NA	0.002028947368421	NA	50	80
Gastrulation_E8.5b	Ga_M25	R_M10	Intermediate mesoderm	Posterior intermediate mesoderm	Dataset equivalence	0.0553511164704214	0.0553511164704214	0.0089153091060985	0.0642664255765199	41	140
Gastrulation_E8.5b	Ga_M7	L_M3	Allantois	Allantois	Dataset equivalence	NA	NA	0.0045471152322079	NA	23	174
Gastrulation_E8.5b	Ga_M8	Ep_M1	Amniotic ectoderm	Amniotic ectoderm	Dataset equivalence	NA	NA	0.0015600084817642	NA	24	65
Gastrulation_E8.5b	Ga_M9	L_M4	Amniotic mesoderm	Amniotic mesoderm	Dataset equivalence	NA	NA	0.0083873456790123	NA	25	175
Gastrulation_E8.5b	Ga_M19	BS_M1	Floor plate	Anterior floor plate	Dataset equivalence	0.0773451669615904	0.0773451669615904	0.0965757967269595	0.17392096368855	35	208
Gastrulation_E8.5b	Ga_M25	R_M1	Intermediate mesoderm	Anterior intermediate mesoderm	Dataset equivalence	0.0251017696601518	0.0251017696601518	0.0089153091060985	0.0340170787662503	41	139
Gastrulation_E8.5b	Ga_M24	BS_M2	Hindbrain	Anterior roof plate	Dataset equivalence	0.0580542774446774	0.0580542774446774	0.0103043927648578	0.0683586702095352	40	219
Gastrulation_E8.5b	Ga_M17	En_M1	Endothelium	Arterial endothelial cells	Dataset equivalence	NA	NA	0.000744512333107	NA	33	53
Gastrulation_E8.5b	Ga_M13	L_M6	Cardiopharyngeal mesoderm	Cardiopharyngeal mesoderm	Dataset equivalence	NA	NA	0.0099859480076282	NA	29	177
Gastrulation_E8.5b	Ga_M32	M_M7	Paraxial mesoderm (Tbx6-)	Dermomyotome	Dataset equivalence	0.151192154084144	0.151192154084144	0.0165324893609412	0.167724643445085	48	279
Gastrulation_E8.5b	Ga_M20	BS_M14	Forebrain	Diencephalon	Dataset equivalence	0.189490048286169	0.189490048286169	0.0092119586346318	0.198702006920801	36	213
Gastrulation_E8.5b	Ga_M17	En_M5	Endothelium	Endothelium	Dataset equivalence	0.0278000435734618	0.0278000435734618	0.000744512333107	0.0285445559065688	33	60
Gastrulation_E8.5b	Ga_M23	En_M5	Hematoendothelial progenitors	Endothelium	Dataset equivalence	0.0274445644601571	0.0274445644601571	0.0010999914464117	0.0285445559065688	39	60
Gastrulation_E8.5b	Ga_M18	L_M7	Extraembryonic mesoderm	Extraembryonic mesoderm	Dataset equivalence	0.0632803158499148	0.0632803158499148	0.0240241077019411	0.0873044235518559	34	178
Gastrulation_E8.5b	Ga_M3	G_M6	Extraembryonic visceral endoderm	Extraembryonic visceral endoderm	Dataset equivalence	NA	NA	0.0108630853661039	NA	19	121
Gastrulation_E8.5b	Ga_M20	Ey_M7	Forebrain	Eye field	Dataset equivalence	0.0745376832724686	0.0745376832724686	0.0092119586346318	0.0837496419071004	36	106
Gastrulation_E8.5b	Ga_M32	M_M9	Paraxial mesoderm (Tbx6-)	Facial mesenchyme	Dataset equivalence	0.150159674327673	0.150159674327673	0.0165324893609412	0.166692163688614	48	281
Gastrulation_E8.5b	Ga_M29	M_M9	Neural crest	Facial mesenchyme	Dataset equivalence	0.166415233499063	0.166415233499063	0.0002769301895515	0.166692163688614	45	281
Gastrulation_E8.5b	Ga_M26	L_M24	Lateral plate mesoderm	Somatic mesoderm	Dataset equivalence	0.0245940470379204	0.0245940470379204	0.0180307924203273	0.0426248394582477	42	169
Gastrulation_E8.5b	Ga_M35	BS_M40	Spinal cord	Spinal cord/r7/r8	Dataset equivalence	0.184673418865597	0.184673418865597	0.015675142118863	0.20034856098446	51	242
Gastrulation_E8.5b	Ga_M26	L_M25	Lateral plate mesoderm	Splanchnic mesoderm	Dataset equivalence	0.132686949353772	0.132686949353772	0.0180307924203273	0.150717741774099	42	170
Gastrulation_E8.5b	Ga_M20	BS_M54	Forebrain	Telencephalon	Dataset equivalence	0.100161482530016	0.100161482530016	0.0092119586346318	0.109373441164647	36	257
Endothelium	En_M7	En_M5	Hematoendothelial progenitors	Endothelium	Developmental progression	NA	NA	NA	0.0285445559065688	62	60
Endothelium	En_M5	En_M1	Endothelium	Arterial endothelial cells	Developmental progression	NA	NA	0.0285445559065688	NA	60	53
Lateral_plate_mesoderm	L_M7	L_M3	Extraembryonic mesoderm	Allantois	Developmental progression	NA	NA	0.0873044235518559	NA	178	174
Gastrulation_E8.5b	Ga_M20	BS_M22	Forebrain	Hypothalamus	Dataset equivalence	0.279363081825413	0.279363081825413	0.0092119586346318	0.288575040460044	36	222
Gastrulation_E8.5b	Ga_M26	L_M22	Lateral plate mesoderm	Second heart field	Dataset equivalence	0.0639065995942487	0.0639065995942487	0.0180307924203273	0.081937392014576	42	167
Gastrulation_E8.5b	Ga_M29	PN_M4	Neural crest	Neural crest (PNS neurons)	Dataset equivalence	0.0323047392457897	0.0323047392457897	0.0002769301895515	0.0325816694353412	45	134
Gastrulation_E8.5b	Ga_M32	M_M18	Paraxial mesoderm (Tbx6-)	Sclerotome	Dataset equivalence	0.196667493427993	0.196667493427993	0.0165324893609412	0.213199982788934	48	273
Gastrulation_E8.5b	Ga_M12	L_M22	Cardiogenic mesoderm	Second heart field	Dataset equivalence	0.0788278012379385	0.0788278012379385	0.0031095907766375	0.081937392014576	28	167
Gastrulation_E8.5b	Ga_M11	B_M11	Blood progenitors	Hematopoietic stem cells (Cd34+)	Dataset equivalence	0.0153890320550359	0.0153890320550359	0.0004122453548242	0.0158012774098601	27	183
Lateral_plate_mesoderm	L_M22	L_M5	Second heart field	Atrial cardiomyocytes	Developmental progression	0.063567	-0.063567	NA	NA	167	176
