system	meta_group	celltype_new	sh_w	id
Pre_gastrulation	PGa_M1	Oocyte	0.00609434159508863	1
Pre_gastrulation	PGa_M2	1-cell	0.00182557232433535	2
Pre_gastrulation	PGa_M3	2-cell	0.00595921713737653	3
Pre_gastrulation	PGa_M4	4-cell	0.00512236894228108	4
Pre_gastrulation	PGa_M5	8-cell	-0.0230316873914206	5
Pre_gastrulation	PGa_M6	Morula	-0.0042801994542779	6
Pre_gastrulation	PGa_M7	Inner cell mass	0.0054410149940789	7
Pre_gastrulation	PGa_M8	Trophectoderm	0.000964900192524065	8
Pre_gastrulation	PGa_M9	Extraembryonic ectoderm	-0.00528061597821118	9
Pre_gastrulation	PGa_M10	Hypoblast	0.0144533443210647	10
Pre_gastrulation	PGa_M11	Parietal endoderm	-0.0108734456078856	11
Pre_gastrulation	PGa_M12	Visceral endoderm	0.00221053269279087	12
Pre_gastrulation	PGa_M13	Extraembryonic visceral endoderm	-0.00863698639234133	13
Pre_gastrulation	PGa_M14	Embryonic visceral endoderm	0.00984730206657994	14
Pre_gastrulation	PGa_M15	Epiblast	-0.000631930794872266	15
Pre_gastrulation	PGa_M16	Primitive streak	-0.0102501884050779	16
Gastrulation	Ga_M1	Extraembryonic ectoderm	0.013011855756494	17
Gastrulation	Ga_M2	Parietal endoderm	0.0046432264613344	18
Gastrulation	Ga_M3	Extraembryonic visceral endoderm	0.0108630853661039	19
Gastrulation	Ga_M4	Embryonic visceral endoderm	-0.0164896243138248	20
Gastrulation	Ga_M5	Epiblast	0.00532048321486284	21
Gastrulation	Ga_M6	Primitive streak	-0.0133101941457739	22
Gastrulation	Ga_M7	Allantois	0.00323772379942135	23
Gastrulation	Ga_M8	Amniotic ectoderm	0.0015600084817642	24
Gastrulation	Ga_M9	Amniotic mesoderm	0.0083873456790123	25
Gastrulation	Ga_M10	Anterior primitive streak	NA	26
Gastrulation	Ga_M11	Blood progenitors	0.0004122453548242	27
Gastrulation	Ga_M12	Cardiogenic mesoderm	0.0031095907766375	28
Gastrulation	Ga_M13	Cardiopharyngeal mesoderm	0.0099859480076282	29
Gastrulation	Ga_M14	CLE and NMPs	0.006091635505698	30
Gastrulation	Ga_M15	Definitive ectoderm	NA	31
Gastrulation	Ga_M16	Definitive endoderm	NA	32
Gastrulation	Ga_M17	Endothelium	0.000687868669674448	33
Gastrulation	Ga_M18	Extraembryonic mesoderm	0.0240241077019411	34
Gastrulation	Ga_M19	Floor plate	0.0965757967269595	35
Gastrulation	Ga_M20	Forebrain	0.0092119586346318	36
Gastrulation	Ga_M21	Gut	0.0177173100500561	37
Gastrulation	Ga_M22	Gut mesenchyme	0.0743738132498696	38
Gastrulation	Ga_M23	Hematoendothelial progenitors	0.0010999914464117	39
Gastrulation	Ga_M24	Hindbrain	0.0103043927648578	40
Gastrulation	Ga_M25	Intermediate mesoderm	0.00823321073440661	41
Gastrulation	Ga_M26	Lateral plate mesoderm	0.0180307924203273	42
Gastrulation	Ga_M27	Midbrain	0.0038412956930872	43
Gastrulation	Ga_M28	Nascent mesoderm	0.00300795544948289	44
Gastrulation	Ga_M29	Neural crest	0.000287949517833507	45
Gastrulation	Ga_M30	Notochord	0.0337371685743263	46
Gastrulation	Ga_M31	Paraxial mesoderm (Tbx6+)	0.0069135722626425	47
Gastrulation	Ga_M32	Paraxial mesoderm (Tbx6-)	0.0165324893609412	48
Gastrulation	Ga_M33	Primitive erythroid cells	0.0004304977883409	49
Gastrulation	Ga_M34	Primordial germ cells	0.002028947368421	50
Gastrulation	Ga_M35	Spinal cord	0.0175179039151028	51
Gastrulation	Ga_M36	Surface ectoderm	0.00250713894361021	52
Endothelium	En_M1	Arterial endothelial cells	NA	53
Endothelium	En_M10	Microvascular endothelial cells	0.0209879089615931	54
Endothelium	En_M11	Pericytes	0.0609145183604095	55
Endothelium	En_M12	Venous and capillary endothelial cells	0.0190406602863132	56
Endothelium	En_M2	Brain capillary endothelial cells	0.0187198468644545	57
Endothelium	En_M3	Brain pericytes	0.0159403434399287	58
Endothelium	En_M4	Endocardial cells	0.0284576868105401	59
Endothelium	En_M5	Endothelium	0.0285445559065688	60
Endothelium	En_M6	Glomerular endothelial cells	0.0355606357031993	61
Endothelium	En_M7	Hematoendothelial progenitors	NA	62
Endothelium	En_M8	Liver sinusoidal endothelial cells	0.018327244262638	63
Endothelium	En_M9	Lymphatic vessel endothelial cells	0.0386245817228839	64
Epithelial_cells	Ep_M1	Amniotic ectoderm	NA	65
Epithelial_cells	Ep_M10	Granular keratinocytes	0.0282803097136228	66
Epithelial_cells	Ep_M11	Lens epithelial cells	0.0369815853236413	67
Epithelial_cells	Ep_M12	Nonsensory cochlear epithelium	0.0216993464052287	68
Epithelial_cells	Ep_M13	Olfactory bulb cells	0.0143109148550724	69
Epithelial_cells	Ep_M14	Olfactory epithelial cells	0.0292890835691831	70
Epithelial_cells	Ep_M15	Olfactory pit cells	0.0616816701372203	71
Epithelial_cells	Ep_M16	Otic epithelial cells	0.0504007605109967	72
Epithelial_cells	Ep_M17	Parathyroid epithelial cells	0.0772016936104696	73
Epithelial_cells	Ep_M18	Pineal gland	0.0127701646090534	74
Epithelial_cells	Ep_M19	Pituitary gland cells	0.0420872504252842	75
Epithelial_cells	Ep_M2	Apical ectodermal ridge	0.0486001404247849	76
Epithelial_cells	Ep_M20	Pituitary/Pineal gland progenitors	0.122428554403527	77
Epithelial_cells	Ep_M21	Placodal area	0.116338746850168	78
Epithelial_cells	Ep_M22	Pre-epidermal keratinocytes	0.068327674924098	79
Epithelial_cells	Ep_M23	Primordial germ cells	NA	80
Epithelial_cells	Ep_M24	Thymic epithelial cells	0.0362581311306143	81
Epithelial_cells	Ep_M25	Thyroid gland cells	0.038178143923391	82
Epithelial_cells	Ep_M26	Tooth junctional epithelium	0.0069894524407889	83
Epithelial_cells	Ep_M3	Basal keratinocytes	0.166734129617341	84
Epithelial_cells	Ep_M4	Bladder urothelial cells	0.0172443936701362	85
Epithelial_cells	Ep_M5	Branchial arch epithelium	0.0656113704261951	86
Epithelial_cells	Ep_M6	Cochlear hair cells	0.0121587301587301	87
Epithelial_cells	Ep_M7	Conjunctival goblet cells	0.0138035012504465	88
Epithelial_cells	Ep_M8	Corneal epithelial cells	0.011776540919398	89
Epithelial_cells	Ep_M9	Dental epithelial cells	0.157606168725526	90
Eye	Ey_M1	Amacrine cells	0.0142520734629868	91
Eye	Ey_M10	Naive retinal progenitor cells	0.132846308913054	92
Eye	Ey_M11	Optic stalk	0.100226464821779	93
Eye	Ey_M12	Photoreceptor precursor cells	0.0217245729676093	94
Eye	Ey_M13	PV-containing retinal ganglion cells	0.0137190350102971	95
Eye	Ey_M14	Retinal ganglion cells	0.0135238307880086	96
Eye	Ey_M15	Retinal pigment cells	0.063407190348893	97
Eye	Ey_M16	Retinal progenitor cells	0.0466714374407737	98
Eye	Ey_M17	Rod precursor cells	0.0202575444565965	99
Eye	Ey_M18	Suprachiasmatic nucleus	0.0847104315550385	100
Eye	Ey_M2	Amacrine/Horizontal precursor cells	0.018701741904885	101
Eye	Ey_M3	Bipolar precursor cells	0.0247726680986786	102
Eye	Ey_M4	Cholinergic amacrine cells	0.0264220040517375	103
Eye	Ey_M5	Ciliary margin cells	0.0452493486590038	104
Eye	Ey_M6	Cone precursor cells	0.0233325595790776	105
Eye	Ey_M7	Eye field	0.0837496419071004	106
Eye	Ey_M8	Horizontal cells	0.0214731379731379	107
Eye	Ey_M9	Iris pigment epithelium	0.0430335960960961	108
Gut	G_M1	Airway club cells	0.0303532531573719	109
Gut	G_M10	Intestinal enteroendocrine cells	0.016891583747927	110
Gut	G_M11	Intestinal goblet cells	0.0139682903533906	111
Gut	G_M12	Lung cells (Eln+)	0.0697115465126015	112
Gut	G_M13	Lung progenitor cells	0.100682995262407	113
Gut	G_M14	Midgut/Hindgut epithelial cells	0.0158948908160066	114
Gut	G_M15	Pancreatic acinar cells	0.0433914242505115	115
Gut	G_M16	Pancreatic islets	0.0317077349458301	116
Gut	G_M2	Airway goblet cells	0.0203981481481481	117
Gut	G_M3	Alveolar Type 1 cells	0.0414359875551831	118
Gut	G_M4	Alveolar Type 2 cells	0.0222638260608227	119
Gut	G_M5	Biliary epithelial cells	0.0346118127312157	120
Gut	G_M6	Extraembryonic visceral endoderm	NA	121
Gut	G_M7	Foregut epithelial cells	0.0292375594497111	122
Gut	G_M8	Gut	0.163179081651295	123
Gut	G_M9	Hepatocytes	0.0275054040084861	124
PNS_glia	PG_M1	Melanocyte cells	0.0176525964166413	125
PNS_glia	PG_M2	Myelinating Schwann cells	0.0264183669933436	126
PNS_glia	PG_M3	Myelinating Schwann cells (Tgfb2+)	0.046237185164468	127
PNS_glia	PG_M4	Neural crest (PNS glia)	0.0587415092995083	128
PNS_glia	PG_M5	Olfactory ensheathing cells	0.0345636066773639	129
PNS_glia	PG_M6	Satellite glial cells	0.0676274018379281	130
PNS_neurons	PN_M1	Corticofugal neurons	0.0113603689189724	131
PNS_neurons	PN_M2	Dorsal root ganglion neurons	0.0130459925399131	132
PNS_neurons	PN_M3	Enteric neurons	0.0291462293712137	133
PNS_neurons	PN_M4	Neural crest (PNS neurons)	0.0325816694353412	134
PNS_neurons	PN_M5	Olfactory sensory neurons	0.0168344453051467	135
PNS_neurons	PN_M6	Otic sensory neurons	0.0396210975126069	136
PNS_neurons	PN_M7	Parasympathetic neurons	0.0271897787887252	137
PNS_neurons	PN_M8	Sympathetic neurons	0.0351394983093496	138
Renal	R_M1	Anterior intermediate mesoderm	0.0340170787662503	139
Renal	R_M10	Posterior intermediate mesoderm	0.0642664255765199	140
Renal	R_M11	Proximal tubule cells	0.0183765264026402	141
Renal	R_M12	Renal pericytes and mesangial cells	0.114835511982571	142
Renal	R_M13	Ureteric bud	0.0371302341480088	143
Renal	R_M14	Ureteric bud stalk	0.0611612635078969	144
Renal	R_M2	Ascending loop of Henle	0.0182113748198896	145
Renal	R_M3	Collecting duct intercalated cells	0.0550468509984639	146
Renal	R_M4	Collecting duct principal cells	0.0303777777777777	147
Renal	R_M5	Connecting tubule	0.0158192224195776	148
Renal	R_M6	Distal convoluted tubule	0.011098938098938	149
Renal	R_M7	Metanephric mesenchyme	0.053189821865728	150
Renal	R_M8	Nephron progenitors	0.0366297830374753	151
Renal	R_M9	Podocytes	0.0463763749402199	152
Lateral_plate_mesoderm	L_M1	Adrenocortical cells	0.032671223388743	153
Lateral_plate_mesoderm	L_M10	Gastrointestinal smooth muscle cells	0.175433626696003	154
Lateral_plate_mesoderm	L_M11	Gonad progenitor cells	0.0340977961432506	155
Lateral_plate_mesoderm	L_M12	Granulosa cells	0.0308148148148148	156
Lateral_plate_mesoderm	L_M13	Gut mesenchyme	0.303656467669776	157
Lateral_plate_mesoderm	L_M14	Hepatic mesenchyme	0.140350006688226	158
Lateral_plate_mesoderm	L_M15	Leydig cells	0.0664512471655328	159
Lateral_plate_mesoderm	L_M16	Limb mesenchyme progenitors	0.0712391219804276	160
Lateral_plate_mesoderm	L_M17	Lung mesenchyme	0.275575162340582	161
Lateral_plate_mesoderm	L_M18	Meninges	0.0316048724383103	162
Lateral_plate_mesoderm	L_M19	Mesothelial cells	0.104133533746545	163
Lateral_plate_mesoderm	L_M2	Airway smooth muscle cells	0.061525063258704	164
Lateral_plate_mesoderm	L_M20	Proepicardium	0.025752480261492	165
Lateral_plate_mesoderm	L_M21	Renal stromal cells	0.12250925440894	166
Lateral_plate_mesoderm	L_M22	Second heart field	0.081937392014576	167
Lateral_plate_mesoderm	L_M23	Sertoli cells	0.0642867946480511	168
Lateral_plate_mesoderm	L_M24	Somatic mesoderm	0.0426248394582477	169
Lateral_plate_mesoderm	L_M25	Splanchnic mesoderm	0.150717741774099	170
Lateral_plate_mesoderm	L_M26	Vascular smooth muscle cells	0.0327537031671794	171
Lateral_plate_mesoderm	L_M27	Vascular smooth muscle cells (Pparg+)	0.0175213189588189	172
Lateral_plate_mesoderm	L_M28	Ventricular cardiomyocytes	0.0173494868362338	173
Lateral_plate_mesoderm	L_M3	Allantois	NA	174
Lateral_plate_mesoderm	L_M4	Amniotic mesoderm	NA	175
Lateral_plate_mesoderm	L_M5	Atrial cardiomyocytes	0.0183703991705546	176
Lateral_plate_mesoderm	L_M6	Cardiopharyngeal mesoderm	NA	177
Lateral_plate_mesoderm	L_M7	Extraembryonic mesoderm	0.0873044235518559	178
Lateral_plate_mesoderm	L_M8	First heart field	0.0400722239676056	179
Lateral_plate_mesoderm	L_M9	Foregut mesenchyme	0.248403028674831	180
Blood	B_M1	Activated T cells	0.0147628421352934	181
Blood	B_M10	Granulocytes	0.0074462299909156	182
Blood	B_M11	Hematopoietic stem cells (Cd34+)	0.0158012774098601	183
Blood	B_M12	Hematopoietic stem cells (Mpo+)	0.0095232810638379	184
Blood	B_M13	Kupffer cells	0.0050524317296918	185
Blood	B_M14	Mast cells	0.023093093093093	186
Blood	B_M15	Megakaryocyte-erythroid progenitors	0.0264352485858886	187
Blood	B_M16	Megakaryocytes	0.0108026813441308	188
Blood	B_M17	Microglia	0.0088159018001537	189
Blood	B_M18	Monocytes	0.0056960540901705	190
Blood	B_M19	Monocytic myeloid-derived suppressor cells	0.0033044384265434	191
Blood	B_M2	Adipose tissue macrophages	0.0058215857862635	192
Blood	B_M20	Natural killer cells	0.0126941723892078	193
Blood	B_M21	Osteoclasts	0.0126250041796234	194
Blood	B_M22	Plasmacytoid dendritic cells	0.0237710162478554	195
Blood	B_M23	PMN myeloid-derived suppressor cells	0.0018243834785246	196
Blood	B_M24	Primitive erythroid cells	NA	197
Blood	B_M25	Regulatory T cells	0.0239902040816326	198
Blood	B_M26	T cells	0.017122393899583	199
Blood	B_M27	T-NK progenitors	0.0138961365363259	200
Blood	B_M3	B cell progenitors	0.0293317889317889	201
Blood	B_M4	B cells	0.014974537628415	202
Blood	B_M5	Border-associated macrophages	0.007769830191284	203
Blood	B_M6	Border-associated macrophages (Ms4a8a+)	0.0039840934684684	204
Blood	B_M7	Conventional dendritic cells	0.0095962704301857	205
Blood	B_M8	Definitive early erythroblasts (CD36-)	0.0188329592727741	206
Blood	B_M9	Definitive erythroblasts (CD36+)	0.0039714439901251	207
Brain_spinal_cord	BS_M1	Anterior floor plate	0.17392096368855	208
Brain_spinal_cord	BS_M10	Cranial motor neurons	0.151365557824696	209
Brain_spinal_cord	BS_M11	Deep-layer neurons	0.0369367331357213	210
Brain_spinal_cord	BS_M12	Di/mesencephalon GABAergic neurons	0.103872811917649	211
Brain_spinal_cord	BS_M13	Di/mesencephalon glutamatergic neurons	0.0629731950242009	212
Brain_spinal_cord	BS_M14	Diencephalon	0.198702006920801	213
Brain_spinal_cord	BS_M15	Dorsal telencephalon	0.0750209448616616	214
Brain_spinal_cord	BS_M16	Ependymal cells	0.0478373648942709	215
Brain_spinal_cord	BS_M17	GABAergic cortical interneurons	0.0686051464367104	216
Brain_spinal_cord	BS_M18	GABAergic neurons (after E13.0)	0.0665618987890793	217
Brain_spinal_cord	BS_M19	Glutamatergic neurons (after E13.0)	0.0596380055049316	218
Brain_spinal_cord	BS_M2	Anterior roof plate	0.0683586702095352	219
Brain_spinal_cord	BS_M20	Hindbrain	0.194404347706721	220
Brain_spinal_cord	BS_M21	Hypothalamic Sim1 neurons	0.115590498858093	221
Brain_spinal_cord	BS_M22	Hypothalamus	0.288575040460044	222
Brain_spinal_cord	BS_M23	Hypothalamus (Sim1+)	0.241549726438526	223
Brain_spinal_cord	BS_M24	Intermediate neuronal progenitors	0.0222655770287976	224
Brain_spinal_cord	BS_M25	Midbrain	0.111195562915097	225
Brain_spinal_cord	BS_M26	Midbrain dopaminergic neurons	0.0951567671212429	226
Brain_spinal_cord	BS_M27	Midbrain-hindbrain boundary	0.169063178523438	227
Brain_spinal_cord	BS_M28	Multiciliated ependymal cells	0.132780523277847	228
Brain_spinal_cord	BS_M29	Neural progenitor cells (Neurod1+)	0.150347214044974	229
Brain_spinal_cord	BS_M3	Astrocytes	0.218771390114909	230
Brain_spinal_cord	BS_M30	Neural progenitor cells (Ror1+)	0.0922267155414433	231
Brain_spinal_cord	BS_M31	NMPs and spinal cord progenitors	0.286019186450505	232
Brain_spinal_cord	BS_M32	Neurons (Slc17a8+)	0.141902440321808	233
Brain_spinal_cord	BS_M33	Oligodendrocyte progenitor cells	0.0846382603363418	234
Brain_spinal_cord	BS_M34	Floorplate and p3 domain	0.257831102209815	235
Brain_spinal_cord	BS_M35	Posterior roof plate	0.187715459367514	236
Brain_spinal_cord	BS_M36	Precerebellar neurons	0.0874845460209683	237
Brain_spinal_cord	BS_M37	Spinal cord dorsal progenitors (after E13.0)	NA	238
Brain_spinal_cord	BS_M38	Spinal cord motor neurons	0.129057282206927	239
Brain_spinal_cord	BS_M39	Spinal cord ventral progenitors (after E13.0)	NA	240
Brain_spinal_cord	BS_M4	Cajal-Retzius cells	0.0355346151882381	241
Brain_spinal_cord	BS_M40	Spinal cord/r7/r8	0.20034856098446	242
Brain_spinal_cord	BS_M41	Spinal dI1 interneurons	0.0653231093356633	243
Brain_spinal_cord	BS_M42	Spinal dI2 interneurons	0.0751345889529104	244
Brain_spinal_cord	BS_M43	Spinal dI3 interneurons	0.0919675276388332	245
Brain_spinal_cord	BS_M44	Spinal dI4 interneurons	0.0685788652515395	246
Brain_spinal_cord	BS_M45	Spinal dI5 interneurons	0.0908732471376854	247
Brain_spinal_cord	BS_M46	Spinal dI6 interneurons	0.0998397609267841	248
Brain_spinal_cord	BS_M47	Spinal V0 interneurons	0.113979929831958	249
Brain_spinal_cord	BS_M48	Spinal V1 interneurons	0.158891732397451	250
Brain_spinal_cord	BS_M49	Spinal V2a interneurons	0.126678959004791	251
Brain_spinal_cord	BS_M5	Cerebellar Purkinje cells	0.031021598872637	252
Brain_spinal_cord	BS_M50	Spinal V2b interneurons	0.0985949269297624	253
Brain_spinal_cord	BS_M51	Spinal V3 interneurons	0.192935423593941	254
Brain_spinal_cord	BS_M52	Striatal projection neurons	0.0600005944867049	255
Brain_spinal_cord	BS_M53	Subplate neurons	0.0298443689629836	256
Brain_spinal_cord	BS_M54	Telencephalon	0.109373441164647	257
Brain_spinal_cord	BS_M55	Thalamic neuronal precursors	0.0449708244819441	258
Brain_spinal_cord	BS_M56	Upper-layer neurons	0.0186351884516241	259
Brain_spinal_cord	BS_M6	Cerebellum-related cells	0.221606887928188	260
Brain_spinal_cord	BS_M7	Choroid plexus	0.090335119315514	261
Brain_spinal_cord	BS_M8	Committed oligodendrocyte precursors	0.0964004078907364	262
Brain_spinal_cord	BS_M9	Cortical Interneurons (Prox1+)	0.03421632528649	263
Mesoderm	M_M1	Adipocyte cells (Cyp2e1+)	0.0291599429378469	264
Mesoderm	M_M10	Fibroblasts	0.104950915147271	265
Mesoderm	M_M11	Mesodermal progenitors (Tbx6+)	0.203653567390066	266
Mesoderm	M_M12	Muscle progenitor cells	0.175475743225531	267
Mesoderm	M_M13	Muscle progenitor cells (Prdm1+)	0.11767405743322	268
Mesoderm	M_M14	Myoblasts	0.0770520506242563	269
Mesoderm	M_M15	Myofibroblasts	0.0397253035113405	270
Mesoderm	M_M16	Myotubes	0.0403787707280922	271
Mesoderm	M_M17	Pre-osteoblasts (Sp7+)	0.227826060316771	272
Mesoderm	M_M18	Sclerotome	0.213199982788934	273
Mesoderm	M_M2	Adipocyte progenitor cells	0.0552055848561182	274
Mesoderm	M_M3	Brown adipocyte cells	0.0186811873426554	275
Mesoderm	M_M4	Chondrocytes (Atp1a2+)	0.14391799682279	276
Mesoderm	M_M5	Chondrocytes (Otor+)	0.0731810429543494	277
Mesoderm	M_M6	Dermatome	0.171476347617675	278
Mesoderm	M_M7	Dermomyotome	0.167724643445085	279
Mesoderm	M_M8	Early chondrocytes	0.217367385409744	280
Mesoderm	M_M9	Facial mesenchyme	0.166692163688615	281
Notochord	No_M1	Notochord	0.283269485903814	282
Notochord	No_M2	Ciliated nodal cells	0.297072222222222	283
