system,x,y,x_name,y_name,edge_type,sh_x,sh_y,abs_delta,delta,cohens_d,pct_change,abs_pct_change,sh_node_x,sh_node_y,frac>0_x,frac>0_y,n_x,n_y
Pre_gastrulation,PGa_M1,PGa_M2,Oocyte,1-cell,Developmental progression,0.00609434159508863,0.0244508267734806,0.018356485178392,0.018356485178392,NA,NA,NA,0.00609434159508863,0.00182557232433535,NA,NA,NA,NA
Pre_gastrulation,PGa_M2,PGa_M3,1-cell,2-cell,Developmental progression,-0.0207996821248099,-0.00309058964137604,0.0177090924834339,0.0177090924834339,NA,NA,NA,0.00182557232433535,0.00595921713737655,NA,NA,NA,NA
Pre_gastrulation,PGa_M3,PGa_M4,2-cell,4-cell,Developmental progression,0.0150090239161291,-0.00856655644326215,0.0235755803593913,-0.0235755803593913,NA,NA,NA,0.00595921713737655,0.00512236894228107,NA,NA,NA,NA
Pre_gastrulation,PGa_M4,PGa_M5,4-cell,8-cell,Developmental progression,0.0188112943278243,-0.00704267100976459,0.0258539653375889,-0.0258539653375889,NA,NA,NA,0.00512236894228107,-0.0230316873914207,NA,NA,NA,NA
Pre_gastrulation,PGa_M5,PGa_M6,8-cell,Morula,Developmental progression,-0.0390207037730767,0.010646183711067,0.0496668874841437,0.0496668874841437,NA,NA,NA,-0.0230316873914207,-0.00428019945427789,NA,NA,NA,NA
Pre_gastrulation,PGa_M6,PGa_M7,Morula,Inner cell mass,Developmental progression,-0.0260435901372464,0.00730888128728157,0.0333524714245279,0.0333524714245279,NA,NA,NA,-0.00428019945427789,0.0054410149940789,NA,NA,NA,NA
Pre_gastrulation,PGa_M6,PGa_M8,Morula,Trophectoderm,Developmental progression,0.00255680806334571,0.00825465223191977,0.00569784416857406,0.00569784416857406,NA,NA,NA,-0.00428019945427789,9.6490019252406e-4,NA,NA,NA,NA
Pre_gastrulation,PGa_M8,PGa_M9,Trophectoderm,Extraembryonic ectoderm,Developmental progression,-0.00632485184687164,0.00861642006015765,0.0149412719070293,0.0149412719070293,NA,NA,NA,9.6490019252406e-4,-0.00528061597821116,NA,NA,NA,NA
Pre_gastrulation,PGa_M7,PGa_M10,Inner cell mass,Hypoblast,Developmental progression,-3.3602315008577e-4,0.0428329520174092,0.043168975167495,0.043168975167495,NA,NA,NA,0.0054410149940789,0.0144533443210647,NA,NA,NA,NA
Pre_gastrulation,PGa_M10,PGa_M11,Hypoblast,Parietal endoderm,Developmental progression,-0.0170608785514716,-0.00812830032769231,0.00893257822377929,0.00893257822377929,NA,NA,NA,0.0144533443210647,-0.0108734456078856,NA,NA,NA,NA
Pre_gastrulation,PGa_M10,PGa_M12,Hypoblast,Visceral endoderm,Developmental progression,0.0175879594972566,-0.0102448545814307,0.0278328140786873,-0.0278328140786873,NA,NA,NA,0.0144533443210647,0.00221053269279085,NA,NA,NA,NA
Pre_gastrulation,PGa_M12,PGa_M13,Visceral endoderm,Extraembryonic visceral endoderm,Developmental progression,0.015555838708579,-0.0162754545649576,0.0318312932735365,-0.0318312932735365,NA,NA,NA,0.00221053269279085,-0.00863698639234131,NA,NA,NA,NA
Pre_gastrulation,PGa_M12,PGa_M14,Visceral endoderm,Embryonic visceral endoderm,Developmental progression,0.00132061395122432,0.0123195884515099,0.0109989745002856,0.0109989745002856,NA,NA,NA,0.00221053269279085,0.00984730206657995,NA,NA,NA,NA
Pre_gastrulation,PGa_M7,PGa_M15,Inner cell mass,Epiblast,Developmental progression,0.00935018684504091,-0.0022789491530975,0.0116291359981384,-0.0116291359981384,NA,NA,NA,0.0054410149940789,-6.3193079487227e-4,NA,NA,NA,NA
Pre_gastrulation,PGa_M15,PGa_M16,Epiblast,Primitive streak,Developmental progression,-0.0171858492576648,-0.0168031295392506,3.827197184142e-4,3.827197184142e-4,NA,NA,NA,-6.3193079487227e-4,-0.0102501884050779,NA,NA,NA,NA
Pre_gastrulation,PGa_M14,Ga_M4,Embryonic visceral endoderm,Embryonic visceral endoderm,Dataset equivalence,0.00737501568164998,-0.0164896243138248,0.0238646399954748,-0.0238646399954748,NA,NA,NA,0.00984730206657995,0.0010089065255731,NA,NA,NA,NA
Pre_gastrulation,PGa_M9,Ga_M1,Extraembryonic ectoderm,Extraembryonic ectoderm,Dataset equivalence,-0.01917765201658,0.013011855756494,0.032189507773074,0.032189507773074,NA,NA,NA,-0.00528061597821116,0.013011855756494,NA,NA,NA,NA
Pre_gastrulation,PGa_M15,Ga_M5,Epiblast,Epiblast,Dataset equivalence,0.0175690060261455,0.0148650834240688,0.00270392260207661,-0.00270392260207661,NA,NA,NA,-6.3193079487227e-4,5.461285412677e-4,NA,NA,NA,NA
Pre_gastrulation,PGa_M13,Ga_M3,Extraembryonic visceral endoderm,Extraembryonic visceral endoderm,Dataset equivalence,-9.9851821972505e-4,0.0108630853661039,0.011861603585829,0.011861603585829,NA,NA,NA,-0.00863698639234131,0.0108630853661039,NA,NA,NA,NA
Pre_gastrulation,PGa_M16,Ga_M6,Primitive streak,Primitive streak,Dataset equivalence,-0.00369724727090521,-0.0133101941457739,0.00961294687486867,-0.00961294687486867,NA,NA,NA,-0.0102501884050779,5.834176973751e-4,NA,NA,NA,NA
Pre_gastrulation,PGa_M11,Ga_M2,Parietal endoderm,Parietal endoderm,Dataset equivalence,-0.0136185908880788,0.0046432264613344,0.0182618173494132,0.0182618173494132,NA,NA,NA,-0.0108734456078856,0.0046432264613344,NA,NA,NA,NA
Gastrulation,Ga_M10,Ga_M16,Anterior primitive streak,Definitive endoderm,Developmental progression,0.0011593878312803,2.605147520401e-4,8.988730792401e-4,-8.988730792401e-4,-0.1059,-77.5299735764446,77.5299735764446,0.0011593878312803,2.605147520401e-4,0.0145576707726763,0.0112994350282485,893,354
Gastrulation,Ga_M11,Ga_M33,Blood progenitors,Primitive erythroid cells,Developmental progression,4.122453548242e-4,4.304977883409e-4,1.82524335166588e-5,1.82524335166588e-5,0.0031,4.42756559972387,4.42756559972387,4.122453548242e-4,4.304977883409e-4,0.0073875083948959,0.0092097445038621,2978,6732
Gastrulation,Ga_M5,Ga_M6,Epiblast,Primitive streak,Developmental progression,5.461285412677e-4,5.834176973751e-4,3.72891561074408e-5,3.72891561074408e-5,0.0047,6.82790832005976,6.82790832005976,5.461285412677e-4,5.834176973751e-4,0.0088378258948298,0.0079228839297504,11315,7573
Gastrulation,Ga_M31,Ga_M25,Paraxial mesoderm (Tbx6+),Intermediate mesoderm,Developmental progression,0.0069135722626425,0.0089153091060985,0.0020017368434559,0.0020017368434559,0.0642,28.9537270662859,28.9537270662859,0.0069135722626425,0.0089153091060985,0.0780921584478577,0.1015037593984962,6185,1064
Gastrulation,Ga_M4,Ga_M21,Embryonic visceral endoderm,Gut,Developmental progression,0.0010089065255731,0.0180522737927801,0.0170433672672069,0.0170433672672069,0.4509,1689.29101311185,1689.29101311185,0.0010089065255731,0.0180522737927801,0.0087301587301587,0.1476793248945147,1260,1896
Gastrulation,Ga_M15,Ga_M36,Definitive ectoderm,Surface ectoderm,Developmental progression,0.0031198247049996,0.0026115682766845,5.082564283151e-4,-5.082564283151e-4,-0.0259,-16.2911854470733,16.2911854470733,0.0031198247049996,0.0026115682766845,0.0334561080417434,0.0314847942754919,6516,2795
Gastrulation,Ga_M18,Ga_M7,Extraembryonic mesoderm,Allantois,Developmental progression,0.0240241077019411,0.0045471152322079,0.0194769924697331,-0.0194769924697331,-0.4444,-81.0726987714905,81.0726987714905,0.0240241077019411,0.0045471152322079,0.2100814026299311,0.0542082738944365,3194,2804
Gastrulation,Ga_M13,Ga_M32,Cardiopharyngeal mesoderm,Paraxial mesoderm (Tbx6-),Developmental progression,0.0099859480076282,0.0165324893609412,0.006546541353313,0.006546541353313,0.1518,65.5575349312068,65.5575349312068,0.0099859480076282,0.0165324893609412,0.1056910569105691,0.1441905374959768,2214,3107
Gastrulation,Ga_M5,Ga_M15,Epiblast,Definitive ectoderm,Developmental progression,5.461285412677e-4,0.0031198247049996,0.0025736961637319,0.0025736961637319,0.1653,471.261977584537,471.261977584537,5.461285412677e-4,0.0031198247049996,0.0088378258948298,0.0334561080417434,11315,6516
Gastrulation,Ga_M14,Ga_M31,CLE and NMPs,Paraxial mesoderm (Tbx6+),Developmental progression,0.006091635505698,0.0069135722626425,8.219367569445e-4,8.219367569445e-4,0.0276,13.4928748802479,13.4928748802479,0.006091635505698,0.0069135722626425,0.0586939102564102,0.0780921584478577,4992,6185
Gastrulation,Ga_M15,Ga_M35,Definitive ectoderm,Spinal cord,Developmental progression,0.0031198247049996,0.015675142118863,0.0125553174138633,0.0125553174138633,0.3317,402.436630293456,402.436630293456,0.0031198247049996,0.015675142118863,0.0334561080417434,0.1293023255813953,6516,2150
Gastrulation,Ga_M28,Ga_M31,Nascent mesoderm,Paraxial mesoderm (Tbx6+),Developmental progression,0.0032225857924821,0.0069135722626425,0.0036909864701604,0.0036909864701604,0.1505,114.534932747825,114.534932747825,0.0032225857924821,0.0069135722626425,0.0461734230139974,0.0780921584478577,5501,6185
Gastrulation,Ga_M15,Ga_M27,Definitive ectoderm,Midbrain,Developmental progression,0.0031198247049996,0.0038412956930872,7.214709880875e-4,7.214709880875e-4,0.0327,23.1253694135884,23.1253694135884,0.0031198247049996,0.0038412956930872,0.0334561080417434,0.0456026058631921,6516,1228
Gastrulation,Ga_M14,Ga_M35,CLE and NMPs,Spinal cord,Developmental progression,0.006091635505698,0.015675142118863,0.009583506613165,0.009583506613165,0.2343,157.322390747129,157.322390747129,0.006091635505698,0.015675142118863,0.0586939102564102,0.1293023255813953,4992,2150
Gastrulation,Ga_M26,Ga_M25,Lateral plate mesoderm,Intermediate mesoderm,Developmental progression,0.0180307924203273,0.0089153091060985,0.0091154833142287,-0.0091154833142287,-0.2199,-50.5550898803107,50.5550898803107,0.0180307924203273,0.0089153091060985,0.1631782945736434,0.1015037593984962,2580,1064
Gastrulation,Ga_M15,Ga_M20,Definitive ectoderm,Forebrain,Developmental progression,0.0031198247049996,0.0092119586346318,0.0060921339296321,0.0060921339296321,0.1929,195.271674074164,195.271674074164,0.0031198247049996,0.0092119586346318,0.0334561080417434,0.0755773268019594,6516,1429
Gastrulation,Ga_M6,Ga_M28,Primitive streak,Nascent mesoderm,Developmental progression,5.834176973751e-4,0.0032225857924821,0.0026391680951069,0.0026391680951069,0.1844,452.363393668161,452.363393668161,5.834176973751e-4,0.0032225857924821,0.0079228839297504,0.0461734230139974,7573,5501
Gastrulation,Ga_M23,Ga_M11,Hematoendothelial progenitors,Blood progenitors,Developmental progression,0.0010999914464117,4.122453548242e-4,6.877460915875e-4,-6.877460915875e-4,-0.0723,-62.5228581395762,62.5228581395762,0.0010999914464117,4.122453548242e-4,0.0161662817551963,0.0073875083948959,2598,2978
Gastrulation,Ga_M36,Ga_M8,Surface ectoderm,Amniotic ectoderm,Developmental progression,0.0026115682766845,0.0015600084817642,0.0010515597949203,-0.0010515597949203,-0.0695,-40.2654529199339,40.2654529199339,0.0026115682766845,0.0015600084817642,0.0314847942754919,0.0305343511450381,2795,524
Gastrulation,Ga_M28,Ga_M18,Nascent mesoderm,Extraembryonic mesoderm,Developmental progression,0.0032225857924821,0.0240241077019411,0.0208015219094589,0.0208015219094589,0.4905,645.491640842763,645.491640842763,0.0032225857924821,0.0240241077019411,0.0461734230139974,0.2100814026299311,5501,3194
Gastrulation,Ga_M16,Ga_M21,Definitive endoderm,Gut,Developmental progression,2.605147520401e-4,0.0180522737927801,0.0177917590407399,0.0177917590407399,0.487,6829.46316913222,6829.46316913222,2.605147520401e-4,0.0180522737927801,0.0112994350282485,0.1476793248945147,354,1896
Gastrulation,Ga_M18,Ga_M22,Extraembryonic mesoderm,Gut mesenchyme,Developmental progression,0.0240241077019411,0.0743738132498696,0.0503497055479284,0.0503497055479284,0.6751,209.579919356839,209.579919356839,0.0240241077019411,0.0743738132498696,0.2100814026299311,0.536150234741784,3194,1065
Gastrulation,Ga_M23,Ga_M17,Hematoendothelial progenitors,Endothelium,Developmental progression,0.0010999914464117,7.44512333107e-4,3.554791133047e-4,-3.554791133047e-4,-0.0324,-32.316534320728,32.316534320728,0.0010999914464117,7.44512333107e-4,0.0161662817551963,0.0091649694501018,2598,982
Gastrulation,Ga_M18,Ga_M9,Extraembryonic mesoderm,Amniotic mesoderm,Developmental progression,0.0240241077019411,0.0083873456790123,0.0156367620229287,-0.0156367620229287,-0.336,-65.0877952135777,65.0877952135777,0.0240241077019411,0.0083873456790123,0.2100814026299311,0.0868055555555555,3194,1152
Gastrulation,Ga_M36,Ga_M14,Surface ectoderm,CLE and NMPs,Developmental progression,0.0026115682766845,0.006091635505698,0.0034800672290134,0.0034800672290134,0.1392,133.255839415827,133.255839415827,0.0026115682766845,0.006091635505698,0.0314847942754919,0.0586939102564102,2795,4992
Gastrulation,Ga_M26,Ga_M9,Lateral plate mesoderm,Amniotic mesoderm,Developmental progression,0.0180307924203273,0.0083873456790123,0.0096434467413149,-0.0096434467413149,-0.2329,-53.4832109233495,53.4832109233495,0.0180307924203273,0.0083873456790123,0.1631782945736434,0.0868055555555555,2580,1152
Gastrulation,Ga_M26,Ga_M12,Lateral plate mesoderm,Cardiogenic mesoderm,Developmental progression,0.0180307924203273,0.0031095907766375,0.0149212016436897,-0.0149212016436897,-0.3969,-82.7539982483971,82.7539982483971,0.0180307924203273,0.0031095907766375,0.1631782945736434,0.0319270239452679,2580,877
Gastrulation,Ga_M15,Ga_M24,Definitive ectoderm,Hindbrain,Developmental progression,0.0031198247049996,0.0103043927648578,0.0071845680598582,0.0071845680598582,0.2309,230.287555847116,230.287555847116,0.0031198247049996,0.0103043927648578,0.0334561080417434,0.0911627906976744,6516,1075
Gastrulation,Ga_M7,Ga_M23,Allantois,Hematoendothelial progenitors,Developmental progression,0.0045471152322079,0.0010999914464117,0.0034471237857961,-0.0034471237857961,-0.1809,-75.8090263774194,75.8090263774194,0.0045471152322079,0.0010999914464117,0.0542082738944365,0.0161662817551963,2804,2598
Gastrulation,Ga_M28,Ga_M23,Nascent mesoderm,Hematoendothelial progenitors,Developmental progression,0.0032225857924821,0.0010999914464117,0.0021225943460704,-0.0021225943460704,-0.1367,-65.8661858133338,65.8661858133338,0.0032225857924821,0.0010999914464117,0.0461734230139974,0.0161662817551963,5501,2598
Gastrulation,Ga_M15,Ga_M34,Definitive ectoderm,Primordial germ cells,Developmental progression,0.0031198247049996,0.002028947368421,0.0010908773365786,-0.0010908773365786,-0.0583,-34.9659817370645,34.9659817370645,0.0031198247049996,0.002028947368421,0.0334561080417434,0.0236842105263157,6516,380
Gastrulation,Ga_M15,Ga_M29,Definitive ectoderm,Neural crest,Developmental progression,0.0031198247049996,2.769301895515e-4,0.0028428945154481,-0.0028428945154481,-0.1916,-91.1235336681655,91.1235336681655,0.0031198247049996,2.769301895515e-4,0.0334561080417434,0.0083217753120665,6516,721
Gastrulation,Ga_M6,Ga_M34,Primitive streak,Primordial germ cells,Developmental progression,5.834176973751e-4,0.002028947368421,0.0014455296710458,0.0014455296710458,0.1106,247.769253066778,247.769253066778,5.834176973751e-4,0.002028947368421,0.0079228839297504,0.0236842105263157,7573,380
Gastrulation,Ga_M26,Ga_M22,Lateral plate mesoderm,Gut mesenchyme,Developmental progression,0.0180307924203273,0.0743738132498696,0.0563430208295422,0.0563430208295422,0.7881,312.482222168023,312.482222168023,0.0180307924203273,0.0743738132498696,0.1631782945736434,0.536150234741784,2580,1065
Gastrulation,Ga_M10,Ga_M30,Anterior primitive streak,Notochord,Developmental progression,0.0011593878312803,0.0314645191409897,0.0303051313097094,0.0303051313097094,0.6397,2613.89075269515,2613.89075269515,0.0011593878312803,0.0314645191409897,0.0145576707726763,0.2331932773109243,893,952
Gastrulation,Ga_M6,Ga_M10,Primitive streak,Anterior primitive streak,Developmental progression,5.834176973751e-4,0.0011593878312803,5.759701339051e-4,5.759701339051e-4,0.0568,98.7234594522013,98.7234594522013,5.834176973751e-4,0.0011593878312803,0.0079228839297504,0.0145576707726763,7573,893
Gastrulation,Ga_M28,Ga_M13,Nascent mesoderm,Cardiopharyngeal mesoderm,Developmental progression,0.0032225857924821,0.0099859480076282,0.006763362215146,0.006763362215146,0.2386,209.873767547911,209.873767547911,0.0032225857924821,0.0099859480076282,0.0461734230139974,0.1056910569105691,5501,2214
Gastrulation,Ga_M28,Ga_M34,Nascent mesoderm,Primordial germ cells,Developmental progression,0.0032225857924821,0.002028947368421,0.0011936384240611,-0.0011936384240611,-0.0682,-37.039771814476,37.039771814476,0.0032225857924821,0.002028947368421,0.0461734230139974,0.0236842105263157,5501,380
Gastrulation,Ga_M35,Ga_M19,Spinal cord,Floor plate,Developmental progression,0.015675142118863,0.0965757967269595,0.0809006546080964,0.0809006546080964,1.03,516.107949737456,516.107949737456,0.015675142118863,0.0965757967269595,0.1293023255813953,0.5930232558139535,2150,258
Gastrulation,Ga_M14,Ga_M34,CLE and NMPs,Primordial germ cells,Developmental progression,0.006091635505698,0.002028947368421,0.0040626881372769,-0.0040626881372769,-0.1672,-66.6928960781844,66.6928960781844,0.006091635505698,0.002028947368421,0.0586939102564102,0.0236842105263157,4992,380
Gastrulation,Ga_M28,Ga_M26,Nascent mesoderm,Lateral plate mesoderm,Developmental progression,0.0032225857924821,0.0180307924203273,0.0148082066278451,0.0148082066278451,0.4034,459.513185417453,459.513185417453,0.0032225857924821,0.0180307924203273,0.0461734230139974,0.1631782945736434,5501,2580
Gastrulation,Ga_M28,Ga_M32,Nascent mesoderm,Paraxial mesoderm (Tbx6-),Developmental progression,0.0032225857924821,0.0165324893609412,0.013309903568459,0.013309903568459,0.3563,413.019370950779,413.019370950779,0.0032225857924821,0.0165324893609412,0.0461734230139974,0.1441905374959768,5501,3107
Notochord,No_M1,No_M2,Notochord,Ciliated nodal cells,Developmental progression,0.283269485903814,0.297072222222222,0.013803,0.013803,0.1013,4.87,4.87,0.283269485903814,0.297072222222222,0.8702025586353944,0.9166666666666666,3752,60
Blood,B_M8,B_M9,Definitive early erythroblasts (CD36-),Definitive erythroblasts (CD36+),Developmental progression,0.018832959272774102,0.0039714439901251,0.014862,-0.014862,-0.3136,-78.91,78.91,0.018832959272774102,0.0039714439901251,0.1184257676013218,0.0157605521060943,929291,92446
Blood,B_M11,B_M18,Hematopoietic stem cells (Cd34+),Monocytes,Developmental progression,0.0158012774098601,0.0056960540901705,0.010105,-0.010105,-0.2313,-63.95,63.95,0.0158012774098601,0.0056960540901705,0.1134569536423841,0.0406245729123957,37750,29268
Blood,B_M19,B_M23,Monocytic myeloid-derived suppressor cells,PMN myeloid-derived suppressor cells,Developmental progression,0.0033044384265434,0.0018243834785246,0.00148,-0.00148,-0.0639,-44.79,44.79,0.0033044384265434,0.0018243834785246,0.0214219312073077,0.0086464698998829,24741,15382
Blood,B_M25,B_M26,Regulatory T cells,T cells,Developmental progression,0.0239902040816326,0.017122393899583,0.006868,-0.006868,-0.1096,-28.63,28.63,0.0239902040816326,0.017122393899583,0.1465306122448979,0.0949334551893528,9800,70028
Blood,B_M26,B_M1,T cells,Activated T cells,Developmental progression,0.017122393899583,0.0147628421352934,0.00236,-0.00236,-0.0406,-13.78,13.78,0.017122393899583,0.0147628421352934,0.0949334551893528,0.0673614257665005,70028,6621
Blood,B_M15,B_M8,Megakaryocyte-erythroid progenitors,Definitive early erythroblasts (CD36-),Developmental progression,0.0264352485858886,0.018832959272774102,0.007602,-0.007602,-0.1207,-28.76,28.76,0.0264352485858886,0.018832959272774102,0.1839833283715391,0.1184257676013218,13436,929291
Blood,B_M5,B_M17,Border-associated macrophages,Microglia,Developmental progression,0.007769830191284,0.0088159018001537,0.001046,0.001046,0.0258,13.46,13.46,0.007769830191284,0.0088159018001537,0.0488410976975349,0.0547602004294917,65191,8382
Blood,B_M11,B_M5,Hematopoietic stem cells (Cd34+),Border-associated macrophages,Developmental progression,0.0158012774098601,0.007769830191284,0.008031,-0.008031,-0.1726,-50.83,50.83,0.0158012774098601,0.007769830191284,0.1134569536423841,0.0488410976975349,37750,65191
Blood,B_M12,B_M19,Hematopoietic stem cells (Mpo+),Monocytic myeloid-derived suppressor cells,Developmental progression,0.0095232810638379,0.0033044384265434,0.006219,-0.006219,-0.1807,-65.3,65.3,0.0095232810638379,0.0033044384265434,0.0679263230716015,0.0214219312073077,23128,24741
Blood,B_M11,B_M12,Hematopoietic stem cells (Cd34+),Hematopoietic stem cells (Mpo+),Developmental progression,0.0158012774098601,0.0095232810638379,0.006278,-0.006278,-0.1327,-39.73,39.73,0.0158012774098601,0.0095232810638379,0.1134569536423841,0.0679263230716015,37750,23128
Blood,B_M11,B_M7,Hematopoietic stem cells (Cd34+),Conventional dendritic cells,Developmental progression,0.0158012774098601,0.0095962704301857,0.006205,-0.006205,-0.1279,-39.27,39.27,0.0158012774098601,0.0095962704301857,0.1134569536423841,0.0571802706241815,37750,4582
Blood,B_M3,B_M4,B cell progenitors,B cells,Developmental progression,0.0293317889317889,0.014974537628415,0.014357,-0.014357,-0.2249,-48.95,48.95,0.0293317889317889,0.014974537628415,0.1861003861003861,0.0829365724504726,1295,43057
Blood,B_M11,B_M8,Hematopoietic stem cells (Cd34+),Definitive early erythroblasts (CD36-),Developmental progression,0.0158012774098601,0.018832959272774102,0.003032,0.003032,0.0544,19.19,19.19,0.0158012774098601,0.018832959272774102,0.1134569536423841,0.1184257676013218,37750,929291
Blood,B_M5,B_M13,Border-associated macrophages,Kupffer cells,Developmental progression,0.007769830191284,0.0050524317296918,0.002717,-0.002717,-0.0766,-34.97,34.97,0.007769830191284,0.0050524317296918,0.0488410976975349,0.0351018942454439,65191,33417
Blood,B_M27,B_M26,T-NK progenitors,T cells,Developmental progression,0.0138961365363259,0.017122393899583,0.003226,0.003226,0.0594,23.22,23.22,0.0138961365363259,0.017122393899583,0.1004734350341925,0.0949334551893528,1901,70028
Blood,B_M27,B_M25,T-NK progenitors,Regulatory T cells,Developmental progression,0.0138961365363259,0.0239902040816326,0.010094,0.010094,0.1725,72.64,72.64,0.0138961365363259,0.0239902040816326,0.1004734350341925,0.1465306122448979,1901,9800
Blood,B_M5,B_M6,Border-associated macrophages,Border-associated macrophages (Ms4a8a+),Developmental progression,0.007769830191284,0.0039840934684684,0.003786,-0.003786,-0.1109,-48.72,48.72,0.007769830191284,0.0039840934684684,0.0488410976975349,0.026393581081081,65191,4736
Blood,B_M11,B_M3,Hematopoietic stem cells (Cd34+),B cell progenitors,Developmental progression,0.0158012774098601,0.0293317889317889,0.013531,0.013531,0.2157,85.63,85.63,0.0158012774098601,0.0293317889317889,0.1134569536423841,0.1861003861003861,37750,1295
Blood,B_M11,B_M15,Hematopoietic stem cells (Cd34+),Megakaryocyte-erythroid progenitors,Developmental progression,0.0158012774098601,0.0264352485858886,0.010634,0.010634,0.1768,67.3,67.3,0.0158012774098601,0.0264352485858886,0.1134569536423841,0.1839833283715391,37750,13436
Blood,B_M11,B_M22,Hematopoietic stem cells (Cd34+),Plasmacytoid dendritic cells,Developmental progression,0.0158012774098601,0.0237710162478554,0.00797,0.00797,0.131,50.44,50.44,0.0158012774098601,0.0237710162478554,0.1134569536423841,0.1353315168029064,37750,1101
Blood,B_M18,B_M7,Monocytes,Conventional dendritic cells,Developmental progression,0.0056960540901705,0.0095962704301857,0.0039,0.0039,0.1006,68.47,68.47,0.0056960540901705,0.0095962704301857,0.0406245729123957,0.0571802706241815,29268,4582
Blood,B_M11,B_M10,Hematopoietic stem cells (Cd34+),Granulocytes,Developmental progression,0.0158012774098601,0.0074462299909156,0.008355,-0.008355,-0.1845,-52.88,52.88,0.0158012774098601,0.0074462299909156,0.1134569536423841,0.0532844657457005,37750,3547
Blood,B_M18,B_M2,Monocytes,Adipose tissue macrophages,Developmental progression,0.0056960540901705,0.0058215857862635,1.26e-4,1.26e-4,0.0038,2.2,2.2,0.0056960540901705,0.0058215857862635,0.0406245729123957,0.0369928400954653,29268,4190
Blood,B_M11,B_M14,Hematopoietic stem cells (Cd34+),Mast cells,Developmental progression,0.0158012774098601,0.023093093093093,0.007292,0.007292,0.1224,46.15,46.15,0.0158012774098601,0.023093093093093,0.1134569536423841,0.1395417156286721,37750,23828
Blood,B_M11,B_M27,Hematopoietic stem cells (Cd34+),T-NK progenitors,Developmental progression,0.0158012774098601,0.0138961365363259,0.001905,-0.001905,-0.0374,-12.06,12.06,0.0158012774098601,0.0138961365363259,0.1134569536423841,0.1004734350341925,37750,1901
Blood,B_M5,B_M21,Border-associated macrophages,Osteoclasts,Developmental progression,0.007769830191284,0.0126250041796234,0.004855,0.004855,0.1108,62.49,62.49,0.007769830191284,0.0126250041796234,0.0488410976975349,0.0902798675895275,65191,3323
Blood,B_M11,B_M25,Hematopoietic stem cells (Cd34+),Regulatory T cells,Developmental progression,0.0158012774098601,0.0239902040816326,0.008189,0.008189,0.1368,51.82,51.82,0.0158012774098601,0.0239902040816326,0.1134569536423841,0.1465306122448979,37750,9800
Blood,B_M15,B_M16,Megakaryocyte-erythroid progenitors,Megakaryocytes,Developmental progression,0.0264352485858886,0.0108026813441308,0.015633,-0.015633,-0.277,-59.14,59.14,0.0264352485858886,0.0108026813441308,0.1839833283715391,0.0793801177505583,13436,14777
Blood,B_M27,B_M20,T-NK progenitors,Natural killer cells,Developmental progression,0.0138961365363259,0.0126941723892078,0.001202,-0.001202,-0.0241,-8.65,8.65,0.0138961365363259,0.0126941723892078,0.1004734350341925,0.0732860520094562,1901,2961
Eye,Ey_M7,Ey_M10,Eye field,Naive retinal progenitor cells,Developmental progression,0.0837496419071004,0.132846308913054,0.049097,0.049097,0.3234,58.62,58.62,0.0837496419071004,0.132846308913054,0.3788674033149171,0.482492930749815,43440,52693
Eye,Ey_M10,Ey_M16,Naive retinal progenitor cells,Retinal progenitor cells,Developmental progression,0.132846308913054,0.0466714374407737,0.086175,-0.086175,-0.6158,-64.87,64.87,0.132846308913054,0.0466714374407737,0.482492930749815,0.2157631604744632,52693,10201
Eye,Ey_M7,Ey_M16,Eye field,Retinal progenitor cells,Developmental progression,0.0837496419071004,0.0466714374407737,0.037078,-0.037078,-0.3135,-44.27,44.27,0.0837496419071004,0.0466714374407737,0.3788674033149171,0.2157631604744632,43440,10201
Eye,Ey_M16,Ey_M2,Retinal progenitor cells,Amacrine/Horizontal precursor cells,Developmental progression,0.0466714374407737,0.018701741904885,0.02797,-0.02797,-0.3307,-59.93,59.93,0.0466714374407737,0.018701741904885,0.2157631604744632,0.1016686069072565,10201,5154
Eye,Ey_M16,Ey_M3,Retinal progenitor cells,Bipolar precursor cells,Developmental progression,0.0466714374407737,0.0247726680986786,0.021899,-0.021899,-0.2499,-46.92,46.92,0.0466714374407737,0.0247726680986786,0.2157631604744632,0.1417691857059168,10201,3414
Eye,Ey_M7,Ey_M11,Eye field,Optic stalk,Developmental progression,0.0837496419071004,0.100226464821779,0.016477,0.016477,0.125,19.67,19.67,0.0837496419071004,0.100226464821779,0.3788674033149171,0.4787387908591264,43440,3457
Eye,Ey_M7,Ey_M5,Eye field,Ciliary margin cells,Developmental progression,0.0837496419071004,0.0452493486590038,0.0385,-0.0385,-0.332,-45.97,45.97,0.0837496419071004,0.0452493486590038,0.3788674033149171,0.2413793103448276,43440,725
Eye,Ey_M11,Ey_M18,Optic stalk,Suprachiasmatic nucleus,Developmental progression,0.100226464821779,0.0847104315550385,0.015516,-0.015516,-0.1161,-15.48,15.48,0.100226464821779,0.0847104315550385,0.4787387908591264,0.3383746052850258,3457,6017
Eye,Ey_M12,Ey_M6,Photoreceptor precursor cells,Cone precursor cells,Developmental progression,0.0217245729676093,0.0233325595790776,0.001608,0.001608,0.0233,7.4,7.4,0.0217245729676093,0.0233325595790776,0.1037635551775462,0.1189066852367688,4703,5744
Eye,Ey_M10,Ey_M5,Naive retinal progenitor cells,Ciliary margin cells,Developmental progression,0.132846308913054,0.0452493486590038,0.087597,-0.087597,-0.6348,-65.94,65.94,0.132846308913054,0.0452493486590038,0.482492930749815,0.2413793103448276,52693,725
Eye,Ey_M12,Ey_M17,Photoreceptor precursor cells,Rod precursor cells,Developmental progression,0.0217245729676093,0.0202575444565965,0.001467,-0.001467,-0.0218,-6.75,6.75,0.0217245729676093,0.0202575444565965,0.1037635551775462,0.0951512942034269,4703,2743
Eye,Ey_M2,Ey_M1,Amacrine/Horizontal precursor cells,Amacrine cells,Developmental progression,0.018701741904885,0.0142520734629868,0.00445,-0.00445,-0.0777,-23.79,23.79,0.018701741904885,0.0142520734629868,0.1016686069072565,0.0834907066891959,5154,10061
Eye,Ey_M16,Ey_M12,Retinal progenitor cells,Photoreceptor precursor cells,Developmental progression,0.0466714374407737,0.0217245729676093,0.024947,-0.024947,-0.2867,-53.45,53.45,0.0466714374407737,0.0217245729676093,0.2157631604744632,0.1037635551775462,10201,4703
Eye,Ey_M5,Ey_M9,Ciliary margin cells,Iris pigment epithelium,Developmental progression,0.0452493486590038,0.0430335960960961,0.002216,-0.002216,-0.0237,-4.9,4.9,0.0452493486590038,0.0430335960960961,0.2413793103448276,0.2601351351351351,725,592
Eye,Ey_M16,Ey_M14,Retinal progenitor cells,Retinal ganglion cells,Developmental progression,0.0466714374407737,0.0135238307880086,0.033148,-0.033148,-0.4142,-71.02,71.02,0.0466714374407737,0.0135238307880086,0.2157631604744632,0.1044922747164419,10201,11197
Eye,Ey_M7,Ey_M15,Eye field,Retinal pigment cells,Developmental progression,0.0837496419071004,0.063407190348893,0.020342,-0.020342,-0.1634,-24.29,24.29,0.0837496419071004,0.063407190348893,0.3788674033149171,0.3130783466995682,43440,3242
Eye,Ey_M2,Ey_M8,Amacrine/Horizontal precursor cells,Horizontal cells,Developmental progression,0.018701741904885,0.0214731379731379,0.002771,0.002771,0.045,14.82,14.82,0.018701741904885,0.0214731379731379,0.1016686069072565,0.145054945054945,5154,910
Eye,Ey_M16,Ey_M6,Retinal progenitor cells,Cone precursor cells,Developmental progression,0.0466714374407737,0.0233325595790776,0.023339,-0.023339,-0.2656,-50.01,50.01,0.0466714374407737,0.0233325595790776,0.2157631604744632,0.1189066852367688,10201,5744
Eye,Ey_M1,Ey_M4,Amacrine cells,Cholinergic amacrine cells,Developmental progression,0.0142520734629868,0.0264220040517375,0.01217,0.01217,0.2001,85.39,85.39,0.0142520734629868,0.0264220040517375,0.0834907066891959,0.170406732117812,10061,1426
Eye,Ey_M14,Ey_M13,Retinal ganglion cells,PV-containing retinal ganglion cells,Developmental progression,0.0135238307880086,0.0137190350102971,1.95e-4,1.95e-4,0.0041,1.44,1.44,0.0135238307880086,0.0137190350102971,0.1044922747164419,0.1147396293027361,11197,1133
Renal,R_M10,R_M7,Posterior intermediate mesoderm,Metanephric mesenchyme,Developmental progression,0.0642664255765199,0.053189821865728,0.011077,-0.011077,-0.1062,-17.24,17.24,0.0642664255765199,0.053189821865728,0.3386792452830188,0.2923139405015738,10600,29547
Renal,R_M8,R_M11,Nephron progenitors,Proximal tubule cells,Developmental progression,0.0366297830374753,0.0183765264026402,0.018253,-0.018253,-0.2557,-49.83,49.83,0.0366297830374753,0.0183765264026402,0.2161242603550295,0.1173886138613861,20280,16160
Renal,R_M7,R_M8,Metanephric mesenchyme,Nephron progenitors,Developmental progression,0.053189821865728,0.0366297830374753,0.01656,-0.01656,-0.1848,-31.13,31.13,0.053189821865728,0.0366297830374753,0.2923139405015738,0.2161242603550295,29547,20280
Renal,R_M1,R_M10,Anterior intermediate mesoderm,Posterior intermediate mesoderm,Developmental progression,0.0340170787662503,0.0642664255765199,0.030249,0.030249,0.312,88.92,88.92,0.0340170787662503,0.0642664255765199,0.2074942645934234,0.3386792452830188,7846,10600
Renal,R_M8,R_M9,Nephron progenitors,Podocytes,Developmental progression,0.0366297830374753,0.0463763749402199,0.009747,0.009747,0.1118,26.61,26.61,0.0366297830374753,0.0463763749402199,0.2161242603550295,0.2471817995490879,20280,4879
Renal,R_M10,R_M12,Posterior intermediate mesoderm,Renal pericytes and mesangial cells,Developmental progression,0.0642664255765199,0.114835511982571,0.050569,0.050569,0.3685,78.69,78.69,0.0642664255765199,0.114835511982571,0.3386792452830188,0.4287330316742081,10600,7956
Renal,R_M8,R_M2,Nephron progenitors,Ascending loop of Henle,Developmental progression,0.0366297830374753,0.0182113748198896,0.018418,-0.018418,-0.2586,-50.28,50.28,0.0366297830374753,0.0182113748198896,0.2161242603550295,0.1130413506239295,20280,4087
Renal,R_M1,R_M13,Anterior intermediate mesoderm,Ureteric bud,Developmental progression,0.0340170787662503,0.0371302341480088,0.003113,0.003113,0.0384,9.15,9.15,0.0340170787662503,0.0371302341480088,0.2074942645934234,0.2240642625192274,7846,5851
Renal,R_M13,R_M4,Ureteric bud,Collecting duct principal cells,Developmental progression,0.0371302341480088,0.0303777777777777,0.006752,-0.006752,-0.0867,-18.19,18.19,0.0371302341480088,0.0303777777777777,0.2240642625192274,0.1894459102902374,5851,1895
Renal,R_M8,R_M6,Nephron progenitors,Distal convoluted tubule,Developmental progression,0.0366297830374753,0.011098938098938,0.025531,-0.025531,-0.386,-69.7,69.7,0.0366297830374753,0.011098938098938,0.2161242603550295,0.0745920745920745,20280,1287
Renal,R_M1,R_M8,Anterior intermediate mesoderm,Nephron progenitors,Developmental progression,0.0340170787662503,0.0366297830374753,0.002613,0.002613,0.0323,7.68,7.68,0.0340170787662503,0.0366297830374753,0.2074942645934234,0.2161242603550295,7846,20280
Renal,R_M13,R_M14,Ureteric bud,Ureteric bud stalk,Developmental progression,0.0371302341480088,0.0611612635078969,0.024031,0.024031,0.2627,64.72,64.72,0.0371302341480088,0.0611612635078969,0.2240642625192274,0.371571072319202,5851,401
Renal,R_M8,R_M5,Nephron progenitors,Connecting tubule,Developmental progression,0.0366297830374753,0.0158192224195776,0.020811,-0.020811,-0.3022,-56.81,56.81,0.0366297830374753,0.0158192224195776,0.2161242603550295,0.1207815275310834,20280,563
Renal,R_M4,R_M3,Collecting duct principal cells,Collecting duct intercalated cells,Developmental progression,0.0303777777777777,0.0550468509984639,0.024669,0.024669,0.2786,81.21,81.21,0.0303777777777777,0.0550468509984639,0.1894459102902374,0.2788018433179723,1895,434
Renal,R_M5,R_M3,Connecting tubule,Collecting duct intercalated cells,Developmental progression,0.0158192224195776,0.0550468509984639,0.039228,0.039228,0.4858,247.97,247.97,0.0158192224195776,0.0550468509984639,0.1207815275310834,0.2788018433179723,563,434
Gut,G_M8,G_M14,Gut,Midgut/Hindgut epithelial cells,Developmental progression,0.163179081651295,0.0158948908160066,0.147284,-0.147284,-1.3429,-90.26,90.26,0.163179081651295,0.0158948908160066,0.6573495560670832,0.1046494619162052,21287,47855
Gut,G_M13,G_M4,Lung progenitor cells,Alveolar Type 2 cells,Developmental progression,0.100682995262407,0.0222638260608227,0.078419,-0.078419,-0.7787,-77.89,77.89,0.100682995262407,0.0222638260608227,0.4826134952394094,0.1129972485193303,28988,21443
Gut,G_M13,G_M3,Lung progenitor cells,Alveolar Type 1 cells,Developmental progression,0.100682995262407,0.0414359875551831,0.059247,-0.059247,-0.5474,-58.85,58.85,0.100682995262407,0.0414359875551831,0.4826134952394094,0.2166049856853571,28988,14321
Gut,G_M8,G_M9,Gut,Hepatocytes,Developmental progression,0.163179081651295,0.0275054040084861,0.135674,-0.135674,-1.191,-83.14,83.14,0.163179081651295,0.0275054040084861,0.6573495560670832,0.1748426109148424,21287,289569
Gut,G_M13,G_M1,Lung progenitor cells,Airway club cells,Developmental progression,0.100682995262407,0.0303532531573719,0.07033,-0.07033,-0.6766,-69.85,69.85,0.100682995262407,0.0303532531573719,0.4826134952394094,0.1623563218390804,28988,6264
Gut,G_M8,G_M13,Gut,Lung progenitor cells,Developmental progression,0.163179081651295,0.100682995262407,0.062496,-0.062496,-0.4611,-38.3,38.3,0.163179081651295,0.100682995262407,0.6573495560670832,0.4826134952394094,21287,28988
Gut,G_M8,G_M7,Gut,Foregut epithelial cells,Developmental progression,0.163179081651295,0.0292375594497111,0.133942,-0.133942,-1.1619,-82.08,82.08,0.163179081651295,0.0292375594497111,0.6573495560670832,0.1739442688882505,21287,6962
Gut,G_M14,G_M11,Midgut/Hindgut epithelial cells,Intestinal goblet cells,Developmental progression,0.0158948908160066,0.0139682903533906,0.001927,-0.001927,-0.0365,-12.12,12.12,0.0158948908160066,0.0139682903533906,0.1046494619162052,0.0893982808022922,47855,1745
Gut,G_M9,G_M5,Hepatocytes,Biliary epithelial cells,Developmental progression,0.0275054040084861,0.0346118127312157,0.007106,0.007106,0.0948,25.84,25.84,0.0275054040084861,0.0346118127312157,0.1748426109148424,0.2032146957520091,289569,1742
Gut,G_M3,G_M12,Alveolar Type 1 cells,Lung cells (Eln+),Developmental progression,0.0414359875551831,0.0697115465126015,0.028276,0.028276,0.2684,68.24,68.24,0.0414359875551831,0.0697115465126015,0.2166049856853571,0.3285606631499623,14321,5308
Gut,G_M1,G_M2,Airway club cells,Airway goblet cells,Developmental progression,0.0303532531573719,0.0203981481481481,0.009955,-0.009955,-0.1449,-32.8,32.8,0.0303532531573719,0.0203981481481481,0.1623563218390804,0.142156862745098,6264,408
Gut,G_M8,G_M15,Gut,Pancreatic acinar cells,Developmental progression,0.163179081651295,0.0433914242505115,0.119788,-0.119788,-0.994,-73.41,73.41,0.163179081651295,0.0433914242505115,0.6573495560670832,0.2570056044835869,21287,3747
Gut,G_M8,G_M5,Gut,Biliary epithelial cells,Developmental progression,0.163179081651295,0.0346118127312157,0.128567,-0.128567,-1.0976,-78.79,78.79,0.163179081651295,0.0346118127312157,0.6573495560670832,0.2032146957520091,21287,1742
Gut,G_M13,G_M2,Lung progenitor cells,Airway goblet cells,Developmental progression,0.100682995262407,0.0203981481481481,0.080285,-0.080285,-0.8198,-79.74,79.74,0.100682995262407,0.0203981481481481,0.4826134952394094,0.142156862745098,28988,408
Gut,G_M8,G_M16,Gut,Pancreatic islets,Developmental progression,0.163179081651295,0.0317077349458301,0.131471,-0.131471,-1.1372,-80.57,80.57,0.163179081651295,0.0317077349458301,0.6573495560670832,0.1950113378684807,21287,1323
Gut,G_M14,G_M10,Midgut/Hindgut epithelial cells,Intestinal enteroendocrine cells,Developmental progression,0.0158948908160066,0.016891583747927,9.97e-4,9.97e-4,0.0172,6.27,6.27,0.0158948908160066,0.016891583747927,0.1046494619162052,0.1100746268656716,47855,536
PNS_glia,PG_M4,PG_M2,Neural crest (PNS glia),Myelinating Schwann cells,Developmental progression,0.0587415092995083,0.0264183669933436,0.032323,-0.032323,-0.3447,-55.03,55.03,0.0587415092995083,0.0264183669933436,0.3072614551414523,0.1609254061410223,70165,35271
PNS_glia,PG_M4,PG_M6,Neural crest (PNS glia),Satellite glial cells,Developmental progression,0.0587415092995083,0.0676274018379281,0.008886,0.008886,0.0818,15.13,15.13,0.0587415092995083,0.0676274018379281,0.3072614551414523,0.3461538461538461,70165,6916
PNS_glia,PG_M4,PG_M3,Neural crest (PNS glia),Myelinating Schwann cells (Tgfb2+),Developmental progression,0.0587415092995083,0.046237185164468,0.012504,-0.012504,-0.1169,-21.29,21.29,0.0587415092995083,0.046237185164468,0.3072614551414523,0.2375891483708572,70165,7151
PNS_glia,PG_M2,PG_M5,Myelinating Schwann cells,Olfactory ensheathing cells,Developmental progression,0.0264183669933436,0.0345636066773639,0.008145,0.008145,0.107,30.83,30.83,0.0264183669933436,0.0345636066773639,0.1609254061410223,0.1892576640486445,35271,3947
PNS_glia,PG_M4,PG_M5,Neural crest (PNS glia),Olfactory ensheathing cells,Developmental progression,0.0587415092995083,0.0345636066773639,0.024178,-0.024178,-0.2485,-41.16,41.16,0.0587415092995083,0.0345636066773639,0.3072614551414523,0.1892576640486445,70165,3947
PNS_glia,PG_M4,PG_M1,Neural crest (PNS glia),Melanocyte cells,Developmental progression,0.0587415092995083,0.0176525964166413,0.041089,-0.041089,-0.4608,-69.95,69.95,0.0587415092995083,0.0176525964166413,0.3072614551414523,0.1084117825690859,70165,3293
PNS_neurons,PN_M4,PN_M5,Neural crest (PNS neurons),Olfactory sensory neurons,Developmental progression,0.0325816694353412,0.0168344453051467,0.015747,-0.015747,-0.2365,-48.33,48.33,0.0325816694353412,0.0168344453051467,0.213131920339739,0.1110972288163122,51569,40019
PNS_neurons,PN_M4,PN_M2,Neural crest (PNS neurons),Dorsal root ganglion neurons,Developmental progression,0.0325816694353412,0.0130459925399131,0.019536,-0.019536,-0.3113,-59.96,59.96,0.0325816694353412,0.0130459925399131,0.213131920339739,0.1072876041905635,51569,13077
PNS_neurons,PN_M4,PN_M3,Neural crest (PNS neurons),Enteric neurons,Developmental progression,0.0325816694353412,0.0291462293712137,0.003435,-0.003435,-0.0463,-10.54,10.54,0.0325816694353412,0.0291462293712137,0.213131920339739,0.1907248798830165,51569,4787
PNS_neurons,PN_M5,PN_M1,Olfactory sensory neurons,Corticofugal neurons,Developmental progression,0.0168344453051467,0.0113603689189724,0.005474,-0.005474,-0.108,-32.52,32.52,0.0168344453051467,0.0113603689189724,0.1110972288163122,0.0765942287139294,40019,2807
PNS_neurons,PN_M4,PN_M6,Neural crest (PNS neurons),Otic sensory neurons,Developmental progression,0.0325816694353412,0.0396210975126069,0.007039,0.007039,0.0867,21.61,21.61,0.0325816694353412,0.0396210975126069,0.213131920339739,0.23419173890872,51569,7844
PNS_neurons,PN_M4,PN_M8,Neural crest (PNS neurons),Sympathetic neurons,Developmental progression,0.0325816694353412,0.0351394983093496,0.002558,0.002558,0.0331,7.85,7.85,0.0325816694353412,0.0351394983093496,0.213131920339739,0.2196091240677228,51569,18369
PNS_neurons,PN_M4,PN_M7,Neural crest (PNS neurons),Parasympathetic neurons,Developmental progression,0.0325816694353412,0.0271897787887252,0.005392,-0.005392,-0.0747,-16.55,16.55,0.0325816694353412,0.0271897787887252,0.213131920339739,0.1852029211061893,51569,8353
PNS_neurons,PN_M4,PN_M1,Neural crest (PNS neurons),Corticofugal neurons,Developmental progression,0.0325816694353412,0.0113603689189724,0.021221,-0.021221,-0.3388,-65.13,65.13,0.0325816694353412,0.0113603689189724,0.213131920339739,0.0765942287139294,51569,2807
Lateral_plate_mesoderm,L_M24,L_M16,Somatic mesoderm,Limb mesenchyme progenitors,Developmental progression,0.0426248394582477,0.0712391219804276,0.028614,0.028614,0.2559,67.13,67.13,0.0426248394582477,0.0712391219804276,0.2372555053218769,0.3366051686942199,126741,223422
Lateral_plate_mesoderm,L_M25,L_M9,Splanchnic mesoderm,Foregut mesenchyme,Developmental progression,0.150717741774099,0.248403028674831,0.097685,0.097685,0.4646,64.81,64.81,0.150717741774099,0.248403028674831,0.4988371455643172,0.7149130120615863,127703,17991
Lateral_plate_mesoderm,L_M25,L_M14,Splanchnic mesoderm,Hepatic mesenchyme,Developmental progression,0.150717741774099,0.140350006688226,0.010368,-0.010368,-0.0566,-6.88,6.88,0.150717741774099,0.140350006688226,0.4988371455643172,0.5270519085050633,127703,28242
Lateral_plate_mesoderm,L_M25,L_M19,Splanchnic mesoderm,Mesothelial cells,Developmental progression,0.150717741774099,0.104133533746545,0.046584,-0.046584,-0.2502,-30.91,30.91,0.150717741774099,0.104133533746545,0.4988371455643172,0.3522994038269916,127703,59211
Lateral_plate_mesoderm,L_M26,L_M27,Vascular smooth muscle cells,Vascular smooth muscle cells (Pparg+),Developmental progression,0.0327537031671794,0.0175213189588189,0.015232,-0.015232,-0.1981,-46.51,46.51,0.0327537031671794,0.0175213189588189,0.1679152352965523,0.0916083916083916,24161,11440
Lateral_plate_mesoderm,L_M7,L_M16,Extraembryonic mesoderm,Limb mesenchyme progenitors,Developmental progression,0.0873044235518559,0.0712391219804276,0.016065,-0.016065,-0.1231,-18.4,18.4,0.0873044235518559,0.0712391219804276,0.3677945188815321,0.3366051686942199,57543,223422
Lateral_plate_mesoderm,L_M25,L_M21,Splanchnic mesoderm,Renal stromal cells,Developmental progression,0.150717741774099,0.12250925440894,0.028208,-0.028208,-0.1562,-18.72,18.72,0.150717741774099,0.12250925440894,0.4988371455643172,0.4587916884931028,127703,22908
Lateral_plate_mesoderm,L_M13,L_M10,Gut mesenchyme,Gastrointestinal smooth muscle cells,Developmental progression,0.303656467669776,0.175433626696003,0.128223,-0.128223,-0.5903,-42.23,42.23,0.303656467669776,0.175433626696003,0.819960352279744,0.5137788778877888,61542,12120
Lateral_plate_mesoderm,L_M25,L_M8,Splanchnic mesoderm,First heart field,Developmental progression,0.150717741774099,0.0400722239676056,0.110646,-0.110646,-0.7299,-73.41,73.41,0.150717741774099,0.0400722239676056,0.4988371455643172,0.2393618878067511,127703,28647
Lateral_plate_mesoderm,L_M25,L_M17,Splanchnic mesoderm,Lung mesenchyme,Developmental progression,0.150717741774099,0.275575162340582,0.124857,0.124857,0.5802,82.84,82.84,0.150717741774099,0.275575162340582,0.4988371455643172,0.7244212400841833,127703,74124
Lateral_plate_mesoderm,L_M25,L_M11,Splanchnic mesoderm,Gonad progenitor cells,Developmental progression,0.150717741774099,0.0340977961432506,0.11662,-0.11662,-0.7725,-77.38,77.38,0.150717741774099,0.0340977961432506,0.4988371455643172,0.1989995650282731,127703,4598
Lateral_plate_mesoderm,L_M24,L_M19,Somatic mesoderm,Mesothelial cells,Developmental progression,0.0426248394582477,0.104133533746545,0.061509,0.061509,0.4318,144.3,144.3,0.0426248394582477,0.104133533746545,0.2372555053218769,0.3522994038269916,126741,59211
Lateral_plate_mesoderm,L_M24,L_M20,Somatic mesoderm,Proepicardium,Developmental progression,0.0426248394582477,0.025752480261492,0.016872,-0.016872,-0.1981,-39.58,39.58,0.0426248394582477,0.025752480261492,0.2372555053218769,0.1687383467992542,126741,9654
Lateral_plate_mesoderm,L_M25,L_M20,Splanchnic mesoderm,Proepicardium,Developmental progression,0.150717741774099,0.025752480261492,0.124965,-0.124965,-0.85,-82.91,82.91,0.150717741774099,0.025752480261492,0.4988371455643172,0.1687383467992542,127703,9654
Lateral_plate_mesoderm,L_M8,L_M5,First heart field,Atrial cardiomyocytes,Developmental progression,0.0400722239676056,0.0183703991705546,0.021702,-0.021702,-0.2939,-54.16,54.16,0.0400722239676056,0.0183703991705546,0.2393618878067511,0.1244167962674961,28647,1286
Lateral_plate_mesoderm,L_M24,L_M22,Somatic mesoderm,Second heart field,Developmental progression,0.0426248394582477,0.081937392014576,0.039313,0.039313,0.3209,92.23,92.23,0.0426248394582477,0.081937392014576,0.2372555053218769,0.3604749787955895,126741,3537
Lateral_plate_mesoderm,L_M11,L_M12,Gonad progenitor cells,Granulosa cells,Developmental progression,0.0340977961432506,0.0308148148148148,0.003283,-0.003283,-0.0417,-9.63,9.63,0.0340977961432506,0.0308148148148148,0.1989995650282731,0.2129629629629629,4598,108
Lateral_plate_mesoderm,L_M25,L_M26,Splanchnic mesoderm,Vascular smooth muscle cells,Developmental progression,0.150717741774099,0.0327537031671794,0.117964,-0.117964,-0.7771,-78.27,78.27,0.150717741774099,0.0327537031671794,0.4988371455643172,0.1679152352965523,127703,24161
Lateral_plate_mesoderm,L_M8,L_M28,First heart field,Ventricular cardiomyocytes,Developmental progression,0.0400722239676056,0.0173494868362338,0.022723,-0.022723,-0.3046,-56.7,56.7,0.0400722239676056,0.0173494868362338,0.2393618878067511,0.1052208835341365,28647,3735
Lateral_plate_mesoderm,L_M26,L_M18,Vascular smooth muscle cells,Meninges,Developmental progression,0.0327537031671794,0.0316048724383103,0.001149,-0.001149,-0.0135,-3.51,3.51,0.0327537031671794,0.0316048724383103,0.1679152352965523,0.1714240903387704,24161,6376
Lateral_plate_mesoderm,L_M11,L_M1,Gonad progenitor cells,Adrenocortical cells,Developmental progression,0.0340977961432506,0.032671223388743,0.001427,-0.001427,-0.0173,-4.18,4.18,0.0340977961432506,0.032671223388743,0.1989995650282731,0.1938976377952755,4598,3048
Lateral_plate_mesoderm,L_M26,L_M2,Vascular smooth muscle cells,Airway smooth muscle cells,Developmental progression,0.0327537031671794,0.061525063258704,0.028771,0.028771,0.2871,87.84,87.84,0.0327537031671794,0.061525063258704,0.1679152352965523,0.3034015566445661,24161,6938
Lateral_plate_mesoderm,L_M11,L_M23,Gonad progenitor cells,Sertoli cells,Developmental progression,0.0340977961432506,0.0642867946480511,0.030189,0.030189,0.3054,88.54,88.54,0.0340977961432506,0.0642867946480511,0.1989995650282731,0.3257707969749854,4598,1719
Lateral_plate_mesoderm,L_M11,L_M15,Gonad progenitor cells,Leydig cells,Developmental progression,0.0340977961432506,0.0664512471655328,0.032353,0.032353,0.3106,94.88,94.88,0.0340977961432506,0.0664512471655328,0.1989995650282731,0.3231292517006803,4598,294
Endothelium,En_M5,En_M12,Endothelium,Venous and capillary endothelial cells,Developmental progression,0.0285445559065688,0.0190406602863132,0.009504,-0.009504,-0.1456,-33.29,33.29,0.0285445559065688,0.0190406602863132,0.1915202571634429,0.1164423836164171,90215,59523
Endothelium,En_M5,En_M2,Endothelium,Brain capillary endothelial cells,Developmental progression,0.0285445559065688,0.0187198468644545,0.009825,-0.009825,-0.1533,-34.42,34.42,0.0285445559065688,0.0187198468644545,0.1915202571634429,0.1305751367020225,90215,15179
Endothelium,En_M5,En_M11,Endothelium,Pericytes,Developmental progression,0.0285445559065688,0.0609145183604095,0.03237,0.03237,0.3252,113.4,113.4,0.0285445559065688,0.0609145183604095,0.1915202571634429,0.2839558875844895,90215,14055
Endothelium,En_M5,En_M8,Endothelium,Liver sinusoidal endothelial cells,Developmental progression,0.0285445559065688,0.018327244262638,0.010217,-0.010217,-0.1568,-35.79,35.79,0.0285445559065688,0.018327244262638,0.1915202571634429,0.1136614505551587,90215,30802
Endothelium,En_M2,En_M3,Brain capillary endothelial cells,Brain pericytes,Developmental progression,0.0187198468644545,0.0159403434399287,0.00278,-0.00278,-0.0501,-14.85,14.85,0.0187198468644545,0.0159403434399287,0.1305751367020225,0.1150124412496544,15179,3617
Endothelium,En_M5,En_M4,Endothelium,Endocardial cells,Developmental progression,0.0285445559065688,0.0284576868105401,8.7e-5,-8.7e-5,-0.0012,-0.3,0.3,0.0285445559065688,0.0284576868105401,0.1915202571634429,0.1832137019401606,90215,14071
Endothelium,En_M5,En_M10,Endothelium,Microvascular endothelial cells,Developmental progression,0.0285445559065688,0.0209879089615931,0.007557,-0.007557,-0.1132,-26.47,26.47,0.0285445559065688,0.0209879089615931,0.1915202571634429,0.1274893314366998,90215,5624
Endothelium,En_M5,En_M6,Endothelium,Glomerular endothelial cells,Developmental progression,0.0285445559065688,0.0355606357031993,0.007016,0.007016,0.0844,24.58,24.58,0.0285445559065688,0.0355606357031993,0.1915202571634429,0.1689752318347223,90215,17038
Endothelium,En_M5,En_M9,Endothelium,Lymphatic vessel endothelial cells,Developmental progression,0.0285445559065688,0.0386245817228839,0.01008,0.01008,0.1308,35.31,35.31,0.0285445559065688,0.0386245817228839,0.1915202571634429,0.2194388381020222,90215,25269
Mesoderm,M_M18,M_M10,Sclerotome,Fibroblasts,Developmental progression,0.213199982788934,0.104950915147271,0.108249,-0.108249,-0.5057,-50.77,50.77,0.213199982788934,0.104950915147271,0.5227546882440929,0.2902806688897152,476671,648059
Mesoderm,M_M18,M_M8,Sclerotome,Early chondrocytes,Developmental progression,0.213199982788934,0.217367385409744,0.004167,0.004167,0.0177,1.95,1.95,0.213199982788934,0.217367385409744,0.5227546882440929,0.5513647608290428,476671,144311
Mesoderm,M_M18,M_M4,Sclerotome,Chondrocytes (Atp1a2+),Developmental progression,0.213199982788934,0.14391799682279,0.069282,-0.069282,-0.3199,-32.5,32.5,0.213199982788934,0.14391799682279,0.5227546882440929,0.4169509846974968,476671,118412
Mesoderm,M_M12,M_M14,Muscle progenitor cells,Myoblasts,Developmental progression,0.175475743225531,0.0770520506242563,0.098424,-0.098424,-0.513,-56.09,56.09,0.175475743225531,0.0770520506242563,0.4509753118406929,0.2310943144316854,27017,185751
Mesoderm,M_M10,M_M17,Fibroblasts,Pre-osteoblasts (Sp7+),Developmental progression,0.104950915147271,0.227826060316771,0.122875,0.122875,0.5618,117.08,117.08,0.104950915147271,0.227826060316771,0.2902806688897152,0.5550396267651756,648059,135893
Mesoderm,M_M2,M_M3,Adipocyte progenitor cells,Brown adipocyte cells,Developmental progression,0.0552055848561182,0.0186811873426554,0.036524,-0.036524,-0.3938,-66.16,66.16,0.0552055848561182,0.0186811873426554,0.2040054482167179,0.070205159506222,19823,80279
Mesoderm,M_M9,M_M8,Facial mesenchyme,Early chondrocytes,Developmental progression,0.166692163688615,0.217367385409744,0.050675,0.050675,0.2308,30.4,30.4,0.166692163688614,0.217367385409744,0.4500773346710141,0.5513647608290428,382752,144311
Mesoderm,M_M7,M_M12,Dermomyotome,Muscle progenitor cells,Developmental progression,0.167724643445085,0.175475743225531,0.007751,0.007751,0.036,4.62,4.62,0.167724643445085,0.175475743225531,0.4588013552286185,0.4509753118406929,131048,27017
Mesoderm,M_M14,M_M16,Myoblasts,Myotubes,Developmental progression,0.0770520506242563,0.0403787707280922,0.036673,-0.036673,-0.2764,-47.6,47.6,0.0770520506242563,0.0403787707280922,0.2310943144316854,0.1406845864053435,185751,43267
Mesoderm,M_M7,M_M6,Dermomyotome,Dermatome,Developmental progression,0.167724643445085,0.171476347617675,0.003752,0.003752,0.0168,2.24,2.24,0.167724643445085,0.171476347617675,0.4588013552286185,0.4149722456860142,131048,198888
Mesoderm,M_M2,M_M1,Adipocyte progenitor cells,Adipocyte cells (Cyp2e1+),Developmental progression,0.0552055848561182,0.0291599429378469,0.026046,-0.026046,-0.2612,-47.18,47.18,0.0552055848561182,0.0291599429378469,0.2040054482167179,0.1068447412353923,19823,14376
Mesoderm,M_M11,M_M7,Mesodermal progenitors (Tbx6+),Dermomyotome,Developmental progression,0.203653567390066,0.167724643445085,0.035929,-0.035929,-0.182,-17.64,17.64,0.203653567390066,0.167724643445085,0.5902036761053154,0.4588013552286185,50325,131048
Mesoderm,M_M7,M_M14,Dermomyotome,Myoblasts,Developmental progression,0.167724643445085,0.0770520506242563,0.090673,-0.090673,-0.4996,-54.06,54.06,0.167724643445085,0.0770520506242563,0.4588013552286185,0.2310943144316854,131048,185751
Mesoderm,M_M4,M_M5,Chondrocytes (Atp1a2+),Chondrocytes (Otor+),Developmental progression,0.14391799682279,0.0731810429543494,0.070737,-0.070737,-0.4094,-49.15,49.15,0.14391799682279,0.0731810429543494,0.4169509846974968,0.2204260963276133,118412,12063
Mesoderm,M_M9,M_M17,Facial mesenchyme,Pre-osteoblasts (Sp7+),Developmental progression,0.166692163688615,0.227826060316771,0.061134,0.061134,0.2682,36.67,36.67,0.166692163688614,0.227826060316771,0.4500773346710141,0.5550396267651756,382752,135893
Mesoderm,M_M13,M_M15,Muscle progenitor cells (Prdm1+),Myofibroblasts,Developmental progression,0.11767405743322,0.0397253035113405,0.077949,-0.077949,-0.6235,-66.24,66.24,0.11767405743322,0.0397253035113405,0.4090093681482958,0.1830447543855657,5017,43951
Mesoderm,M_M12,M_M13,Muscle progenitor cells,Muscle progenitor cells (Prdm1+),Developmental progression,0.175475743225531,0.11767405743322,0.057802,-0.057802,-0.301,-32.94,32.94,0.175475743225531,0.11767405743322,0.4509753118406929,0.4090093681482958,27017,5017
Mesoderm,M_M10,M_M2,Fibroblasts,Adipocyte progenitor cells,Developmental progression,0.104950915147271,0.0552055848561182,0.049745,-0.049745,-0.3245,-47.4,47.4,0.104950915147271,0.0552055848561182,0.2902806688897152,0.2040054482167179,648059,19823
Mesoderm,M_M11,M_M9,Mesodermal progenitors (Tbx6+),Facial mesenchyme,Developmental progression,0.203653567390066,0.166692163688615,0.036961,-0.036961,-0.1869,-18.15,18.15,0.203653567390066,0.166692163688614,0.5902036761053154,0.4500773346710141,50325,382752
Epithelial_cells,Ep_M21,Ep_M14,Placodal area,Olfactory epithelial cells,Developmental progression,0.116338746850168,0.0292890835691831,0.08705,-0.08705,-0.7084,-74.82,74.82,0.116338746850168,0.0292890835691831,0.4584167514522957,0.1760823257628034,60938,33331
Epithelial_cells,Ep_M22,Ep_M3,Pre-epidermal keratinocytes,Basal keratinocytes,Developmental progression,0.068327674924098,0.166734129617341,0.098406,0.098406,0.6172,144.02,144.02,0.068327674924098,0.166734129617341,0.3177129770458558,0.5406053800214384,114402,19591
Epithelial_cells,Ep_M21,Ep_M5,Placodal area,Branchial arch epithelium,Developmental progression,0.116338746850168,0.0656113704261951,0.050727,-0.050727,-0.3629,-43.6,43.6,0.116338746850168,0.0656113704261951,0.4584167514522957,0.287183351971605,60938,41134
Epithelial_cells,Ep_M22,Ep_M10,Pre-epidermal keratinocytes,Granular keratinocytes,Developmental progression,0.068327674924098,0.0282803097136228,0.040047,-0.040047,-0.3844,-58.61,58.61,0.068327674924098,0.0282803097136228,0.3177129770458558,0.1569989073691878,114402,41185
Epithelial_cells,Ep_M21,Ep_M15,Placodal area,Olfactory pit cells,Developmental progression,0.116338746850168,0.0616816701372203,0.054657,-0.054657,-0.405,-46.98,46.98,0.116338746850168,0.0616816701372203,0.4584167514522957,0.3527150408457472,60938,2081
Epithelial_cells,Ep_M22,Ep_M2,Pre-epidermal keratinocytes,Apical ectodermal ridge,Developmental progression,0.068327674924098,0.0486001404247849,0.019728,-0.019728,-0.1765,-28.87,28.87,0.068327674924098,0.0486001404247849,0.3177129770458558,0.2581358609794629,114402,6330
Epithelial_cells,Ep_M20,Ep_M19,Pituitary/Pineal gland progenitors,Pituitary gland cells,Developmental progression,0.122428554403527,0.0420872504252842,0.080341,-0.080341,-0.6438,-65.62,65.62,0.122428554403528,0.0420872504252842,0.5205577404361816,0.2375100725221595,2797,4964
Epithelial_cells,Ep_M5,Ep_M9,Branchial arch epithelium,Dental epithelial cells,Developmental progression,0.0656113704261951,0.157606168725526,0.091995,0.091995,0.6446,140.21,140.21,0.0656113704261951,0.157606168725526,0.287183351971605,0.5870948197515904,41134,9903
Epithelial_cells,Ep_M5,Ep_M26,Branchial arch epithelium,Tooth junctional epithelium,Developmental progression,0.0656113704261951,0.0069894524407889,0.058622,-0.058622,-0.6507,-89.35,89.35,0.0656113704261951,0.0069894524407889,0.287183351971605,0.0448937628512679,41134,2918
Epithelial_cells,Ep_M21,Ep_M20,Placodal area,Pituitary/Pineal gland progenitors,Developmental progression,0.116338746850168,0.122428554403527,0.00609,0.00609,0.0396,5.23,5.23,0.116338746850168,0.122428554403528,0.4584167514522957,0.5205577404361816,60938,2797
Epithelial_cells,Ep_M14,Ep_M13,Olfactory epithelial cells,Olfactory bulb cells,Developmental progression,0.0292890835691831,0.0143109148550724,0.014978,-0.014978,-0.2276,-51.14,51.14,0.0292890835691831,0.0143109148550724,0.1760823257628034,0.0957880434782608,33331,5888
Epithelial_cells,Ep_M21,Ep_M16,Placodal area,Otic epithelial cells,Developmental progression,0.116338746850168,0.0504007605109967,0.065938,-0.065938,-0.5062,-56.68,56.68,0.116338746850168,0.0504007605109967,0.4584167514522957,0.2798513822135869,60938,29337
Epithelial_cells,Ep_M10,Ep_M7,Granular keratinocytes,Conjunctival goblet cells,Developmental progression,0.0282803097136228,0.0138035012504465,0.014477,-0.014477,-0.2138,-51.19,51.19,0.0282803097136228,0.0138035012504465,0.1569989073691878,0.0787781350482315,41185,1244
Epithelial_cells,Ep_M10,Ep_M4,Granular keratinocytes,Bladder urothelial cells,Developmental progression,0.0282803097136228,0.0172443936701362,0.011036,-0.011036,-0.1535,-39.02,39.02,0.0282803097136228,0.0172443936701362,0.1569989073691878,0.102056359482102,41185,1313
Epithelial_cells,Ep_M10,Ep_M8,Granular keratinocytes,Corneal epithelial cells,Developmental progression,0.0282803097136228,0.011776540919398,0.016504,-0.016504,-0.2499,-58.36,58.36,0.0282803097136228,0.011776540919398,0.1569989073691878,0.072356215213358,41185,1078
Epithelial_cells,Ep_M21,Ep_M25,Placodal area,Thyroid gland cells,Developmental progression,0.116338746850168,0.038178143923391,0.078161,-0.078161,-0.6176,-67.18,67.18,0.116338746850168,0.038178143923391,0.4584167514522957,0.1989860583016476,60938,1578
Epithelial_cells,Ep_M21,Ep_M24,Placodal area,Thymic epithelial cells,Developmental progression,0.116338746850168,0.0362581311306143,0.080081,-0.080081,-0.6398,-68.83,68.83,0.116338746850168,0.0362581311306143,0.4584167514522957,0.1961796592669075,60938,1937
Epithelial_cells,Ep_M21,Ep_M17,Placodal area,Parathyroid epithelial cells,Developmental progression,0.116338746850168,0.0772016936104696,0.039137,-0.039137,-0.2798,-33.64,33.64,0.116338746850168,0.0772016936104696,0.4584167514522957,0.348729792147806,60938,433
Epithelial_cells,Ep_M24,Ep_M5,Thymic epithelial cells,Branchial arch epithelium,Developmental progression,0.0362581311306143,0.0656113704261951,0.029353,0.029353,0.2801,80.96,80.96,0.0362581311306143,0.0656113704261951,0.1961796592669075,0.287183351971605,1937,41134
Epithelial_cells,Ep_M16,Ep_M6,Otic epithelial cells,Cochlear hair cells,Developmental progression,0.0504007605109967,0.0121587301587301,0.038242,-0.038242,-0.4993,-75.88,75.88,0.0504007605109967,0.0121587301587301,0.2798513822135869,0.0905923344947735,29337,574
Epithelial_cells,Ep_M21,Ep_M12,Placodal area,Nonsensory cochlear epithelium,Developmental progression,0.116338746850168,0.0216993464052287,0.094639,-0.094639,-0.7989,-81.35,81.35,0.116338746850168,0.0216993464052287,0.4584167514522957,0.1176470588235294,60938,51
Epithelial_cells,Ep_M5,Ep_M17,Branchial arch epithelium,Parathyroid epithelial cells,Developmental progression,0.0656113704261951,0.0772016936104696,0.01159,0.01159,0.095,17.67,17.67,0.0656113704261951,0.0772016936104696,0.287183351971605,0.348729792147806,41134,433
Epithelial_cells,Ep_M15,Ep_M11,Olfactory pit cells,Lens epithelial cells,Developmental progression,0.0616816701372203,0.0369815853236413,0.0247,-0.0247,-0.2541,-40.04,40.04,0.0616816701372203,0.0369815853236413,0.3527150408457472,0.2180685358255451,2081,1605
Epithelial_cells,Ep_M20,Ep_M18,Pituitary/Pineal gland progenitors,Pineal gland,Developmental progression,0.122428554403527,0.0127701646090534,0.109658,-0.109658,-0.9694,-89.57,89.57,0.122428554403528,0.0127701646090534,0.5205577404361816,0.0759259259259259,2797,540
Brain_spinal_cord,BS_M54,BS_M15,Telencephalon,Dorsal telencephalon,Developmental progression,0.109373441164647,0.0750209448616616,0.034352,-0.034352,-0.2132,-31.41,31.41,0.109373441164647,0.0750209448616616,0.302681867711874,0.2468816348195329,430409,30144
Brain_spinal_cord,BS_M20,BS_M34,Hindbrain,Floorplate and p3 domain,Developmental progression,0.194404347706721,0.257831102209815,0.063427,0.063427,0.2978,32.63,32.63,0.194404347706721,0.257831102209815,0.5204365471431395,0.6822546230440967,197367,44992
Brain_spinal_cord,BS_M25,BS_M23,Midbrain,Hypothalamus (Sim1+),Developmental progression,0.111195562915097,0.241549726438526,0.130354,0.130354,0.673,117.23,117.23,0.111195562915097,0.241549726438526,0.3047669579118547,0.6625829854219424,145124,14611
Brain_spinal_cord,BS_M40,BS_M35,Spinal cord/r7/r8,Posterior roof plate,Developmental progression,0.20034856098446,0.187715459367514,0.012633,-0.012633,-0.0586,-6.31,6.31,0.20034856098446,0.187715459367514,0.5359269631681647,0.4951389486363245,395636,11623
Brain_spinal_cord,BS_M40,BS_M34,Spinal cord/r7/r8,Floorplate and p3 domain,Developmental progression,0.20034856098446,0.257831102209815,0.057483,0.057483,0.2703,28.69,28.69,0.20034856098446,0.257831102209815,0.5359269631681647,0.6822546230440967,395636,44992
Brain_spinal_cord,BS_M14,BS_M15,Diencephalon,Dorsal telencephalon,Developmental progression,0.198702006920801,0.0750209448616616,0.123681,-0.123681,-0.6853,-62.24,62.24,0.198702006920801,0.0750209448616616,0.5265761782084311,0.2468816348195329,78021,30144
Brain_spinal_cord,BS_M27,BS_M2,Midbrain-hindbrain boundary,Anterior roof plate,Developmental progression,0.169063178523438,0.0683586702095352,0.100705,-0.100705,-0.6097,-59.57,59.57,0.169063178523438,0.0683586702095352,0.4839036793752175,0.2271710771524413,66071,16098
Brain_spinal_cord,BS_M14,BS_M23,Diencephalon,Hypothalamus (Sim1+),Developmental progression,0.198702006920801,0.241549726438526,0.042848,0.042848,0.2047,21.56,21.56,0.198702006920801,0.241549726438526,0.5265761782084311,0.6625829854219424,78021,14611
Brain_spinal_cord,BS_M22,BS_M23,Hypothalamus,Hypothalamus (Sim1+),Developmental progression,0.288575040460044,0.241549726438526,0.047025,-0.047025,-0.2373,-16.3,16.3,0.288575040460044,0.241549726438526,0.7748697965453932,0.6625829854219424,53378,14611
Brain_spinal_cord,BS_M27,BS_M34,Midbrain-hindbrain boundary,Floorplate and p3 domain,Developmental progression,0.169063178523438,0.257831102209815,0.088768,0.088768,0.4367,52.51,52.51,0.169063178523438,0.257831102209815,0.4839036793752175,0.6822546230440967,66071,44992
Brain_spinal_cord,BS_M44,BS_M18,Spinal dI4 interneurons,GABAergic neurons (after E13.0),Developmental progression,0.0685788652515395,0.0665618987890793,0.002017,-0.002017,-0.0138,-2.94,2.94,0.0685788652515395,0.0665618987890793,0.1727324497825637,0.1962541609019054,38632,292004
Brain_spinal_cord,BS_M45,BS_M19,Spinal dI5 interneurons,Glutamatergic neurons (after E13.0),Developmental progression,0.0908732471376854,0.0596380055049316,0.031235,-0.031235,-0.2041,-34.37,34.37,0.0908732471376854,0.0596380055049316,0.2273922925658247,0.1757833998801106,39157,570526
Brain_spinal_cord,BS_M13,BS_M19,Di/mesencephalon glutamatergic neurons,Glutamatergic neurons (after E13.0),Developmental progression,0.0629731950242009,0.0596380055049316,0.003335,-0.003335,-0.0237,-5.3,5.3,0.0629731950242009,0.0596380055049316,0.1607471208748669,0.1757833998801106,30999,570526
Brain_spinal_cord,BS_M17,BS_M18,GABAergic cortical interneurons,GABAergic neurons (after E13.0),Developmental progression,0.0686051464367104,0.0665618987890793,0.002043,-0.002043,-0.014,-2.98,2.98,0.0686051464367104,0.0665618987890793,0.1756539088703583,0.1962541609019054,603448,292004
Brain_spinal_cord,BS_M41,BS_M19,Spinal dI1 interneurons,Glutamatergic neurons (after E13.0),Developmental progression,0.065323109335663307,0.0596380055049316,0.005685,-0.005685,-0.0404,-8.7,8.7,0.065323109335663307,0.0596380055049316,0.1675253402027216,0.1757833998801106,35714,570526
Brain_spinal_cord,BS_M12,BS_M18,Di/mesencephalon GABAergic neurons,GABAergic neurons (after E13.0),Developmental progression,0.103872811917649,0.0665618987890793,0.037311,-0.037311,-0.2301,-35.92,35.92,0.103872811917649,0.0665618987890793,0.2528064660978895,0.1962541609019054,15589,292004
Brain_spinal_cord,BS_M11,BS_M53,Deep-layer neurons,Subplate neurons,Developmental progression,0.0369367331357213,0.0298443689629836,0.007092,-0.007092,-0.068,-19.2,19.2,0.0369367331357213,0.0298443689629836,0.1029094508506696,0.0905538845421047,236402,103397
Brain_spinal_cord,BS_M21,BS_M19,Hypothalamic Sim1 neurons,Glutamatergic neurons (after E13.0),Developmental progression,0.115590498858093,0.0596380055049316,0.055952,-0.055952,-0.3425,-48.41,48.41,0.115590498858093,0.0596380055049316,0.2837893017558187,0.1757833998801106,19592,570526
Brain_spinal_cord,BS_M54,BS_M24,Telencephalon,Intermediate neuronal progenitors,Developmental progression,0.109373441164647,0.0222655770287976,0.087108,-0.087108,-0.6184,-79.64,79.64,0.109373441164647,0.0222655770287976,0.302681867711874,0.076946847960445,430409,42068
Brain_spinal_cord,BS_M54,BS_M17,Telencephalon,GABAergic cortical interneurons,Developmental progression,0.109373441164647,0.0686051464367104,0.040768,-0.040768,-0.2424,-37.27,37.27,0.109373441164647,0.0686051464367104,0.302681867711874,0.1756539088703583,430409,603448
Brain_spinal_cord,BS_M48,BS_M18,Spinal V1 interneurons,GABAergic neurons (after E13.0),Developmental progression,0.158891732397451,0.0665618987890793,0.09233,-0.09233,-0.4963,-58.11,58.11,0.158891732397451,0.0665618987890793,0.3640542697525937,0.1962541609019054,31325,292004
Brain_spinal_cord,BS_M31,BS_M40,NMPs and spinal cord progenitors,Spinal cord/r7/r8,Developmental progression,0.286019186450505,0.20034856098446,0.085671,-0.085671,-0.3907,-29.95,29.95,0.286019186450505,0.20034856098446,0.7103323780101984,0.5359269631681647,53734,395636
Brain_spinal_cord,BS_M56,BS_M53,Upper-layer neurons,Subplate neurons,Developmental progression,0.0186351884516241,0.0298443689629836,0.011209,0.011209,0.1249,60.15,60.15,0.0186351884516241,0.0298443689629836,0.0503707673691218,0.0905538845421047,238829,103397
Brain_spinal_cord,BS_M54,BS_M3,Telencephalon,Astrocytes,Developmental progression,0.109373441164647,0.218771390114909,0.109398,0.109398,0.5822,100.02,100.02,0.109373441164647,0.218771390114909,0.302681867711874,0.6340501138952164,430409,109750
Brain_spinal_cord,BS_M42,BS_M19,Spinal dI2 interneurons,Glutamatergic neurons (after E13.0),Developmental progression,0.0751345889529104,0.0596380055049316,0.015497,-0.015497,-0.1068,-20.63,20.63,0.0751345889529104,0.0596380055049316,0.1937004990157029,0.1757833998801106,21843,570526
Brain_spinal_cord,BS_M26,BS_M19,Midbrain dopaminergic neurons,Glutamatergic neurons (after E13.0),Developmental progression,0.0951567671212429,0.0596380055049316,0.035519,-0.035519,-0.2294,-37.33,37.33,0.0951567671212429,0.0596380055049316,0.2362147406733394,0.1757833998801106,5495,570526
Brain_spinal_cord,BS_M48,BS_M46,Spinal V1 interneurons,Spinal dI6 interneurons,Developmental progression,0.158891732397451,0.0998397609267841,0.059052,-0.059052,-0.298,-37.16,37.16,0.158891732397451,0.0998397609267841,0.3640542697525937,0.2604888726742065,31325,10964
Brain_spinal_cord,BS_M40,BS_M29,Spinal cord/r7/r8,Neural progenitor cells (Neurod1+),Developmental progression,0.20034856098446,0.150347214044974,0.050001,-0.050001,-0.2498,-24.96,24.96,0.20034856098446,0.150347214044974,0.5359269631681647,0.4369144821658788,395636,23270
Brain_spinal_cord,BS_M46,BS_M18,Spinal dI6 interneurons,GABAergic neurons (after E13.0),Developmental progression,0.0998397609267841,0.0665618987890793,0.033278,-0.033278,-0.213,-33.33,33.33,0.0998397609267841,0.0665618987890793,0.2604888726742065,0.1962541609019054,10964,292004
Brain_spinal_cord,BS_M50,BS_M18,Spinal V2b interneurons,GABAergic neurons (after E13.0),Developmental progression,0.0985949269297624,0.0665618987890793,0.032033,-0.032033,-0.2016,-32.49,32.49,0.0985949269297624,0.0665618987890793,0.2439650145772594,0.1962541609019054,8575,292004
Brain_spinal_cord,BS_M24,BS_M11,Intermediate neuronal progenitors,Deep-layer neurons,Developmental progression,0.0222655770287976,0.0369367331357213,0.014671,0.014671,0.152,65.89,65.89,0.0222655770287976,0.0369367331357213,0.076946847960445,0.1029094508506696,42068,236402
Brain_spinal_cord,BS_M40,BS_M48,Spinal cord/r7/r8,Spinal V1 interneurons,Developmental progression,0.20034856098446,0.158891732397451,0.041457,-0.041457,-0.1905,-20.69,20.69,0.20034856098446,0.158891732397451,0.5359269631681647,0.3640542697525937,395636,31325
Brain_spinal_cord,BS_M24,BS_M56,Intermediate neuronal progenitors,Upper-layer neurons,Developmental progression,0.0222655770287976,0.0186351884516241,0.00363,-0.00363,-0.045,-16.3,16.3,0.0222655770287976,0.0186351884516241,0.076946847960445,0.0503707673691218,42068,238829
Brain_spinal_cord,BS_M43,BS_M19,Spinal dI3 interneurons,Glutamatergic neurons (after E13.0),Developmental progression,0.0919675276388332,0.0596380055049316,0.03233,-0.03233,-0.2154,-35.15,35.15,0.0919675276388332,0.0596380055049316,0.2434622467771639,0.1757833998801106,5430,570526
Brain_spinal_cord,BS_M42,BS_M47,Spinal dI2 interneurons,Spinal V0 interneurons,Developmental progression,0.0751345889529104,0.113979929831958,0.038845,0.038845,0.2306,51.7,51.7,0.0751345889529104,0.113979929831959,0.1937004990157029,0.2900925827391721,21843,9397
Brain_spinal_cord,BS_M20,BS_M3,Hindbrain,Astrocytes,Developmental progression,0.194404347706721,0.218771390114909,0.024367,0.024367,0.1199,12.53,12.53,0.194404347706721,0.218771390114909,0.5204365471431395,0.6340501138952164,197367,109750
Brain_spinal_cord,BS_M40,BS_M3,Spinal cord/r7/r8,Astrocytes,Developmental progression,0.20034856098446,0.218771390114909,0.018423,0.018423,0.0908,9.2,9.2,0.20034856098446,0.218771390114909,0.5359269631681647,0.6340501138952164,395636,109750
Brain_spinal_cord,BS_M49,BS_M19,Spinal V2a interneurons,Glutamatergic neurons (after E13.0),Developmental progression,0.126678959004791,0.0596380055049316,0.067041,-0.067041,-0.4013,-52.92,52.92,0.126678959004791,0.0596380055049316,0.309263443289652,0.1757833998801106,11065,570526
Brain_spinal_cord,BS_M47,BS_M19,Spinal V0 interneurons,Glutamatergic neurons (after E13.0),Developmental progression,0.113979929831958,0.0596380055049316,0.054342,-0.054342,-0.341,-47.68,47.68,0.113979929831959,0.0596380055049316,0.2900925827391721,0.1757833998801106,9397,570526
Brain_spinal_cord,BS_M3,BS_M28,Astrocytes,Multiciliated ependymal cells,Developmental progression,0.218771390114909,0.132780523277847,0.085991,-0.085991,-0.4835,-39.31,39.31,0.218771390114909,0.132780523277847,0.6340501138952164,0.4428817451205511,109750,10452
Brain_spinal_cord,BS_M40,BS_M45,Spinal cord/r7/r8,Spinal dI5 interneurons,Developmental progression,0.20034856098446,0.0908732471376854,0.109475,-0.109475,-0.5692,-54.64,54.64,0.20034856098446,0.0908732471376854,0.5359269631681647,0.2273922925658247,395636,39157
Brain_spinal_cord,BS_M40,BS_M44,Spinal cord/r7/r8,Spinal dI4 interneurons,Developmental progression,0.20034856098446,0.0685788652515395,0.13177,-0.13177,-0.7131,-65.77,65.77,0.20034856098446,0.0685788652515395,0.5359269631681647,0.1727324497825637,395636,38632
Brain_spinal_cord,BS_M51,BS_M19,Spinal V3 interneurons,Glutamatergic neurons (after E13.0),Developmental progression,0.192935423593941,0.0596380055049316,0.133297,-0.133297,-0.7657,-69.09,69.09,0.192935423593941,0.0596380055049316,0.4797297297297297,0.1757833998801106,4440,570526
Brain_spinal_cord,BS_M33,BS_M8,Oligodendrocyte progenitor cells,Committed oligodendrocyte precursors,Developmental progression,0.0846382603363418,0.0964004078907364,0.011762,0.011762,0.0826,13.9,13.9,0.0846382603363418,0.0964004078907364,0.3132917823995664,0.3152815013404825,29522,1865
Brain_spinal_cord,BS_M3,BS_M33,Astrocytes,Oligodendrocyte progenitor cells,Developmental progression,0.218771390114909,0.0846382603363418,0.134133,-0.134133,-0.8142,-61.31,61.31,0.218771390114909,0.0846382603363418,0.6340501138952164,0.3132917823995664,109750,29522
Brain_spinal_cord,BS_M20,BS_M6,Hindbrain,Cerebellum-related cells,Developmental progression,0.194404347706721,0.221606887928188,0.027203,0.027203,0.1239,13.99,13.99,0.194404347706721,0.221606887928188,0.5204365471431395,0.5837656722870731,197367,9252
Brain_spinal_cord,BS_M40,BS_M38,Spinal cord/r7/r8,Spinal cord motor neurons,Developmental progression,0.20034856098446,0.129057282206927,0.071291,-0.071291,-0.3515,-35.58,35.58,0.20034856098446,0.129057282206927,0.5359269631681647,0.330239898989899,395636,31680
Brain_spinal_cord,BS_M45,BS_M43,Spinal dI5 interneurons,Spinal dI3 interneurons,Developmental progression,0.0908732471376854,0.0919675276388332,0.001094,0.001094,0.0066,1.2,1.2,0.0908732471376854,0.0919675276388332,0.2273922925658247,0.2434622467771639,39157,5430
Brain_spinal_cord,BS_M20,BS_M41,Hindbrain,Spinal dI1 interneurons,Developmental progression,0.194404347706721,0.065323109335663307,0.129081,-0.129081,-0.7048,-66.4,66.4,0.194404347706721,0.065323109335663307,0.5204365471431395,0.1675253402027216,197367,35714
Brain_spinal_cord,BS_M42,BS_M5,Spinal dI2 interneurons,Cerebellar Purkinje cells,Developmental progression,0.0751345889529104,0.031021598872637,0.044113,-0.044113,-0.3545,-58.71,58.71,0.0751345889529104,0.031021598872637,0.1937004990157029,0.1260799640947002,21843,26737
Brain_spinal_cord,BS_M25,BS_M13,Midbrain,Di/mesencephalon glutamatergic neurons,Developmental progression,0.111195562915097,0.0629731950242009,0.048222,-0.048222,-0.2895,-43.37,43.37,0.111195562915097,0.0629731950242009,0.3047669579118547,0.1607471208748669,145124,30999
Brain_spinal_cord,BS_M20,BS_M30,Hindbrain,Neural progenitor cells (Ror1+),Developmental progression,0.194404347706721,0.0922267155414433,0.102178,-0.102178,-0.5557,-52.56,52.56,0.194404347706721,0.0922267155414433,0.5204365471431395,0.3057761732851985,197367,33240
Brain_spinal_cord,BS_M52,BS_M19,Striatal projection neurons,Glutamatergic neurons (after E13.0),Developmental progression,0.0600005944867049,0.0596380055049316,3.63e-4,-3.63e-4,-0.0027,-0.6,0.6,0.0600005944867049,0.0596380055049316,0.1666399358460304,0.1757833998801106,6235,570526
Brain_spinal_cord,BS_M15,BS_M7,Dorsal telencephalon,Choroid plexus,Developmental progression,0.0750209448616616,0.090335119315514,0.015314,0.015314,0.1143,20.41,20.41,0.0750209448616616,0.090335119315514,0.2468816348195329,0.3430780637644317,30144,9441
Brain_spinal_cord,BS_M40,BS_M42,Spinal cord/r7/r8,Spinal dI2 interneurons,Developmental progression,0.20034856098446,0.0751345889529104,0.125214,-0.125214,-0.6729,-62.5,62.5,0.20034856098446,0.0751345889529104,0.5359269631681647,0.1937004990157029,395636,21843
Brain_spinal_cord,BS_M54,BS_M4,Telencephalon,Cajal-Retzius cells,Developmental progression,0.109373441164647,0.0355346151882381,0.073839,-0.073839,-0.5124,-67.51,67.51,0.109373441164647,0.0355346151882381,0.302681867711874,0.1419263352199797,430409,81803
Brain_spinal_cord,BS_M25,BS_M12,Midbrain,Di/mesencephalon GABAergic neurons,Developmental progression,0.111195562915097,0.103872811917649,0.007323,-0.007323,-0.04,-6.59,6.59,0.111195562915097,0.103872811917649,0.3047669579118547,0.2528064660978895,145124,15589
Brain_spinal_cord,BS_M14,BS_M55,Diencephalon,Thalamic neuronal precursors,Developmental progression,0.198702006920801,0.0449708244819441,0.153731,-0.153731,-0.9185,-77.37,77.37,0.198702006920801,0.0449708244819441,0.5265761782084311,0.1883650413263559,78021,81788
Brain_spinal_cord,BS_M2,BS_M7,Anterior roof plate,Choroid plexus,Developmental progression,0.0683586702095352,0.090335119315514,0.021976,0.021976,0.167,32.15,32.15,0.0683586702095352,0.090335119315514,0.2271710771524413,0.3430780637644317,16098,9441
Brain_spinal_cord,BS_M24,BS_M9,Intermediate neuronal progenitors,Cortical Interneurons (Prox1+),Developmental progression,0.0222655770287976,0.03421632528649,0.011951,0.011951,0.1261,53.67,53.67,0.0222655770287976,0.03421632528649,0.076946847960445,0.0943745863666446,42068,7555
Brain_spinal_cord,BS_M34,BS_M10,Floorplate and p3 domain,Cranial motor neurons,Developmental progression,0.257831102209815,0.151365557824696,0.106466,-0.106466,-0.5077,-41.29,41.29,0.257831102209815,0.151365557824696,0.6822546230440967,0.3805674833712217,44992,23754
Brain_spinal_cord,BS_M25,BS_M52,Midbrain,Striatal projection neurons,Developmental progression,0.111195562915097,0.0600005944867049,0.051195,-0.051195,-0.3145,-46.04,46.04,0.111195562915097,0.0600005944867049,0.3047669579118547,0.1666399358460304,145124,6235
Brain_spinal_cord,BS_M6,BS_M28,Cerebellum-related cells,Multiciliated ependymal cells,Developmental progression,0.221606887928188,0.132780523277847,0.088826,-0.088826,-0.4527,-40.08,40.08,0.221606887928188,0.132780523277847,0.5837656722870731,0.4428817451205511,9252,10452
Brain_spinal_cord,BS_M34,BS_M28,Floorplate and p3 domain,Multiciliated ependymal cells,Developmental progression,0.257831102209815,0.132780523277847,0.125051,-0.125051,-0.6621,-48.5,48.5,0.257831102209815,0.132780523277847,0.6822546230440967,0.4428817451205511,44992,10452
Brain_spinal_cord,BS_M23,BS_M21,Hypothalamus (Sim1+),Hypothalamic Sim1 neurons,Developmental progression,0.241549726438526,0.115590498858093,0.125959,-0.125959,-0.645,-52.15,52.15,0.241549726438526,0.115590498858093,0.6625829854219424,0.2837893017558187,14611,19592
Brain_spinal_cord,BS_M34,BS_M32,Floorplate and p3 domain,Neurons (Slc17a8+),Developmental progression,0.257831102209815,0.141902440321808,0.115929,-0.115929,-0.5662,-44.96,44.96,0.257831102209815,0.141902440321808,0.6822546230440967,0.3490035769034236,44992,1957
Brain_spinal_cord,BS_M40,BS_M49,Spinal cord/r7/r8,Spinal V2a interneurons,Developmental progression,0.20034856098446,0.126678959004791,0.07367,-0.07367,-0.3617,-36.77,36.77,0.20034856098446,0.126678959004791,0.5359269631681647,0.309263443289652,395636,11065
Brain_spinal_cord,BS_M1,BS_M26,Anterior floor plate,Midbrain dopaminergic neurons,Developmental progression,0.17392096368855,0.0951567671212429,0.078764,-0.078764,-0.4568,-45.29,45.29,0.17392096368855,0.0951567671212429,0.5374831018802999,0.2362147406733394,16274,5495
Brain_spinal_cord,BS_M7,BS_M16,Choroid plexus,Ependymal cells,Developmental progression,0.090335119315514,0.0478373648942709,0.042498,-0.042498,-0.3686,-47.04,47.04,0.090335119315514,0.0478373648942709,0.3430780637644317,0.2161153519932145,9441,5895
Brain_spinal_cord,BS_M21,BS_M36,Hypothalamic Sim1 neurons,Precerebellar neurons,Developmental progression,0.115590498858093,0.0874845460209683,0.028106,-0.028106,-0.1596,-24.32,24.32,0.115590498858093,0.0874845460209683,0.2837893017558187,0.2255054432348367,19592,1286
Brain_spinal_cord,BS_M47,BS_M36,Spinal V0 interneurons,Precerebellar neurons,Developmental progression,0.113979929831958,0.0874845460209683,0.026495,-0.026495,-0.1537,-23.25,23.25,0.113979929831959,0.0874845460209683,0.2900925827391721,0.2255054432348367,9397,1286
Brain_spinal_cord,BS_M40,BS_M51,Spinal cord/r7/r8,Spinal V3 interneurons,Developmental progression,0.20034856098446,0.192935423593941,0.007413,-0.007413,-0.0354,-3.7,3.7,0.20034856098446,0.192935423593941,0.5359269631681647,0.4797297297297297,395636,4440
Brain_spinal_cord,BS_M40,BS_M50,Spinal cord/r7/r8,Spinal V2b interneurons,Developmental progression,0.20034856098446,0.0985949269297624,0.101754,-0.101754,-0.5221,-50.79,50.79,0.20034856098446,0.0985949269297624,0.5359269631681647,0.2439650145772594,395636,8575
Brain_spinal_cord,BS_M54,BS_M33,Telencephalon,Oligodendrocyte progenitor cells,Developmental progression,0.109373441164647,0.0846382603363418,0.024735,-0.024735,-0.1555,-22.62,22.62,0.109373441164647,0.0846382603363418,0.302681867711874,0.3132917823995664,430409,29522
Brain_spinal_cord,BS_M20,BS_M33,Hindbrain,Oligodendrocyte progenitor cells,Developmental progression,0.194404347706721,0.0846382603363418,0.109766,-0.109766,-0.6205,-56.46,56.46,0.194404347706721,0.0846382603363418,0.5204365471431395,0.3132917823995664,197367,29522
Gastrulation_E8.5b,Ga_M12,L_M8,Cardiogenic mesoderm,First heart field,Dataset equivalence,0.0031095907766375,0.0400722239676056,0.0369626331909681,0.0369626331909681,NA,NA,NA,0.0031095907766375,0.0400722239676056,NA,NA,NA,NA
Gastrulation_E8.5b,Ga_M26,L_M8,Lateral plate mesoderm,First heart field,Dataset equivalence,0.0180307924203273,0.0400722239676056,0.0220414315472783,0.0220414315472783,NA,NA,NA,0.0180307924203273,0.0400722239676056,NA,NA,NA,NA
Gastrulation_E8.5b,Ga_M21,G_M8,Gut,Gut,Dataset equivalence,0.0180522737927801,0.163179081651295,0.145126807858515,0.145126807858515,NA,NA,NA,0.0180522737927801,0.163179081651295,NA,NA,NA,NA
Gastrulation_E8.5b,Ga_M22,L_M13,Gut mesenchyme,Gut mesenchyme,Dataset equivalence,0.0743738132498696,0.303656467669776,0.229282654419906,0.229282654419906,NA,NA,NA,0.0743738132498696,0.303656467669776,NA,NA,NA,NA
Gastrulation_E8.5b,Ga_M23,En_M7,Hematoendothelial progenitors,Hematoendothelial progenitors,Dataset equivalence,0.0010999914464117,NA,NA,NA,NA,NA,NA,0.0010999914464117,NA,NA,NA,NA,NA
Gastrulation_E8.5b,Ga_M17,En_M7,Endothelium,Hematoendothelial progenitors,Dataset equivalence,7.44512333107e-4,NA,NA,NA,NA,NA,NA,7.44512333107e-4,NA,NA,NA,NA,NA
Gastrulation_E8.5b,Ga_M24,BS_M20,Hindbrain,Hindbrain,Dataset equivalence,0.0103043927648578,0.194404347706721,0.184099954941864,0.184099954941864,NA,NA,NA,0.0103043927648578,0.194404347706721,NA,NA,NA,NA
Brain_spinal_cord,BS_M20,BS_M2,Hindbrain,Anterior roof plate,Developmental progression,0.194404347706721,0.0683586702095352,0.126045677497186,-0.126045677497186,NA,NA,NA,0.194404347706721,0.0683586702095352,NA,NA,NA,NA
Gastrulation_E8.5b,Ga_M27,BS_M25,Midbrain,Midbrain,Dataset equivalence,0.0038412956930872,0.111195562915097,0.10735426722201,0.10735426722201,NA,NA,NA,0.0038412956930872,0.111195562915097,NA,NA,NA,NA
Gastrulation_E8.5b,Ga_M31,M_M11,Paraxial mesoderm (Tbx6+),Mesodermal progenitors (Tbx6+),Dataset equivalence,0.0069135722626425,0.203653567390066,0.196739995127424,0.196739995127424,NA,NA,NA,0.0069135722626425,0.203653567390066,NA,NA,NA,NA
Gastrulation_E8.5b,Ga_M27,BS_M27,Midbrain,Midbrain-hindbrain boundary,Dataset equivalence,0.0038412956930872,0.169063178523438,0.165221882830351,0.165221882830351,NA,NA,NA,0.0038412956930872,0.169063178523438,NA,NA,NA,NA
Gastrulation_E8.5b,Ga_M29,PG_M4,Neural crest,Neural crest (PNS glia),Dataset equivalence,2.769301895515e-4,0.0587415092995083,0.0584645791099568,0.0584645791099568,NA,NA,NA,2.769301895515e-4,0.0587415092995083,NA,NA,NA,NA
Gastrulation_E8.5b,Ga_M14,BS_M31,CLE and NMPs,NMPs and spinal cord progenitors,Dataset equivalence,0.006091635505698,0.286019186450505,0.279927550944807,0.279927550944807,NA,NA,NA,0.006091635505698,0.286019186450505,NA,NA,NA,NA
Gastrulation_E8.5b,Ga_M30,No_M1,Notochord,Notochord,Dataset equivalence,0.0314645191409897,0.283269485903814,0.251804966762825,0.251804966762825,NA,NA,NA,0.0314645191409897,0.283269485903814,NA,NA,NA,NA
Gastrulation_E8.5b,Ga_M36,Ep_M14,Surface ectoderm,Olfactory epithelial cells,Dataset equivalence,0.0026115682766845,0.0292890835691831,0.0266775152924986,0.0266775152924986,NA,NA,NA,0.0026115682766845,0.0292890835691831,NA,NA,NA,NA
Gastrulation_E8.5b,Ga_M36,Ep_M16,Surface ectoderm,Otic epithelial cells,Dataset equivalence,0.0026115682766845,0.0504007605109967,0.0477891922343122,0.0477891922343122,NA,NA,NA,0.0026115682766845,0.0504007605109967,NA,NA,NA,NA
Gastrulation_E8.5b,Ga_M36,Ep_M21,Surface ectoderm,Placodal area,Dataset equivalence,0.0026115682766845,0.116338746850168,0.113727178573484,0.113727178573484,NA,NA,NA,0.0026115682766845,0.116338746850168,NA,NA,NA,NA
Gastrulation_E8.5b,Ga_M19,BS_M34,Floor plate,Floorplate and p3 domain,Dataset equivalence,0.0965757967269595,0.257831102209815,0.161255305482855,0.161255305482855,NA,NA,NA,0.0965757967269595,0.257831102209815,NA,NA,NA,NA
Gastrulation_E8.5b,Ga_M35,BS_M35,Spinal cord,Posterior roof plate,Dataset equivalence,0.015675142118863,0.187715459367514,0.172040317248651,0.172040317248651,NA,NA,NA,0.015675142118863,0.187715459367514,NA,NA,NA,NA
Gastrulation_E8.5b,Ga_M36,Ep_M22,Surface ectoderm,Pre-epidermal keratinocytes,Dataset equivalence,0.0026115682766845,0.068327674924098,0.0657161066474135,0.0657161066474135,NA,NA,NA,0.0026115682766845,0.068327674924098,NA,NA,NA,NA
Gastrulation_E8.5b,Ga_M33,B_M24,Primitive erythroid cells,Primitive erythroid cells,Dataset equivalence,4.304977883409e-4,NA,NA,NA,NA,NA,NA,4.304977883409e-4,NA,NA,NA,NA,NA
Gastrulation_E8.5b,Ga_M34,Ep_M23,Primordial germ cells,Primordial germ cells,Dataset equivalence,0.002028947368421,NA,NA,NA,NA,NA,NA,0.002028947368421,NA,NA,NA,NA,NA
Gastrulation_E8.5b,Ga_M25,R_M10,Intermediate mesoderm,Posterior intermediate mesoderm,Dataset equivalence,0.0089153091060985,0.0642664255765199,0.0553511164704214,0.0553511164704214,NA,NA,NA,0.0089153091060985,0.0642664255765199,NA,NA,NA,NA
Gastrulation_E8.5b,Ga_M7,L_M3,Allantois,Allantois,Dataset equivalence,0.0045471152322079,NA,NA,NA,NA,NA,NA,0.0045471152322079,NA,NA,NA,NA,NA
Gastrulation_E8.5b,Ga_M8,Ep_M1,Amniotic ectoderm,Amniotic ectoderm,Dataset equivalence,0.0015600084817642,NA,NA,NA,NA,NA,NA,0.0015600084817642,NA,NA,NA,NA,NA
Gastrulation_E8.5b,Ga_M9,L_M4,Amniotic mesoderm,Amniotic mesoderm,Dataset equivalence,0.0083873456790123,NA,NA,NA,NA,NA,NA,0.0083873456790123,NA,NA,NA,NA,NA
Gastrulation_E8.5b,Ga_M19,BS_M1,Floor plate,Anterior floor plate,Dataset equivalence,0.0965757967269595,0.17392096368855,0.0773451669615904,0.0773451669615904,NA,NA,NA,0.0965757967269595,0.17392096368855,NA,NA,NA,NA
Gastrulation_E8.5b,Ga_M25,R_M1,Intermediate mesoderm,Anterior intermediate mesoderm,Dataset equivalence,0.0089153091060985,0.0340170787662503,0.0251017696601518,0.0251017696601518,NA,NA,NA,0.0089153091060985,0.0340170787662503,NA,NA,NA,NA
Gastrulation_E8.5b,Ga_M24,BS_M2,Hindbrain,Anterior roof plate,Dataset equivalence,0.0103043927648578,0.0683586702095352,0.0580542774446774,0.0580542774446774,NA,NA,NA,0.0103043927648578,0.0683586702095352,NA,NA,NA,NA
Gastrulation_E8.5b,Ga_M17,En_M1,Endothelium,Arterial endothelial cells,Dataset equivalence,7.44512333107e-4,NA,NA,NA,NA,NA,NA,7.44512333107e-4,NA,NA,NA,NA,NA
Gastrulation_E8.5b,Ga_M13,L_M6,Cardiopharyngeal mesoderm,Cardiopharyngeal mesoderm,Dataset equivalence,0.0099859480076282,NA,NA,NA,NA,NA,NA,0.0099859480076282,NA,NA,NA,NA,NA
Gastrulation_E8.5b,Ga_M32,M_M7,Paraxial mesoderm (Tbx6-),Dermomyotome,Dataset equivalence,0.0165324893609412,0.167724643445085,0.151192154084144,0.151192154084144,NA,NA,NA,0.0165324893609412,0.167724643445085,NA,NA,NA,NA
Gastrulation_E8.5b,Ga_M20,BS_M14,Forebrain,Diencephalon,Dataset equivalence,0.0092119586346318,0.198702006920801,0.189490048286169,0.189490048286169,NA,NA,NA,0.0092119586346318,0.198702006920801,NA,NA,NA,NA
Gastrulation_E8.5b,Ga_M17,En_M5,Endothelium,Endothelium,Dataset equivalence,7.44512333107e-4,0.0285445559065688,0.0278000435734618,0.0278000435734618,NA,NA,NA,7.44512333107e-4,0.0285445559065688,NA,NA,NA,NA
Gastrulation_E8.5b,Ga_M23,En_M5,Hematoendothelial progenitors,Endothelium,Dataset equivalence,0.0010999914464117,0.0285445559065688,0.0274445644601571,0.0274445644601571,NA,NA,NA,0.0010999914464117,0.0285445559065688,NA,NA,NA,NA
Gastrulation_E8.5b,Ga_M18,L_M7,Extraembryonic mesoderm,Extraembryonic mesoderm,Dataset equivalence,0.0240241077019411,0.0873044235518559,0.0632803158499148,0.0632803158499148,NA,NA,NA,0.0240241077019411,0.0873044235518559,NA,NA,NA,NA
Gastrulation_E8.5b,Ga_M3,G_M6,Extraembryonic visceral endoderm,Extraembryonic visceral endoderm,Dataset equivalence,0.0108630853661039,NA,NA,NA,NA,NA,NA,0.0108630853661039,NA,NA,NA,NA,NA
Gastrulation_E8.5b,Ga_M20,Ey_M7,Forebrain,Eye field,Dataset equivalence,0.0092119586346318,0.0837496419071004,0.0745376832724686,0.0745376832724686,NA,NA,NA,0.0092119586346318,0.0837496419071004,NA,NA,NA,NA
Gastrulation_E8.5b,Ga_M32,M_M9,Paraxial mesoderm (Tbx6-),Facial mesenchyme,Dataset equivalence,0.0165324893609412,0.166692163688614,0.150159674327673,0.150159674327673,NA,NA,NA,0.0165324893609412,0.166692163688614,NA,NA,NA,NA
Gastrulation_E8.5b,Ga_M29,M_M9,Neural crest,Facial mesenchyme,Dataset equivalence,2.769301895515e-4,0.166692163688614,0.166415233499063,0.166415233499063,NA,NA,NA,2.769301895515e-4,0.166692163688614,NA,NA,NA,NA
Gastrulation_E8.5b,Ga_M26,L_M24,Lateral plate mesoderm,Somatic mesoderm,Dataset equivalence,0.0180307924203273,0.0426248394582477,0.0245940470379204,0.0245940470379204,NA,NA,NA,0.0180307924203273,0.0426248394582477,NA,NA,NA,NA
Gastrulation_E8.5b,Ga_M35,BS_M40,Spinal cord,Spinal cord/r7/r8,Dataset equivalence,0.015675142118863,0.20034856098446,0.184673418865597,0.184673418865597,NA,NA,NA,0.015675142118863,0.20034856098446,NA,NA,NA,NA
Gastrulation_E8.5b,Ga_M26,L_M25,Lateral plate mesoderm,Splanchnic mesoderm,Dataset equivalence,0.0180307924203273,0.150717741774099,0.132686949353772,0.132686949353772,NA,NA,NA,0.0180307924203273,0.150717741774099,NA,NA,NA,NA
Gastrulation_E8.5b,Ga_M20,BS_M54,Forebrain,Telencephalon,Dataset equivalence,0.0092119586346318,0.109373441164647,0.100161482530016,0.100161482530016,NA,NA,NA,0.0092119586346318,0.109373441164647,NA,NA,NA,NA
Endothelium,En_M7,En_M5,Hematoendothelial progenitors,Endothelium,Developmental progression,NA,0.0285445559065688,NA,NA,NA,NA,NA,NA,0.0285445559065688,NA,NA,NA,NA
Endothelium,En_M5,En_M1,Endothelium,Arterial endothelial cells,Developmental progression,0.0285445559065688,NA,NA,NA,NA,NA,NA,0.0285445559065688,NA,NA,NA,NA,NA
Lateral_plate_mesoderm,L_M7,L_M3,Extraembryonic mesoderm,Allantois,Developmental progression,0.0873044235518559,NA,NA,NA,NA,NA,NA,0.0873044235518559,NA,NA,NA,NA,NA
Gastrulation_E8.5b,Ga_M20,BS_M22,Forebrain,Hypothalamus,Dataset equivalence,0.0092119586346318,0.288575040460044,0.279363081825413,0.279363081825413,NA,NA,NA,0.0092119586346318,0.288575040460044,NA,NA,NA,NA
Gastrulation_E8.5b,Ga_M26,L_M22,Lateral plate mesoderm,Second heart field,Dataset equivalence,0.0180307924203273,0.081937392014576,0.0639065995942487,0.0639065995942487,NA,NA,NA,0.0180307924203273,0.081937392014576,NA,NA,NA,NA
Gastrulation_E8.5b,Ga_M29,PN_M4,Neural crest,Neural crest (PNS neurons),Dataset equivalence,2.769301895515e-4,0.0325816694353412,0.0323047392457897,0.0323047392457897,NA,NA,NA,2.769301895515e-4,0.0325816694353412,NA,NA,NA,NA
Gastrulation_E8.5b,Ga_M32,M_M18,Paraxial mesoderm (Tbx6-),Sclerotome,Dataset equivalence,0.0165324893609412,0.213199982788934,0.196667493427993,0.196667493427993,NA,NA,NA,0.0165324893609412,0.213199982788934,NA,NA,NA,NA
Gastrulation_E8.5b,Ga_M12,L_M22,Cardiogenic mesoderm,Second heart field,Dataset equivalence,0.0031095907766375,0.081937392014576,0.0788278012379385,0.0788278012379385,NA,NA,NA,0.0031095907766375,0.081937392014576,NA,NA,NA,NA
Gastrulation_E8.5b,Ga_M11,B_M11,Blood progenitors,Hematopoietic stem cells (Cd34+),Dataset equivalence,4.122453548242e-4,0.0158012774098601,0.0153890320550359,0.0153890320550359,NA,NA,NA,4.122453548242e-4,0.0158012774098601,NA,NA,NA,NA
Lateral_plate_mesoderm,L_M22,L_M5,Second heart field,Atrial cardiomyocytes,Developmental progression,0.063567,-0.063567,0.081937392014576,0.0183703991705546,167,176, NA,sh_node_x,sh_node_y,0.3604749787955895,0.1244167962674961,n_x,n_y
