system	meta_group	total_cells_node	node_age_mean	node_age_weighted	n_celltypes_in_node
Blood	B_M1	1304	42.59969325153374	43.86438071683025	1
Blood	B_M10	2845	31.58558875219684	31.64218639298221	1
Blood	B_M11	31693	25.957466948537533	26.85552296339827	1
Blood	B_M12	15396	33.728890620940504	35.481474696214924	1
Blood	B_M13	19084	34.24523160762943	33.33123333000244	1
Blood	B_M14	13184	35.19554004854369	35.08821021584147	1
Blood	B_M15	11206	24.007406746385865	24.029584810133013	1
Blood	B_M16	12442	21.00884102234367	21.45279141720714	1
Blood	B_M17	4642	28.9366652305041	28.85070875726104	1
Blood	B_M18	19516	34.55036892805903	32.69931846896988	1
Blood	B_M19	15310	36.997713912475504	35.2199026753726	1
Blood	B_M2	2293	39.77191452245966	39.415010460104135	1
Blood	B_M20	1400	36.88285714285714	37.99644722718983	1
Blood	B_M21	2147	35.640428504890544	35.51043681144635	1
Blood	B_M22	685	34.35036496350365	34.32459078749369	1
Blood	B_M23	7462	39.59220048244438	38.25549950898394	1
Blood	B_M24	108605	9.883458404309192	10.447194712604544	1
Blood	B_M25	4765	37.0115424973767	38.57016912462018	1
Blood	B_M26	22815	40.52623274161736	40.27329241456016	1
Blood	B_M27	987	29.931104356636272	29.859142459442698	1
Blood	B_M3	1023	32.81818181818182	33.17589047889176	1
Blood	B_M4	19693	38.97953587569187	39.584422816485265	1
Blood	B_M5	42271	30.054079629060112	30.42500816230218	1
Blood	B_M6	1728	37.842592592592595	37.859653388261975	1
Blood	B_M7	2600	34.68692307692308	35.90002104765782	1
Blood	B_M8	741363	30.65950418351063	30.6952471474605	1
Blood	B_M9	73181	34.113130457359155	35.68295638542336	1
Brain_spinal_cord	BS_M1	16234	12.310582727608724	12.798416559340923	1
Brain_spinal_cord	BS_M10	20964	15.441900400686892	14.773544870483581	1
Brain_spinal_cord	BS_M11	164552	29.526113325878743	29.952184660663292	1
Brain_spinal_cord	BS_M12	15589	15.46782988004362	15.69088251472566	1
Brain_spinal_cord	BS_M13	30999	14.63263331075196	14.629775312087578	1
Brain_spinal_cord	BS_M14	77273	12.980601244936784	12.468808622406232	1
Brain_spinal_cord	BS_M15	29378	14.87412349377085	15.797142447234531	1
Brain_spinal_cord	BS_M16	2872	37.866991643454035	37.95125814364831	1
Brain_spinal_cord	BS_M17	380281	28.59438941204004	28.69272972028673	1
Brain_spinal_cord	BS_M18	205268	29.148284194321576	28.76439647203634	1
Brain_spinal_cord	BS_M19	372925	29.548930750150845	29.79343030686558	1
Brain_spinal_cord	BS_M2	16080	8.603047263681592	9.35163078819726	1
Brain_spinal_cord	BS_M20	196381	10.7855698871072	10.981179182619696	1
Brain_spinal_cord	BS_M21	19592	14.546345447121274	14.678482118936904	1
Brain_spinal_cord	BS_M22	52884	13.195049542394676	13.211105373924768	1
Brain_spinal_cord	BS_M23	14571	10.527280214123945	10.475635996216417	1
Brain_spinal_cord	BS_M24	37282	25.44579153478891	26.3381883647615	1
Brain_spinal_cord	BS_M25	143471	14.921614821113671	14.82312394247023	1
Brain_spinal_cord	BS_M26	5495	15.634576888080073	15.504999003062116	1
Brain_spinal_cord	BS_M27	66056	7.778506116022768	7.327085836303372	1
Brain_spinal_cord	BS_M28	4451	36.398786789485506	36.69223542922437	1
Brain_spinal_cord	BS_M29	23099	14.219490021213039	13.987930938484894	1
Brain_spinal_cord	BS_M3	52629	32.779000171008384	31.80262636547822	1
Brain_spinal_cord	BS_M30	12037	37.714463736811496	36.8816468154458	1
Brain_spinal_cord	BS_M31	53719	5.563562240548037	5.4510732158772575	1
Brain_spinal_cord	BS_M32	1938	17.978328173374614	17.31352963791685	1
Brain_spinal_cord	BS_M33	10900	37.43284403669725	37.76511412425749	1
Brain_spinal_cord	BS_M34	44899	9.24298982159959	9.211649375949458	1
Brain_spinal_cord	BS_M35	11564	8.931771013490142	8.867702489537479	1
Brain_spinal_cord	BS_M36	1286	15.754276827371696	16.080627411453445	1
Brain_spinal_cord	BS_M37	8087	22.59193767775442	22.88250571876845	1
Brain_spinal_cord	BS_M38	31602	11.769001961901145	11.872253705719062	1
Brain_spinal_cord	BS_M39	1965	22.713994910941476	22.581525953748397	1
Brain_spinal_cord	BS_M4	67799	23.989881856664553	23.318396212168512	1
Brain_spinal_cord	BS_M40	395141	10.183443378439586	9.929216764160484	1
Brain_spinal_cord	BS_M41	35714	13.616284930279445	13.053201404559523	1
Brain_spinal_cord	BS_M42	21843	13.045323444581788	12.635771729648866	1
Brain_spinal_cord	BS_M43	5430	14.864456721915282	15.356306882271067	1
Brain_spinal_cord	BS_M44	38632	15.515013460343756	15.701676994591702	1
Brain_spinal_cord	BS_M45	39157	14.471103506397323	14.733480786810656	1
Brain_spinal_cord	BS_M46	10964	14.303903684786574	15.111644109689149	1
Brain_spinal_cord	BS_M47	9397	13.055230392678514	13.291942723529798	1
Brain_spinal_cord	BS_M48	31325	12.807214684756584	12.45297114552636	1
Brain_spinal_cord	BS_M49	11065	13.321825576140984	12.63465589192929	1
Brain_spinal_cord	BS_M5	21825	24.96898052691867	24.547276763787774	1
Brain_spinal_cord	BS_M50	8575	14.195102040816328	14.28598568350218	1
Brain_spinal_cord	BS_M51	4440	13.687837837837838	13.53732020595192	1
Brain_spinal_cord	BS_M52	6235	9.706335204490776	9.755190183782137	1
Brain_spinal_cord	BS_M53	35716	38.0497816104827	36.48007345462247	1
Brain_spinal_cord	BS_M54	413590	18.602492806886037	19.235662176168606	1
Brain_spinal_cord	BS_M55	57266	29.112806901128067	28.934336376516775	1
Brain_spinal_cord	BS_M56	96626	36.76237244633949	37.01807338350018	1
Brain_spinal_cord	BS_M6	4226	35.50970184571699	34.72108630364846	1
Brain_spinal_cord	BS_M7	7264	24.31525330396476	23.93547946361678	1
Brain_spinal_cord	BS_M8	512	39.498046875	39.34878121458656	1
Brain_spinal_cord	BS_M9	2800	35.29714285714286	35.18479463113795	1
Endothelium	En_M1	23238	15.691109389792583	15.892289172351457	1
Endothelium	En_M10	2888	38.74445983379501	38.81576765136392	1
Endothelium	En_M11	11678	26.640863161500256	26.812703279035308	1
Endothelium	En_M12	29811	38.27899097648519	38.81411211112565	1
Endothelium	En_M2	11258	22.678806182270385	22.22059524082163	1
Endothelium	En_M3	1609	30.148539465506527	31.11828325149389	1
Endothelium	En_M4	12185	12.716044316782927	12.53385432381544	1
Endothelium	En_M5	87850	12.034604439385314	12.305081784747145	1
Endothelium	En_M6	10331	36.28787145484464	36.53230881506355	1
Endothelium	En_M7	9693	4.612813370473537	4.372629044120434	1
Endothelium	En_M8	18008	33.18319635717459	34.309698143180114	1
Endothelium	En_M9	9999	33.89348934893489	34.35963281256564	1
Epithelial_cells	Ep_M1	11493	7.501522665970591	7.532759552859062	1
Epithelial_cells	Ep_M10	33413	28.2499027324694	28.466314743885803	1
Epithelial_cells	Ep_M11	654	31.05198776758409	31.762780585441067	1
Epithelial_cells	Ep_M12	30	39.56666666666667	40.30893726318542	1
Epithelial_cells	Ep_M13	3454	28.154313839027218	28.617844226386865	1
Epithelial_cells	Ep_M14	29880	15.33413654618474	14.8546044249727	1
Epithelial_cells	Ep_M15	2080	7.719230769230769	7.687590238669733	1
Epithelial_cells	Ep_M16	26153	14.266049783963595	14.54316545911461	1
Epithelial_cells	Ep_M17	199	25.97989949748744	25.396420441967788	1
Epithelial_cells	Ep_M18	155	39.303225806451614	38.86765407124673	1
Epithelial_cells	Ep_M19	2980	31.668456375838925	32.071233257012295	1
Epithelial_cells	Ep_M2	6328	10.674936788874842	9.498369695665383	1
Epithelial_cells	Ep_M20	2366	20.362214708368555	20.77057811884348	1
Epithelial_cells	Ep_M21	59952	7.190969442220443	7.350172509814615	1
Epithelial_cells	Ep_M22	112634	12.419819947795515	12.049528142257323	1
Epithelial_cells	Ep_M23	1384	23.57369942196532	22.93855829016844	1
Epithelial_cells	Ep_M24	912	32.584429824561404	33.65292749191887	1
Epithelial_cells	Ep_M25	936	34.3525641025641	34.54126669360193	1
Epithelial_cells	Ep_M26	905	38.550276243093926	38.62028955001262	1
Epithelial_cells	Ep_M3	13356	34.93845462713387	35.149269441980536	1
Epithelial_cells	Ep_M4	536	37.3134328358209	37.02920734105827	1
Epithelial_cells	Ep_M5	29374	25.73517396336897	25.847871944191464	1
Epithelial_cells	Ep_M6	248	36.354838709677416	36.79717365383567	1
Epithelial_cells	Ep_M7	566	37.17667844522968	38.25728408246055	1
Epithelial_cells	Ep_M8	894	36.391498881431765	35.83818956138062	1
Epithelial_cells	Ep_M9	4112	35.11843385214008	36.08567373453683	1
Eye	Ey_M1	2609	40.87504791107704	40.7753222705037	1
Eye	Ey_M10	22496	34.066678520625885	34.53983356319809	1
Eye	Ey_M11	3437	13.6491125981961	14.255105470726752	1
Eye	Ey_M12	1540	40.176623376623375	39.475164904431594	1
Eye	Ey_M13	742	33.66576819407008	32.86399119552576	1
Eye	Ey_M14	6903	33.147037519918875	32.338532443224345	1
Eye	Ey_M15	1850	22.778378378378378	21.952251870167945	1
Eye	Ey_M16	4757	35.38805970149254	35.44776134262107	1
Eye	Ey_M17	467	42.63169164882227	43.18691533752408	1
Eye	Ey_M18	4116	26.849125364431487	27.59894432241461	1
Eye	Ey_M2	2320	36.30560344827586	35.398448556996435	1
Eye	Ey_M3	1105	39.41990950226244	39.912003452646886	1
Eye	Ey_M4	580	39.18448275862069	39.01061603620683	1
Eye	Ey_M5	553	24.918625678119348	24.809566471570967	1
Eye	Ey_M6	2793	36.93197278911565	37.64925652017528	1
Eye	Ey_M7	42457	7.830251784158091	8.119862889068393	1
Eye	Ey_M8	471	35.76645435244161	36.813107921210474	1
Eye	Ey_M9	236	35.17372881355932	34.81975593867427	1
Gastrulation	Ga_M1	10351	3.588059124722249	2.4072472881622384	1
Gastrulation	Ga_M10	893	2.541993281075028	3.4783215282249413	1
Gastrulation	Ga_M11	2978	5.301880456682337	5.433704407638699	1
Gastrulation	Ga_M12	877	7.246294184720639	7.519393741851369	1
Gastrulation	Ga_M13	2214	5.9286359530261965	6.093416423761182	1
Gastrulation	Ga_M14	4992	6.545873397435898	6.957633776056414	1
Gastrulation	Ga_M15	6516	5.124309392265193	5.709787438715778	1
Gastrulation	Ga_M16	354	3.3192090395480225	3.183132530120482	1
Gastrulation	Ga_M17	982	7.2922606924643585	7.077355623100304	1
Gastrulation	Ga_M18	3194	5.718847839699436	5.445533357370507	1
Gastrulation	Ga_M19	258	7.441860465116279	7.232915196946251	1
Gastrulation	Ga_M2	268	3.014925373134328	NA	1
Gastrulation	Ga_M20	1429	7.395381385584325	6.6836210170922135	1
Gastrulation	Ga_M21	1896	6.431434599156118	6.468793419121943	1
Gastrulation	Ga_M22	1065	6.949295774647887	6.8294282431793585	1
Gastrulation	Ga_M23	2598	5.57197844495766	5.193701399688958	1
Gastrulation	Ga_M24	1075	7.56	7.582155574502231	1
Gastrulation	Ga_M25	1064	5.9718045112781954	6.10156606889766	1
Gastrulation	Ga_M26	2580	7.1468992248062015	7.21713978623037	1
Gastrulation	Ga_M27	1228	7.493485342019544	7.529891176332029	1
Gastrulation	Ga_M28	5501	2.7562261407016906	2.6762772098503884	1
Gastrulation	Ga_M29	721	7.783633841886269	7.988870339454647	1
Gastrulation	Ga_M3	8894	4.365302451090623	3.615744258079598	1
Gastrulation	Ga_M30	952	5.131302521008403	5.861117705535856	1
Gastrulation	Ga_M31	6185	6.044462409054163	6.140950618952095	1
Gastrulation	Ga_M32	3107	6.832635983263598	6.869166641430419	1
Gastrulation	Ga_M33	6732	6.991532976827094	6.688456082505846	1
Gastrulation	Ga_M34	380	3.892105263157895	5.165441706297738	1
Gastrulation	Ga_M35	2150	7.147906976744186	7.167634860243839	1
Gastrulation	Ga_M36	2795	6.746690518783542	6.800362285749079	1
Gastrulation	Ga_M4	1260	3.15	4.707892666724938	1
Gastrulation	Ga_M5	11315	1.9774635439681842	1.6387485390632022	1
Gastrulation	Ga_M6	7573	2.2544566222104847	1.9218891459611709	1
Gastrulation	Ga_M7	2804	6.56169757489301	6.214629937865465	1
Gastrulation	Ga_M8	524	6.351145038167939	6.441620225635449	1
Gastrulation	Ga_M9	1152	6.6640625	6.057164213431463	1
Gut	G_M1	2265	41.29668874172185	39.73165425646591	1
Gut	G_M10	220	37.804545454545455	37.091896072772954	1
Gut	G_M11	952	35.858193277310924	35.11732789073212	1
Gut	G_M12	254	40.18897637795275	38.18897637795275	1
Gut	G_M13	28164	32.7070728589689	32.63265133352364	1
Gut	G_M14	29802	35.48456479430911	35.538613244641205	1
Gut	G_M15	3480	30.792816091954023	30.44703274453358	1
Gut	G_M16	932	30.266094420600854	30.67649096017743	1
Gut	G_M2	135	38.75555555555555	39.021139931346994	1
Gut	G_M3	5304	41.65742835595777	41.022347613964	1
Gut	G_M4	7181	42.0350926054867	42.318340244969896	1
Gut	G_M5	1066	32.50562851782364	32.90269488630407	1
Gut	G_M6	1660	2.6349397590361447	2.822845131208565	1
Gut	G_M7	3988	33.1993480441324	32.66388047801252	1
Gut	G_M8	21281	7.69362341995207	7.770594416214636	1
Gut	G_M9	156655	33.21736937857074	31.889025501981674	1
Lateral_plate_mesoderm	L_M1	2148	36.0512104283054	36.900019302712344	1
Lateral_plate_mesoderm	L_M10	7825	35.00038338658147	34.67092125373224	1
Lateral_plate_mesoderm	L_M11	4229	15.92504138094112	15.911256511969723	1
Lateral_plate_mesoderm	L_M12	76	38.63157894736842	38.30346045146648	1
Lateral_plate_mesoderm	L_M13	56937	16.55085445316754	17.082057703618695	1
Lateral_plate_mesoderm	L_M14	24510	19.773684210526312	19.5220360259506	1
Lateral_plate_mesoderm	L_M15	245	34.84897959183674	34.52898647906086	1
Lateral_plate_mesoderm	L_M16	222702	14.344253756140496	14.654745719678871	1
Lateral_plate_mesoderm	L_M17	60258	32.032360848352084	31.294535269078345	1
Lateral_plate_mesoderm	L_M18	5063	24.542958720126407	24.51889069349356	1
Lateral_plate_mesoderm	L_M19	37131	26.27898521451079	25.322930727149405	1
Lateral_plate_mesoderm	L_M2	4926	36.18229801055623	37.27340487941188	1
Lateral_plate_mesoderm	L_M20	9451	13.22304518040419	13.724375238516023	1
Lateral_plate_mesoderm	L_M21	12270	35.42053789731052	35.21615256313576	1
Lateral_plate_mesoderm	L_M22	3537	6.107152954481199	5.953799803104094	1
Lateral_plate_mesoderm	L_M23	1220	32.34508196721311	31.474682262202574	1
Lateral_plate_mesoderm	L_M24	126739	7.982696723187019	7.979944291874459	1
Lateral_plate_mesoderm	L_M25	123694	13.624104645334452	13.275773400075105	1
Lateral_plate_mesoderm	L_M26	15949	33.31976926453069	32.93732906304407	1
Lateral_plate_mesoderm	L_M27	7384	37.691495124593715	38.69506664699234	1
Lateral_plate_mesoderm	L_M28	2215	37.02483069977426	36.889704701059074	1
Lateral_plate_mesoderm	L_M3	31010	7.087294421154467	6.712301265585035	1
Lateral_plate_mesoderm	L_M4	25231	10.972375252665373	10.92575866445517	1
Lateral_plate_mesoderm	L_M5	1005	30.97313432835821	31.794130647963215	1
Lateral_plate_mesoderm	L_M6	19277	7.512320381802148	7.348912471816769	1
Lateral_plate_mesoderm	L_M7	57523	5.6804408671314075	5.66356221873773	1
Lateral_plate_mesoderm	L_M8	28638	7.737237237237238	7.707005624882624	1
Lateral_plate_mesoderm	L_M9	17976	10.387572318647086	10.04227776833542	1
Mesoderm	M_M1	4767	41.8246276484162	41.50405576568115	1
Mesoderm	M_M10	473634	29.335898605252147	29.33469585879672	1
Mesoderm	M_M11	50325	5.8683755588673625	5.729460343495729	1
Mesoderm	M_M12	26992	14.867997925311206	14.589976922365002	1
Mesoderm	M_M13	5017	10.228224038269882	9.445265893202125	1
Mesoderm	M_M14	149216	28.45436146257774	27.66158466939141	1
Mesoderm	M_M15	39998	28.426821341067058	28.542951272822055	1
Mesoderm	M_M16	22340	32.48491495076097	32.88504503328093	1
Mesoderm	M_M17	86242	36.04897845597273	35.67642090980682	1
Mesoderm	M_M18	475696	11.561448908546623	11.56147442497996	1
Mesoderm	M_M2	19151	34.963605033679706	34.58405692652449	1
Mesoderm	M_M3	42631	41.015528605944034	43.015528605944034	1
Mesoderm	M_M4	97338	23.033676467566615	22.25754942636362	1
Mesoderm	M_M5	6521	35.58503297040331	35.687872130210415	1
Mesoderm	M_M6	159301	26.882593329608735	25.949338494930416	1
Mesoderm	M_M7	131041	8.742912523561326	8.205510758535159	1
Mesoderm	M_M8	130217	24.171982152867898	24.245066490289187	1
Mesoderm	M_M9	378403	12.041289313245407	11.63004606961073	1
Notochord	No_M1	3745	6.436048064085448	5.981110453932646	1
Notochord	No_M2	60	0.6666666666666666	0.4849904598975228	1
PNS_glia	PG_M1	2274	27.273526824978013	27.83810461193853	1
PNS_glia	PG_M2	28658	25.13629702002931	24.998462882869923	1
PNS_glia	PG_M3	5617	25.415168239273633	25.92035621509448	1
PNS_glia	PG_M4	69628	9.652682828747055	8.992216444655273	1
PNS_glia	PG_M5	1991	34.24510296333501	35.47856296344024	1
PNS_glia	PG_M6	4304	31.672165427509295	32.27172019731232	1
PNS_neurons	PN_M1	1413	34.89101203113942	34.09861469721295	1
PNS_neurons	PN_M2	9289	28.69404672192916	28.80024949484362	1
PNS_neurons	PN_M3	4640	11.76271551724138	11.614483517404102	1
PNS_neurons	PN_M4	50974	13.877251147643896	14.136196248171304	1
PNS_neurons	PN_M5	20964	29.828038542262927	30.783375483513293	1
PNS_neurons	PN_M6	7640	14.053403141361256	13.61523017845056	1
PNS_neurons	PN_M7	5261	32.08154343280745	32.3994158187241	1
PNS_neurons	PN_M8	12782	28.83304647160069	28.8884604709632	1
Renal	R_M1	7833	7.677390527256479	8.043300667901498	1
Renal	R_M10	10584	8.829837490551776	8.820635702904779	1
Renal	R_M11	7609	38.58259955316073	38.6682047842604	1
Renal	R_M12	7231	10.531185174941225	10.341360996964085	1
Renal	R_M13	3705	28.373009446693658	28.04721722514033	1
Renal	R_M14	253	29.08300395256917	27.99284787263915	1
Renal	R_M2	1728	39.9369212962963	39.122846375547596	1
Renal	R_M3	182	39.96703296703296	41.46781860516072	1
Renal	R_M4	840	38.62380952380953	38.09526036135436	1
Renal	R_M5	254	39.346456692913385	39.43118733972782	1
Renal	R_M6	639	39.90297339593114	39.56052986245229	1
Renal	R_M7	16036	33.3190321776004	33.23132531865703	1
Renal	R_M8	11348	35.73528375044061	35.8766915782678	1
Renal	R_M9	2396	38.69198664440734	38.786561311776474	1
