system	meta_group	total_cells_node	node_age_mean	node_age_weighted	n_celltypes_in_node	delta_input	delta_output	delta_delta
Blood	B_M1	1304	42.59969325153374	43.86438071683025	1	-0.00236	0	-0.00236
Blood	B_M10	2845	31.58558875219684	31.64218639298221	1	-0.008355	0	-0.008355
Blood	B_M11	31693	25.957466948537533	26.85552296339827	1	0.0153890320550359	0.009769	0.0056200320550359
Blood	B_M12	15396	33.728890620940504	35.481474696214924	1	-0.006278	-0.006219	-5.9000000000000025e-5
Blood	B_M13	19084	34.24523160762943	33.33123333000244	1	-0.002717	0	-0.002717
Blood	B_M14	13184	35.19554004854369	35.08821021584147	1	0.007292	0	0.007292
Blood	B_M15	11206	24.007406746385865	24.029584810133013	1	0.010634	-0.023235000000000002	0.033869
Blood	B_M16	12442	21.00884102234367	21.45279141720714	1	-0.015633	0	-0.015633
Blood	B_M17	4642	28.9366652305041	28.85070875726104	1	0.001046	0	0.001046
Blood	B_M18	19516	34.55036892805903	32.69931846896988	1	-0.010105	0.004026	-0.014131
Blood	B_M19	15310	36.997713912475504	35.2199026753726	1	-0.006219	-0.00148	-0.004739
Blood	B_M2	2293	39.77191452245966	39.415010460104135	1	1.26e-4	0	1.26e-4
Blood	B_M20	1400	36.88285714285714	37.99644722718983	1	-0.001202	0	-0.001202
Blood	B_M21	2147	35.640428504890544	35.51043681144635	1	0.004855	0	0.004855
Blood	B_M22	685	34.35036496350365	34.32459078749369	1	0.00797	0	0.00797
Blood	B_M23	7462	39.59220048244438	38.25549950898394	1	-0.00148	0	-0.00148
Blood	B_M24	108605	9.883458404309192	10.447194712604544	1	0	0	0
Blood	B_M25	4765	37.0115424973767	38.57016912462018	1	0.018283	-0.006868	0.025151
Blood	B_M26	22815	40.52623274161736	40.27329241456016	1	-0.003642	-0.00236	-0.0012819999999999997
Blood	B_M27	987	29.931104356636272	29.859142459442698	1	-0.001905	0.012118	-0.014023
Blood	B_M3	1023	32.81818181818182	33.17589047889176	1	0.013531	-0.014357	0.027888
Blood	B_M4	19693	38.97953587569187	39.584422816485265	1	-0.014357	0	-0.014357
Blood	B_M5	42271	30.054079629060112	30.42500816230218	1	-0.008031	-6.019999999999997e-4	-0.007429
Blood	B_M6	1728	37.842592592592595	37.859653388261975	1	-0.003786	0	-0.003786
Blood	B_M7	2600	34.68692307692308	35.90002104765782	1	-0.0023049999999999998	0	-0.0023049999999999998
Blood	B_M8	741363	30.65950418351063	30.6952471474605	1	-0.00457	-0.014862	0.010291999999999999
Blood	B_M9	73181	34.113130457359155	35.68295638542336	1	-0.014862	0	-0.014862
Brain_spinal_cord	BS_M1	16234	12.310582727608724	12.798416559340923	1	0.0773451669615904	-0.078764	0.15610916696159038
Brain_spinal_cord	BS_M10	20964	15.441900400686892	14.77354487048358	1	-0.106466	0	-0.106466
Brain_spinal_cord	BS_M11	164552	29.526113325878743	29.952184660663292	1	0.014671	-0.007092	0.021763
Brain_spinal_cord	BS_M12	15589	15.46782988004362	15.69088251472566	1	-0.007323	-0.037311	0.029987999999999997
Brain_spinal_cord	BS_M13	30999	14.63263331075196	14.629775312087578	1	-0.048222	-0.003335	-0.044887
Brain_spinal_cord	BS_M14	77273	12.980601244936784	12.468808622406232	1	0.189490048286169	-0.234564	0.424054048286169
Brain_spinal_cord	BS_M15	29378	14.87412349377085	15.797142447234531	1	-0.158033	0.015314	-0.173347
Brain_spinal_cord	BS_M16	2872	37.866991643454035	37.95125814364831	1	-0.042498	0	-0.042498
Brain_spinal_cord	BS_M17	380281	28.59438941204004	28.69272972028673	1	-0.040768	-0.002043	-0.038724999999999996
Brain_spinal_cord	BS_M18	205268	29.148284194321576	28.76439647203634	1	-0.199012	0	-0.199012
Brain_spinal_cord	BS_M19	372925	29.548930750150845	29.79343030686558	1	-0.434596	0	-0.434596
Brain_spinal_cord	BS_M2	16080	8.603047263681592	9.35163078819726	1	-0.1686964000525086	0.021976	-0.1906724000525086
Brain_spinal_cord	BS_M20	196381	10.7855698871072	10.981179182619696	1	0.184099954941864	-0.35207367749718604	0.53617363243905
Brain_spinal_cord	BS_M21	19592	14.546345447121274	14.678482118936904	1	-0.125959	-0.084058	-0.041900999999999994
Brain_spinal_cord	BS_M22	52884	13.195049542394676	13.211105373924768	1	0.279363081825413	-0.047025	0.32638808182541296
Brain_spinal_cord	BS_M23	14571	10.527280214123945	10.475635996216417	1	0.12617699999999998	-0.125959	0.25213599999999997
Brain_spinal_cord	BS_M24	37282	25.44579153478891	26.3381883647615	1	-0.087108	0.022992	-0.1101
Brain_spinal_cord	BS_M25	143471	14.921614821113671	14.82312394247023	1	0.10735426722201	0.023614	0.08374026722201
Brain_spinal_cord	BS_M26	5495	15.634576888080073	15.504999003062116	1	-0.078764	-0.035519	-0.043245
Brain_spinal_cord	BS_M27	66056	7.778506116022768	7.327085836303372	1	0.165221882830351	-0.011937000000000003	0.177158882830351
Brain_spinal_cord	BS_M28	4451	36.398786789485506	36.69223542922437	1	-0.299868	0	-0.299868
Brain_spinal_cord	BS_M29	23099	14.21949002121304	13.987930938484894	1	-0.050001	0	-0.050001
Brain_spinal_cord	BS_M3	52629	32.779000171008384	31.80262636547822	1	0.152188	-0.220124	0.372312
Brain_spinal_cord	BS_M30	12037	37.714463736811496	36.8816468154458	1	-0.102178	0	-0.102178
Brain_spinal_cord	BS_M31	53719	5.563562240548037	5.4510732158772575	1	0.279927550944807	-0.085671	0.365598550944807
Brain_spinal_cord	BS_M32	1938	17.978328173374614	17.31352963791685	1	-0.115929	0	-0.115929
Brain_spinal_cord	BS_M33	10900	37.43284403669725	37.76511412425749	1	-0.268634	0.011762	-0.280396
Brain_spinal_cord	BS_M34	44899	9.24298982159959	9.211649375949458	1	0.37093330548285497	-0.34744600000000003	0.718379305482855
Brain_spinal_cord	BS_M35	11564	8.931771013490142	8.867702489537479	1	0.15940731724865098	0	0.15940731724865098
Brain_spinal_cord	BS_M36	1286	15.754276827371696	16.080627411453445	1	-0.054601	0	-0.054601
Brain_spinal_cord	BS_M37	8087	22.59193767775442	22.88250571876845	1	0	0	0
Brain_spinal_cord	BS_M38	31602	11.769001961901145	11.872253705719062	1	-0.071291	0	-0.071291
Brain_spinal_cord	BS_M39	1965	22.713994910941476	22.581525953748397	1	0	0	0
Brain_spinal_cord	BS_M4	67799	23.989881856664553	23.318396212168512	1	-0.073839	0	-0.073839
Brain_spinal_cord	BS_M40	395141	10.183443378439586	9.929216764160484	1	0.09900241886559699	-0.648772	0.747774418865597
Brain_spinal_cord	BS_M41	35714	13.616284930279445	13.053201404559523	1	-0.129081	-0.005685	-0.123396
Brain_spinal_cord	BS_M42	21843	13.045323444581788	12.635771729648866	1	-0.125214	-0.020765000000000002	-0.10444899999999999
Brain_spinal_cord	BS_M43	5430	14.864456721915282	15.356306882271069	1	0.001094	-0.03233	0.033423999999999995
Brain_spinal_cord	BS_M44	38632	15.515013460343756	15.701676994591702	1	-0.13177	-0.002017	-0.129753
Brain_spinal_cord	BS_M45	39157	14.471103506397323	14.733480786810656	1	-0.109475	-0.030140999999999998	-0.079334
Brain_spinal_cord	BS_M46	10964	14.303903684786574	15.111644109689149	1	-0.059052	-0.033278	-0.025774
Brain_spinal_cord	BS_M47	9397	13.055230392678514	13.291942723529798	1	0.038845	-0.080837	0.11968200000000001
Brain_spinal_cord	BS_M48	31325	12.807214684756584	12.45297114552636	1	-0.041457	-0.151382	0.109925
Brain_spinal_cord	BS_M49	11065	13.321825576140984	12.63465589192929	1	-0.07367	-0.067041	-0.006628999999999996
Brain_spinal_cord	BS_M5	21825	24.96898052691867	24.547276763787774	1	-0.044113	0	-0.044113
Brain_spinal_cord	BS_M50	8575	14.195102040816328	14.28598568350218	1	-0.101754	-0.032033	-0.069721
Brain_spinal_cord	BS_M51	4440	13.687837837837838	13.53732020595192	1	-0.007413	-0.133297	0.125884
Brain_spinal_cord	BS_M52	6235	9.706335204490776	9.755190183782137	1	-0.051195	-3.63e-4	-0.050831999999999995
Brain_spinal_cord	BS_M53	35716	38.0497816104827	36.48007345462247	1	0.004117	0	0.004117
Brain_spinal_cord	BS_M54	413590	18.602492806886037	19.235662176168606	1	0.100161482530016	-0.151404	0.251565482530016
Brain_spinal_cord	BS_M55	57266	29.112806901128067	28.934336376516775	1	-0.153731	0	-0.153731
Brain_spinal_cord	BS_M56	96626	36.76237244633949	37.01807338350018	1	-0.00363	0.011209	-0.014839
Brain_spinal_cord	BS_M6	4226	35.50970184571699	34.72108630364846	1	0.027203	-0.088826	0.11602900000000001
Brain_spinal_cord	BS_M7	7264	24.31525330396476	23.93547946361678	1	0.03729	-0.042498	0.079788
Brain_spinal_cord	BS_M8	512	39.498046875	39.34878121458656	1	0.011762	0	0.011762
Brain_spinal_cord	BS_M9	2800	35.29714285714286	35.18479463113795	1	0.011951	0	0.011951
Endothelium	En_M1	23238	15.691109389792585	15.892289172351456	1	0	0	0
Endothelium	En_M10	2888	38.74445983379501	38.81576765136392	1	-0.007557	0	-0.007557
Endothelium	En_M11	11678	26.640863161500256	26.812703279035308	1	0.03237	0	0.03237
Endothelium	En_M12	29811	38.27899097648519	38.81411211112565	1	-0.009504	0	-0.009504
Endothelium	En_M2	11258	22.678806182270385	22.22059524082163	1	-0.009825	-0.00278	-0.007045000000000001
Endothelium	En_M3	1609	30.148539465506527	31.11828325149389	1	-0.00278	0	-0.00278
Endothelium	En_M4	12185	12.716044316782927	12.53385432381544	1	-8.7e-5	0	-8.7e-5
Endothelium	En_M5	87850	12.034604439385314	12.305081784747143	1	0.0552446080336189	0.012276000000000002	0.0429686080336189
Endothelium	En_M6	10331	36.28787145484464	36.53230881506355	1	0.007016	0	0.007016
Endothelium	En_M7	9693	4.612813370473537	4.372629044120434	1	0	0	0
Endothelium	En_M8	18008	33.18319635717459	34.309698143180114	1	-0.010217	0	-0.010217
Endothelium	En_M9	9999	33.89348934893489	34.35963281256564	1	0.01008	0	0.01008
Epithelial_cells	Ep_M1	11493	7.501522665970591	7.532759552859062	1	0	0	0
Epithelial_cells	Ep_M10	33413	28.2499027324694	28.466314743885803	1	-0.040047	-0.042017	0.0019699999999999995
Epithelial_cells	Ep_M11	654	31.05198776758409	31.762780585441067	1	-0.0247	0	-0.0247
Epithelial_cells	Ep_M12	30	39.56666666666667	40.30893726318542	1	-0.094639	0	-0.094639
Epithelial_cells	Ep_M13	3454	28.154313839027218	28.617844226386865	1	-0.014978	0	-0.014978
Epithelial_cells	Ep_M14	29880	15.33413654618474	14.8546044249727	1	-0.0603724847075014	-0.014978	-0.045394484707501404
Epithelial_cells	Ep_M15	2080	7.719230769230769	7.687590238669733	1	-0.054657	-0.0247	-0.029956999999999998
Epithelial_cells	Ep_M16	26153	14.266049783963595	14.54316545911461	1	-0.018148807765687794	-0.038242	0.020093192234312204
Epithelial_cells	Ep_M17	199	25.97989949748744	25.396420441967788	1	-0.027547	0	-0.027547
Epithelial_cells	Ep_M18	155	39.303225806451614	38.86765407124673	1	-0.109658	0	-0.109658
Epithelial_cells	Ep_M19	2980	31.668456375838925	32.071233257012295	1	-0.080341	0	-0.080341
Epithelial_cells	Ep_M2	6328	10.674936788874842	9.498369695665383	1	-0.019728	0	-0.019728
Epithelial_cells	Ep_M20	2366	20.362214708368555	20.77057811884348	1	0.00609	-0.189999	0.196089
Epithelial_cells	Ep_M21	59952	7.190969442220443	7.350172509814615	1	0.113727178573484	-0.5443	0.658027178573484
Epithelial_cells	Ep_M22	112634	12.419819947795515	12.049528142257325	1	0.0657161066474135	0.038631	0.027085106647413495
Epithelial_cells	Ep_M23	1384	23.57369942196532	22.93855829016844	1	0	0	0
Epithelial_cells	Ep_M24	912	32.584429824561404	33.65292749191887	1	-0.080081	0.029353	-0.109434
Epithelial_cells	Ep_M25	936	34.3525641025641	34.54126669360193	1	-0.078161	0	-0.078161
Epithelial_cells	Ep_M26	905	38.550276243093926	38.62028955001262	1	-0.058622	0	-0.058622
Epithelial_cells	Ep_M3	13356	34.93845462713387	35.149269441980536	1	0.098406	0	0.098406
Epithelial_cells	Ep_M4	536	37.3134328358209	37.02920734105827	1	-0.011036	0	-0.011036
Epithelial_cells	Ep_M5	29374	25.73517396336897	25.847871944191464	1	-0.021374	0.04496299999999999	-0.066337
Epithelial_cells	Ep_M6	248	36.354838709677416	36.79717365383567	1	-0.038242	0	-0.038242
Epithelial_cells	Ep_M7	566	37.17667844522968	38.25728408246055	1	-0.014477	0	-0.014477
Epithelial_cells	Ep_M8	894	36.391498881431765	35.83818956138062	1	-0.016504	0	-0.016504
Epithelial_cells	Ep_M9	4112	35.11843385214008	36.08567373453683	1	0.091995	0	0.091995
Eye	Ey_M1	2609	40.87504791107704	40.7753222705037	1	-0.00445	0.01217	-0.01662
Eye	Ey_M10	22496	34.066678520625885	34.53983356319809	1	0.049097	-0.17377199999999998	0.22286899999999998
Eye	Ey_M11	3437	13.6491125981961	14.255105470726752	1	0.016477	-0.015516	0.031993
Eye	Ey_M12	1540	40.176623376623375	39.475164904431594	1	-0.024947	1.4100000000000007e-4	-0.025088
Eye	Ey_M13	742	33.66576819407008	32.86399119552576	1	1.95e-4	0	1.95e-4
Eye	Ey_M14	6903	33.147037519918875	32.338532443224345	1	-0.033148	1.95e-4	-0.033343
Eye	Ey_M15	1850	22.778378378378378	21.952251870167945	1	-0.020342	0	-0.020342
Eye	Ey_M16	4757	35.38805970149254	35.44776134262107	1	-0.123253	-0.131303	0.008050000000000002
Eye	Ey_M17	467	42.63169164882227	43.18691533752408	1	-0.001467	0	-0.001467
Eye	Ey_M18	4116	26.849125364431487	27.59894432241461	1	-0.015516	0	-0.015516
Eye	Ey_M2	2320	36.30560344827586	35.398448556996435	1	-0.02797	-0.001679	-0.026291
Eye	Ey_M3	1105	39.41990950226244	39.912003452646886	1	-0.021899	0	-0.021899
Eye	Ey_M4	580	39.18448275862069	39.01061603620683	1	0.01217	0	0.01217
Eye	Ey_M5	553	24.918625678119348	24.809566471570967	1	-0.126097	-0.002216	-0.12388099999999999
Eye	Ey_M6	2793	36.93197278911565	37.64925652017528	1	-0.021731	0	-0.021731
Eye	Ey_M7	42457	7.830251784158091	8.119862889068393	1	0.0745376832724686	-0.030345999999999998	0.1048836832724686
Eye	Ey_M8	471	35.76645435244161	36.813107921210474	1	0.002771	0	0.002771
Eye	Ey_M9	236	35.17372881355932	34.81975593867427	1	-0.002216	0	-0.002216
Gastrulation	Ga_M1	10351	3.588059124722249	2.4072472881622384	1	0.032189507773074	0	0.032189507773074
Gastrulation	Ga_M10	893	2.541993281075028	3.4783215282249413	1	0	0	0
Gastrulation	Ga_M11	2978	5.301880456682337	5.433704407638699	1	0	0.0153890320550359	-0.0153890320550359
Gastrulation	Ga_M12	877	7.246294184720639	7.519393741851369	1	0	0.1157904344289066	-0.1157904344289066
Gastrulation	Ga_M13	2214	5.9286359530261965	6.093416423761182	1	0	0	0
Gastrulation	Ga_M14	4992	6.545873397435898	6.957633776056414	1	0	0.279927550944807	-0.279927550944807
Gastrulation	Ga_M15	6516	5.124309392265193	5.709787438715778	1	0	0	0
Gastrulation	Ga_M16	354	3.3192090395480225	3.183132530120482	1	0	0	0
Gastrulation	Ga_M17	982	7.2922606924643585	7.077355623100304	1	0	0.0278000435734618	-0.0278000435734618
Gastrulation	Ga_M18	3194	5.718847839699436	5.445533357370507	1	0	0.0632803158499148	-0.0632803158499148
Gastrulation	Ga_M19	258	7.441860465116279	7.232915196946251	1	0	0.23860047244444538	-0.23860047244444538
Gastrulation	Ga_M2	268	3.014925373134328	NA	1	0.0182618173494132	0	0.0182618173494132
Gastrulation	Ga_M20	1429	7.395381385584325	6.6836210170922135	1	0	0.6435522959140666	-0.6435522959140666
Gastrulation	Ga_M21	1896	6.431434599156118	6.468793419121943	1	0	0.145126807858515	-0.145126807858515
Gastrulation	Ga_M22	1065	6.949295774647887	6.8294282431793585	1	0	0.229282654419906	-0.229282654419906
Gastrulation	Ga_M23	2598	5.57197844495766	5.193701399688958	1	0	0.0274445644601571	-0.0274445644601571
Gastrulation	Ga_M24	1075	7.56	7.582155574502231	1	0	0.2421542323865414	-0.2421542323865414
Gastrulation	Ga_M25	1064	5.9718045112781954	6.10156606889766	1	0	0.0804528861305732	-0.0804528861305732
Gastrulation	Ga_M26	2580	7.1468992248062015	7.21713978623037	1	0	0.2432290275332194	-0.2432290275332194
Gastrulation	Ga_M27	1228	7.493485342019544	7.529891176332029	1	0	0.272576150052361	-0.272576150052361
Gastrulation	Ga_M28	5501	2.7562261407016906	2.6762772098503884	1	0	0	0
Gastrulation	Ga_M29	721	7.783633841886269	7.988870339454647	1	0	0.2571845518548095	-0.2571845518548095
Gastrulation	Ga_M3	8894	4.365302451090623	3.615744258079598	1	0.011861603585829	0	0.011861603585829
Gastrulation	Ga_M30	952	5.131302521008403	5.861117705535856	1	0	0.251804966762825	-0.251804966762825
Gastrulation	Ga_M31	6185	6.044462409054163	6.140950618952095	1	0	0.196739995127424	-0.196739995127424
Gastrulation	Ga_M32	3107	6.832635983263598	6.869166641430419	1	0	0.49801932183981	-0.49801932183981
Gastrulation	Ga_M33	6732	6.991532976827094	6.688456082505846	1	0	0	0
Gastrulation	Ga_M34	380	3.892105263157895	5.165441706297738	1	0	0	0
Gastrulation	Ga_M35	2150	7.147906976744186	7.167634860243839	1	0	0.35671373611424795	-0.35671373611424795
Gastrulation	Ga_M36	2795	6.746690518783542	6.800362285749079	1	0	0.2539099927477083	-0.2539099927477083
Gastrulation	Ga_M4	1260	3.15	4.707892666724938	1	-0.0238646399954748	0	-0.0238646399954748
Gastrulation	Ga_M5	11315	1.977463543968184	1.6387485390632022	1	-0.00270392260207661	0	-0.00270392260207661
Gastrulation	Ga_M6	7573	2.2544566222104847	1.9218891459611709	1	-0.00961294687486867	0	-0.00961294687486867
Gastrulation	Ga_M7	2804	6.56169757489301	6.214629937865465	1	0	0	0
Gastrulation	Ga_M8	524	6.351145038167939	6.441620225635449	1	0	0	0
Gastrulation	Ga_M9	1152	6.6640625	6.057164213431463	1	0	0	0
Gut	G_M1	2265	41.29668874172185	39.73165425646591	1	-0.07033	-0.009955	-0.060375000000000005
Gut	G_M10	220	37.804545454545455	37.091896072772954	1	9.97e-4	0	9.97e-4
Gut	G_M11	952	35.858193277310924	35.11732789073212	1	-0.001927	0	-0.001927
Gut	G_M12	254	40.18897637795275	38.18897637795275	1	0.028276	0	0.028276
Gut	G_M13	28164	32.7070728589689	32.63265133352364	1	-0.062496	-0.288281	0.225785
Gut	G_M14	29802	35.48456479430911	35.538613244641205	1	-0.147284	-9.299999999999998e-4	-0.146354
Gut	G_M15	3480	30.792816091954023	30.44703274453358	1	-0.119788	0	-0.119788
Gut	G_M16	932	30.266094420600854	30.67649096017743	1	-0.131471	0	-0.131471
Gut	G_M2	135	38.75555555555555	39.021139931346994	1	-0.09024	0	-0.09024
Gut	G_M3	5304	41.65742835595777	41.022347613964	1	-0.059247	0.028276	-0.087523
Gut	G_M4	7181	42.0350926054867	42.318340244969896	1	-0.078419	0	-0.078419
Gut	G_M5	1066	32.50562851782364	32.90269488630407	1	-0.12146099999999999	0	-0.12146099999999999
Gut	G_M6	1660	2.6349397590361447	2.822845131208565	1	0	0	0
Gut	G_M7	3988	33.1993480441324	32.66388047801252	1	-0.133942	0	-0.133942
Gut	G_M8	21281	7.69362341995207	7.770594416214636	1	0.145126807858515	-0.859222	1.004348807858515
Gut	G_M9	156655	33.21736937857074	31.88902550198167	1	-0.135674	0.007106	-0.14278
Lateral_plate_mesoderm	L_M1	2148	36.0512104283054	36.900019302712344	1	-0.001427	0	-0.001427
Lateral_plate_mesoderm	L_M10	7825	35.00038338658147	34.67092125373224	1	-0.128223	0	-0.128223
Lateral_plate_mesoderm	L_M11	4229	15.92504138094112	15.911256511969723	1	-0.11662	0.057832	-0.174452
Lateral_plate_mesoderm	L_M12	76	38.63157894736842	38.30346045146648	1	-0.003283	0	-0.003283
Lateral_plate_mesoderm	L_M13	56937	16.55085445316754	17.082057703618695	1	0.229282654419906	-0.128223	0.357505654419906
Lateral_plate_mesoderm	L_M14	24510	19.773684210526312	19.5220360259506	1	-0.010368	0	-0.010368
Lateral_plate_mesoderm	L_M15	245	34.84897959183674	34.52898647906086	1	0.032353	0	0.032353
Lateral_plate_mesoderm	L_M16	222702	14.344253756140496	14.654745719678871	1	0.012549000000000001	0	0.012549000000000001
Lateral_plate_mesoderm	L_M17	60258	32.032360848352084	31.294535269078345	1	0.124857	0	0.124857
Lateral_plate_mesoderm	L_M18	5063	24.542958720126407	24.51889069349356	1	-0.001149	0	-0.001149
Lateral_plate_mesoderm	L_M19	37131	26.27898521451079	25.322930727149405	1	0.014925	0	0.014925
Lateral_plate_mesoderm	L_M2	4926	36.18229801055623	37.27340487941188	1	0.028771	0	0.028771
Lateral_plate_mesoderm	L_M20	9451	13.22304518040419	13.724375238516023	1	-0.14183700000000002	0	-0.14183700000000002
Lateral_plate_mesoderm	L_M21	12270	35.42053789731052	35.21615256313576	1	-0.028208	0	-0.028208
Lateral_plate_mesoderm	L_M22	3537	6.107152954481199	5.953799803104094	1	0.1820474008321872	-0.063567	0.24561440083218722
Lateral_plate_mesoderm	L_M23	1220	32.34508196721311	31.474682262202577	1	0.030189	0	0.030189
Lateral_plate_mesoderm	L_M24	126739	7.982696723187019	7.979944291874459	1	0.0245940470379204	0.112564	-0.0879699529620796
Lateral_plate_mesoderm	L_M25	123694	13.624104645334452	13.275773400075105	1	0.132686949353772	-0.332813	0.46549994935377204
Lateral_plate_mesoderm	L_M26	15949	33.31976926453069	32.93732906304407	1	-0.117964	0.01239	-0.130354
Lateral_plate_mesoderm	L_M27	7384	37.691495124593715	38.69506664699234	1	-0.015232	0	-0.015232
Lateral_plate_mesoderm	L_M28	2215	37.02483069977426	36.889704701059074	1	-0.022723	0	-0.022723
Lateral_plate_mesoderm	L_M3	31010	7.087294421154467	6.712301265585035	1	0	0	0
Lateral_plate_mesoderm	L_M4	25231	10.972375252665373	10.92575866445517	1	0	0	0
Lateral_plate_mesoderm	L_M5	1005	30.97313432835821	31.794130647963215	1	-0.085269	0	-0.085269
Lateral_plate_mesoderm	L_M6	19277	7.512320381802148	7.348912471816769	1	0	0	0
Lateral_plate_mesoderm	L_M7	57523	5.6804408671314075	5.66356221873773	1	0.0632803158499148	-0.016065	0.07934531584991479
Lateral_plate_mesoderm	L_M8	28638	7.737237237237238	7.707005624882624	1	-0.0516419352617536	-0.044425	-0.007216935261753599
Lateral_plate_mesoderm	L_M9	17976	10.387572318647086	10.04227776833542	1	0.097685	0	0.097685
Mesoderm	M_M1	4767	41.8246276484162	41.50405576568115	1	-0.026046	0	-0.026046
Mesoderm	M_M10	473634	29.335898605252147	29.33469585879672	1	-0.108249	0.07313	-0.181379
Mesoderm	M_M11	50325	5.8683755588673625	5.729460343495729	1	0.196739995127424	-0.07289000000000001	0.269629995127424
Mesoderm	M_M12	26992	14.867997925311206	14.589976922365002	1	0.007751	-0.156226	0.163977
Mesoderm	M_M13	5017	10.228224038269882	9.445265893202125	1	-0.057802	-0.077949	0.020147000000000005
Mesoderm	M_M14	149216	28.45436146257774	27.66158466939141	1	-0.18909700000000002	-0.036673	-0.152424
Mesoderm	M_M15	39998	28.426821341067058	28.542951272822055	1	-0.077949	0	-0.077949
Mesoderm	M_M16	22340	32.48491495076097	32.88504503328093	1	-0.036673	0	-0.036673
Mesoderm	M_M17	86242	36.04897845597273	35.67642090980682	1	0.184009	0	0.184009
Mesoderm	M_M18	475696	11.561448908546623	11.56147442497996	1	0.196667493427993	-0.173364	0.370031493427993
Mesoderm	M_M2	19151	34.963605033679706	34.58405692652449	1	-0.049745	-0.06257	0.012825000000000003
Mesoderm	M_M3	42631	41.015528605944034	43.015528605944034	1	-0.036524	0	-0.036524
Mesoderm	M_M4	97338	23.033676467566615	22.25754942636362	1	-0.069282	-0.070737	0.001454999999999998
Mesoderm	M_M5	6521	35.58503297040331	35.687872130210415	1	-0.070737	0	-0.070737
Mesoderm	M_M6	159301	26.882593329608735	25.949338494930416	1	0.003752	0	0.003752
Mesoderm	M_M7	131041	8.742912523561326	8.205510758535159	1	0.11526315408414399	-0.07917	0.194433154084144
Mesoderm	M_M8	130217	24.171982152867898	24.245066490289187	1	0.054841999999999995	0	0.054841999999999995
Mesoderm	M_M9	378403	12.041289313245407	11.63004606961073	1	0.279613907826736	0.11180899999999999	0.16780490782673602
Notochord	No_M1	3745	6.436048064085448	5.981110453932646	1	0.251804966762825	0.013803	0.23800196676282498
Notochord	No_M2	60	0.6666666666666666	0.4849904598975228	1	0.013803	0	0.013803
PNS_glia	PG_M1	2274	27.273526824978013	27.83810461193853	1	-0.041089	0	-0.041089
PNS_glia	PG_M2	28658	25.13629702002931	24.998462882869923	1	-0.032323	0.008145	-0.040468
PNS_glia	PG_M3	5617	25.415168239273633	25.92035621509448	1	-0.012504	0	-0.012504
PNS_glia	PG_M4	69628	9.652682828747055	8.992216444655273	1	0.0584645791099568	-0.10120799999999999	0.1596725791099568
PNS_glia	PG_M5	1991	34.24510296333501	35.47856296344024	1	-0.016033000000000002	0	-0.016033000000000002
PNS_glia	PG_M6	4304	31.672165427509295	32.27172019731232	1	0.008886	0	0.008886
PNS_neurons	PN_M1	1413	34.89101203113942	34.09861469721295	1	-0.026695	0	-0.026695
PNS_neurons	PN_M2	9289	28.69404672192916	28.80024949484362	1	-0.019536	0	-0.019536
PNS_neurons	PN_M3	4640	11.76271551724138	11.614483517404102	1	-0.003435	0	-0.003435
PNS_neurons	PN_M4	50974	13.877251147643896	14.136196248171304	1	0.0323047392457897	-0.055734000000000006	0.0880387392457897
PNS_neurons	PN_M5	20964	29.828038542262927	30.783375483513293	1	-0.015747	-0.005474	-0.010273000000000001
PNS_neurons	PN_M6	7640	14.053403141361256	13.61523017845056	1	0.007039	0	0.007039
PNS_neurons	PN_M7	5261	32.08154343280745	32.3994158187241	1	-0.005392	0	-0.005392
PNS_neurons	PN_M8	12782	28.83304647160069	28.8884604709632	1	0.002558	0	0.002558
Pre_gastrulation	PGa_M1	NA	0	0	1	0	0.018356485178392	-0.018356485178392
Pre_gastrulation	PGa_M10	NA	0.6	0.6	1	0.043168975167495	-0.01890023585490801	0.06206921102240301
Pre_gastrulation	PGa_M11	NA	0.6666666666666666	0.6666666666666666	1	0.00893257822377929	0.0182618173494132	-0.009329239125633909
Pre_gastrulation	PGa_M12	NA	0.7333333333333333	0.7333333333333333	1	-0.0278328140786873	-0.020832318773250903	-0.007000495305436397
Pre_gastrulation	PGa_M13	NA	0.8	0.8	1	-0.0318312932735365	0.011861603585829	-0.043692896859365504
Pre_gastrulation	PGa_M14	NA	0.8666666666666667	0.8666666666666667	1	0.0109989745002856	-0.0238646399954748	0.0348636144957604
Pre_gastrulation	PGa_M15	NA	0.9333333333333332	0.9333333333333332	1	-0.0116291359981384	-0.0023212028836624102	-0.00930793311447599
Pre_gastrulation	PGa_M16	NA	1	1	1	3.827197184142e-4	-0.00961294687486867	0.00999566659328287
Pre_gastrulation	PGa_M2	NA	0.06666666666666667	0.06666666666666667	1	0.018356485178392	0.0177090924834339	6.473926949581016e-4
Pre_gastrulation	PGa_M3	NA	0.13333333333333333	0.13333333333333333	1	0.0177090924834339	-0.0235755803593913	0.0412846728428252
Pre_gastrulation	PGa_M4	NA	0.2	0.2	1	-0.0235755803593913	-0.0258539653375889	0.0022783849781976007
Pre_gastrulation	PGa_M5	NA	0.26666666666666666	0.26666666666666666	1	-0.0258539653375889	0.0496668874841437	-0.0755208528217326
Pre_gastrulation	PGa_M6	NA	0.3333333333333333	0.3333333333333333	1	0.0496668874841437	0.03905031559310196	0.010616571891041739
Pre_gastrulation	PGa_M7	NA	0.4	0.4	1	0.0333524714245279	0.0315398391693566	0.0018126322551713023
Pre_gastrulation	PGa_M8	NA	0.4666666666666667	0.4666666666666667	1	0.00569784416857406	0.0149412719070293	-0.00924342773845524
Pre_gastrulation	PGa_M9	NA	0.5333333333333333	0.5333333333333333	1	0.0149412719070293	0.032189507773074	-0.017248235866044702
Renal	R_M1	7833	7.677390527256479	8.043300667901498	1	0.0251017696601518	0.035975	-0.0108732303398482
Renal	R_M10	10584	8.829837490551776	8.820635702904779	1	0.0856001164704214	0.039492	0.0461081164704214
Renal	R_M11	7609	38.58259955316073	38.6682047842604	1	-0.018253	0	-0.018253
Renal	R_M12	7231	10.531185174941225	10.341360996964085	1	0.050569	0	0.050569
Renal	R_M13	3705	28.373009446693658	28.04721722514033	1	0.003113	0.017279	-0.014166
Renal	R_M14	253	29.08300395256917	27.99284787263915	1	0.024031	0	0.024031
Renal	R_M2	1728	39.9369212962963	39.1228463755476	1	-0.018418	0	-0.018418
Renal	R_M3	182	39.96703296703296	41.46781860516072	1	0.063897	0	0.063897
Renal	R_M4	840	38.62380952380953	38.09526036135436	1	-0.006752	0.024669	-0.031421
Renal	R_M5	254	39.346456692913385	39.43118733972782	1	-0.020811	0.039228	-0.060038999999999995
Renal	R_M6	639	39.90297339593114	39.56052986245229	1	-0.025531	0	-0.025531
Renal	R_M7	16036	33.3190321776004	33.23132531865703	1	-0.011077	-0.01656	0.005482999999999998
Renal	R_M8	11348	35.73528375044061	35.8766915782678	1	-0.013946999999999998	-0.073266	0.059319
Renal	R_M9	2396	38.69198664440734	38.786561311776474	1	0.009747	0	0.009747
