system,x,y,x_name,y_name,edge_type,x_number,y_number,x_id,y_id,n_x,sh_x,median_x,q90_x,frac>0_x,variance_x,std_x,n_y,sh_y,median_y,q90_y,frac>0_y,variance_y,std_y,abs_delta,delta,cohens_d
Lateral_plate_mesoderm,L_M24,L_M16,Somatic mesoderm,Limb mesenchyme progenitors,Developmental progression,169.0,160.0,224.0,131.0,126741,-0.2555818440083859,-0.3796393330891927,0.2151742235819499,0.1924949306065125,0.1165233215355453,0.3413551252516143,223422,-0.1444756891750049,-0.3152710215250651,0.4350198240280151,0.2993080359140997,0.166810645678406,0.4084245899531589,0.11110615483338102,0.11110615483338102,0.2952
Lateral_plate_mesoderm,L_M7,L_M3,Extraembryonic mesoderm,Allantois,Developmental progression,178.0,174.0,88.0,13.0,57543,-0.0923274543435164,-0.2677691141764323,0.5466817518870041,0.320612411587856,0.1910652027662667,0.4371100579559646,31010,-0.0273690205190203,-0.1938307420412699,0.6233606685002648,0.4035472428248952,0.2208509635530556,0.46994783067172,0.06495843382449609,0.06495843382449609,0.1431
Lateral_plate_mesoderm,L_M25,L_M9,Splanchnic mesoderm,Foregut mesenchyme,Developmental progression,170.0,180.0,241.0,98.0,127703,0.1189645440880556,-0.0863272619247436,1.0488540840148928,0.467514467162087,0.384954605868105,0.6204471015873191,17991,0.4228705212515669,0.3487632369995117,1.4306409072875976,0.6856205880718137,0.4889281688931928,0.6992339872268745,0.3039059771635113,0.3039059771635113,0.4598
Lateral_plate_mesoderm,L_M25,L_M14,Splanchnic mesoderm,Hepatic mesenchyme,Developmental progression,170.0,158.0,241.0,113.0,127703,0.1189645440880556,-0.0863272619247436,1.0488540840148928,0.467514467162087,0.384954605868105,0.6204471015873191,28242,0.0967961283052642,-0.025540165901184,0.8418558572133383,0.4885277246653919,0.2875911603123228,0.5362752654302851,0.022168415782791398,-0.022168415782791398,-0.0382
Lateral_plate_mesoderm,L_M25,L_M19,Splanchnic mesoderm,Mesothelial cells,Developmental progression,170.0,163.0,241.0,143.0,127703,0.1189645440880556,-0.0863272619247436,1.0488540840148928,0.467514467162087,0.384954605868105,0.6204471015873191,59211,0.0081316707374003,-0.2300034840901692,0.8510128402709962,0.3342959922987282,0.3239054507013964,0.5691269196773215,0.1108328733506553,-0.1108328733506553,-0.1862
Lateral_plate_mesoderm,L_M26,L_M27,Vascular smooth muscle cells,Vascular smooth muscle cells (Pparg+),Developmental progression,171.0,172.0,258.0,259.0,24161,-0.2270296180509595,-0.303087666829427,0.1787106259663899,0.1475518397417325,0.0925086015769202,0.3041522670915346,11440,-0.2632576719487741,-0.3035312016805013,-0.0875221382776896,0.0821678321678321,0.0598640968833194,0.244671405937268,0.03622805389781458,-0.03622805389781458,-0.1313
Lateral_plate_mesoderm,L_M7,L_M16,Extraembryonic mesoderm,Limb mesenchyme progenitors,Developmental progression,178.0,160.0,88.0,131.0,57543,-0.0923274543435164,-0.2677691141764323,0.5466817518870041,0.320612411587856,0.1910652027662667,0.4371100579559646,223422,-0.1444756891750049,-0.3152710215250651,0.4350198240280151,0.2993080359140997,0.166810645678406,0.4084245899531589,0.05214823483148849,-0.05214823483148849,-0.1233
Lateral_plate_mesoderm,L_M25,L_M21,Splanchnic mesoderm,Renal stromal cells,Developmental progression,170.0,166.0,241.0,215.0,127703,0.1189645440880556,-0.0863272619247436,1.0488540840148928,0.467514467162087,0.384954605868105,0.6204471015873191,22908,0.0836596313051978,-0.142368106842041,0.8165888703664143,0.4365287235900122,0.2784263554870702,0.5276612127938439,0.0353049127828578,-0.0353049127828578,-0.0613
Lateral_plate_mesoderm,L_M13,L_M10,Gut mesenchyme,Gastrointestinal smooth muscle cells,Developmental progression,157.0,154.0,109.0,101.0,61542,0.6268162412046979,0.5680933570861817,1.5799955285390217,0.8008514510415651,0.4737159353899801,0.6882702488049154,12120,0.271367382532168,0.0059983777999877,1.3607374114990236,0.5018151815181519,0.4933826966375188,0.7024120561590033,0.3554488586725299,-0.3554488586725299,-0.5112
Lateral_plate_mesoderm,L_M25,L_M8,Splanchnic mesoderm,First heart field,Developmental progression,170.0,179.0,241.0,93.0,127703,0.1189645440880556,-0.0863272619247436,1.0488540840148928,0.467514467162087,0.384954605868105,0.6204471015873191,28647,-0.2268351291418921,-0.3152758733431499,0.186220103263855,0.1904213355674241,0.0837415520217263,0.289381326318279,0.3457996732299477,-0.3457996732299477,-0.7143
Lateral_plate_mesoderm,L_M25,L_M17,Splanchnic mesoderm,Lung mesenchyme,Developmental progression,170.0,161.0,241.0,134.0,127703,0.1189645440880556,-0.0863272619247436,1.0488540840148928,0.467514467162087,0.384954605868105,0.6204471015873191,74124,0.5482166137352682,0.5002470191319783,1.5733578402201334,0.7083805515082834,0.5280264389330566,0.7266542774477122,0.42925206964721263,0.42925206964721263,0.6353
Lateral_plate_mesoderm,L_M25,L_M11,Splanchnic mesoderm,Gonad progenitor cells,Developmental progression,170.0,155.0,241.0,104.0,127703,0.1189645440880556,-0.0863272619247436,1.0488540840148928,0.467514467162087,0.384954605868105,0.6204471015873191,4598,-0.2619012076672876,-0.3613633600870768,0.1671970338821411,0.1668116572422792,0.0890663390156138,0.2984398415352982,0.3808657517553432,-0.3808657517553432,-0.7823
Lateral_plate_mesoderm,L_M24,L_M19,Somatic mesoderm,Mesothelial cells,Developmental progression,169.0,163.0,224.0,143.0,126741,-0.2555818440083859,-0.3796393330891927,0.2151742235819499,0.1924949306065125,0.1165233215355453,0.3413551252516143,59211,0.0081316707374003,-0.2300034840901692,0.8510128402709962,0.3342959922987282,0.3239054507013964,0.5691269196773215,0.2637135147457862,0.2637135147457862,0.562
Lateral_plate_mesoderm,L_M24,L_M20,Somatic mesoderm,Proepicardium,Developmental progression,169.0,165.0,224.0,211.0,126741,-0.2555818440083859,-0.3796393330891927,0.2151742235819499,0.1924949306065125,0.1165233215355453,0.3413551252516143,9654,-0.2891565242435431,-0.3663676198323568,0.0840979633331302,0.1335197845452662,0.0652747366787488,0.2554892104938069,0.033574680235157195,-0.033574680235157195,-0.1114
Lateral_plate_mesoderm,L_M25,L_M20,Splanchnic mesoderm,Proepicardium,Developmental progression,170.0,165.0,241.0,211.0,127703,0.1189645440880556,-0.0863272619247436,1.0488540840148928,0.467514467162087,0.384954605868105,0.6204471015873191,9654,-0.2891565242435431,-0.3663676198323568,0.0840979633331302,0.1335197845452662,0.0652747366787488,0.2554892104938069,0.40812106833159867,-0.40812106833159867,-0.8602
Lateral_plate_mesoderm,L_M8,L_M5,First heart field,Atrial cardiomyocytes,Developmental progression,179.0,176.0,93.0,28.0,28647,-0.2268351291418921,-0.3152758733431499,0.186220103263855,0.1904213355674241,0.0837415520217263,0.289381326318279,1286,-0.269444517286532,-0.314418576558431,0.0010241826375325,0.1003110419906687,0.0452721326071382,0.2127724902498868,0.04260938814463991,-0.04260938814463991,-0.1678
Lateral_plate_mesoderm,L_M24,L_M22,Somatic mesoderm,Second heart field,Developmental progression,169.0,167.0,224.0,222.0,126741,-0.2555818440083859,-0.3796393330891927,0.2151742235819499,0.1924949306065125,0.1165233215355453,0.3413551252516143,3537,-0.0997022899245802,-0.253956249554952,0.4779954751332601,0.309301668080294,0.1798940196665209,0.424139151301222,0.15587955408380572,0.15587955408380572,0.4049
Lateral_plate_mesoderm,L_M11,L_M12,Gonad progenitor cells,Granulosa cells,Developmental progression,155.0,156.0,104.0,107.0,4598,-0.2619012076672876,-0.3613633600870768,0.1671970338821411,0.1668116572422792,0.0890663390156138,0.2984398415352982,108,-0.2638807041998263,-0.3445020167032877,0.0423956859906514,0.1481481481481481,0.0597245815897634,0.2443861321551685,0.001979496532538705,-0.001979496532538705,-0.0073
Lateral_plate_mesoderm,L_M25,L_M26,Splanchnic mesoderm,Vascular smooth muscle cells,Developmental progression,170.0,171.0,241.0,258.0,127703,0.1189645440880556,-0.0863272619247436,1.0488540840148928,0.467514467162087,0.384954605868105,0.6204471015873191,24161,-0.2270296180509595,-0.303087666829427,0.1787106259663899,0.1475518397417325,0.0925086015769202,0.3041522670915346,0.3459941621390151,-0.3459941621390151,-0.7081
Lateral_plate_mesoderm,L_M8,L_M28,First heart field,Ventricular cardiomyocytes,Developmental progression,179.0,173.0,93.0,261.0,28647,-0.2268351291418921,-0.3152758733431499,0.186220103263855,0.1904213355674241,0.0837415520217263,0.289381326318279,3735,-0.2350103538016132,-0.264311777750651,-0.0404627361297607,0.0896921017402945,0.046936399766775,0.2166481012304863,0.008175224659721092,-0.008175224659721092,-0.032
Lateral_plate_mesoderm,L_M26,L_M18,Vascular smooth muscle cells,Meninges,Developmental progression,171.0,162.0,258.0,141.0,24161,-0.2270296180509595,-0.303087666829427,0.1787106259663899,0.1475518397417325,0.0925086015769202,0.3041522670915346,6376,-0.2380943854735865,-0.3125917561848959,0.1785596942901611,0.1515056461731493,0.079325605366323,0.2816480167981358,0.011064767422626992,-0.011064767422626992,-0.0377
Lateral_plate_mesoderm,L_M11,L_M1,Gonad progenitor cells,Adrenocortical cells,Developmental progression,155.0,153.0,104.0,9.0,4598,-0.2619012076672876,-0.3613633600870768,0.1671970338821411,0.1668116572422792,0.0890663390156138,0.2984398415352982,3048,-0.2541952444688594,-0.3345814299583435,0.1533318471908578,0.155511811023622,0.0782054858055331,0.2796524375104446,0.007705963198428201,0.007705963198428201,0.0266
Lateral_plate_mesoderm,L_M26,L_M2,Vascular smooth muscle cells,Airway smooth muscle cells,Developmental progression,171.0,164.0,258.0,12.0,24161,-0.2270296180509595,-0.303087666829427,0.1787106259663899,0.1475518397417325,0.0925086015769202,0.3041522670915346,6938,-0.1141070284935769,-0.2270143667856852,0.4137048295338951,0.272845200345921,0.121772602851169,0.3489593140341278,0.1129225895573826,0.1129225895573826,0.345
Lateral_plate_mesoderm,L_M11,L_M23,Gonad progenitor cells,Sertoli cells,Developmental progression,155.0,168.0,104.0,223.0,4598,-0.2619012076672876,-0.3613633600870768,0.1671970338821411,0.1668116572422792,0.0890663390156138,0.2984398415352982,1719,-0.1834428215503045,-0.2964316813151041,0.2974366207122803,0.2641070389761489,0.1090782589218653,0.3302699788383215,0.07845838611698308,0.07845838611698308,0.2493
Lateral_plate_mesoderm,L_M11,L_M15,Gonad progenitor cells,Leydig cells,Developmental progression,155.0,159.0,104.0,130.0,4598,-0.2619012076672876,-0.3613633600870768,0.1671970338821411,0.1668116572422792,0.0890663390156138,0.2984398415352982,294,-0.0908153384910419,-0.2330758889516194,0.4713069229125974,0.3197278911564626,0.1485199543596736,0.3853828672368215,0.1710858691762457,0.1710858691762457,0.4964
Lateral_plate_mesoderm,L_M22,L_M5,Second heart field,Atrial cardiomyocytes,Developmental progression,,,,,3537,-0.0997022899245802,-0.253956249554952,0.4779954751332601,0.309301668080294,0.1798940196665209,0.424139151301222,1286,-0.269444517286532,-0.314418576558431,0.0010241826375325,0.1003110419906687,0.0452721326071382,0.2127724902498868,0.16974222736195183,-0.16974222736195183,-0.5059
