system,x,y,x_name,y_name,edge_type,x_number,y_number,x_id,y_id,n_x,sh_x,median_x,q90_x,frac>0_x,variance_x,std_x,n_y,sh_y,median_y,q90_y,frac>0_y,variance_y,std_y,abs_delta,delta,cohens_d,pct_change,abs_pct_change
Brain_spinal_cord,BS_M34,BS_M28,Floorplate and p3 domain,Multiciliated ependymal cells,Developmental progression,235,228,95,154,44992,0.3423115149509001,0.3403608163197835,1.0584323539733886,0.6651849217638691,0.3109800900145099,0.5576558885320857,10452,-0.0267291244863323,-0.2114300346374512,0.552139702161153,0.3832759280520474,0.1656685796098619,0.4070240528640315,0.369041,-0.369041,-0.7559,-107.81,107.81
Brain_spinal_cord,BS_M27,BS_M34,Midbrain-hindbrain boundary,Floorplate and p3 domain,Developmental progression,227,235,149,95,66071,-0.0164505061721766,-0.1979978942871093,0.5672704060872396,0.4023096366030482,0.1737146323759948,0.416790873671671,44992,0.3423115149509001,0.3403608163197835,1.0584323539733886,0.6651849217638691,0.3109800900145099,0.5576558885320857,0.358762,0.358762,0.7288,-2180.86,2180.86
Brain_spinal_cord,BS_M14,BS_M55,Diencephalon,Thalamic neuronal precursors,Developmental progression,213,258,76,250,78021,0.1054517548543998,-0.0318214035034179,0.777690200805664,0.489252893451763,0.2439180099696658,0.4938805624537838,81788,-0.2221550361282954,-0.2905835978190104,0.0842006789843242,0.1274392331393358,0.0450829095109497,0.2123273640182766,0.327607,-0.327607,-0.8618,-310.67,310.67
Brain_spinal_cord,BS_M20,BS_M2,Hindbrain,Anterior roof plate,Developmental progression,220,219,115,23,197367,0.1030533454270931,-0.0550983460744221,0.7661683985392251,0.4858714982747876,0.2441674421650868,0.4941330207192055,16098,-0.2059160094821103,-0.295965830485026,0.2089224611918133,0.1783451360417443,0.069927041163656,0.264437215920256,0.308969,-0.308969,-0.7797,-299.81,299.81
Brain_spinal_cord,BS_M25,BS_M23,Midbrain,Hypothalamus (Sim1+),Developmental progression,225,223,147,120,145124,-0.07517710412365,-0.2531643931070964,0.5136334733963012,0.280918387034536,0.1708166081344406,0.4132996590059574,14611,0.2259043097272479,0.2343886280059814,0.8403410402933756,0.6365751830812402,0.2387000089314739,0.4885693491526806,0.301081,0.301081,0.6654,-400.5,400.5
Brain_spinal_cord,BS_M54,BS_M3,Telencephalon,Astrocytes,Developmental progression,257,230,249,27,430409,-0.1001094938961106,-0.2848587799072266,0.5164819984436037,0.2724199540437119,0.1868956151073665,0.4323142550360403,109750,0.1973013618097942,0.1979304234186808,0.811021277109782,0.5984510250569476,0.2342513997404879,0.4839952476424617,0.297411,0.297411,0.6481,-297.09,297.09
Brain_spinal_cord,BS_M3,BS_M33,Astrocytes,Oligodendrocyte progenitor cells,Developmental progression,230,234,27,180,109750,0.1973013618097942,0.1979304234186808,0.811021277109782,0.5984510250569476,0.2342513997404879,0.4839952476424617,29522,-0.0946420630863321,-0.214361572265625,0.3721180721918743,0.2725425106700088,0.0898005677995498,0.2996674286597559,0.291943,-0.291943,-0.7253,-147.97,147.97
Brain_spinal_cord,BS_M14,BS_M15,Diencephalon,Dorsal telencephalon,Developmental progression,213,214,76,79,78021,0.1054517548543998,-0.0318214035034179,0.777690200805664,0.489252893451763,0.2439180099696658,0.4938805624537838,30144,-0.1746025502721806,-0.2793508656819661,0.2816248394648235,0.2105228237791932,0.0797875907806804,0.2824669729024625,0.280054,-0.280054,-0.6961,-265.58,265.58
Brain_spinal_cord,BS_M42,BS_M5,Spinal dI2 interneurons,Cerebellar Purkinje cells,Developmental progression,244,252,236,46,21843,0.0192526457188165,-0.0693880462646484,0.4094812593460082,0.1960353431305223,0.0473005585991585,0.2174869159263575,26737,-0.2340936616026,-0.2791431427001953,-0.0414543027877807,0.0899128548453454,0.0299322423093094,0.1730093705823746,0.253346,-0.253346,-1.2892,-1315.9,1315.9
Brain_spinal_cord,BS_M6,BS_M28,Cerebellum-related cells,Multiciliated ependymal cells,Developmental progression,260,228,47,154,9252,0.2154859401915495,0.110652515888214,0.9987064266204831,0.543450064850843,0.3124652377532234,0.5589859012114915,10452,-0.0267291244863323,-0.2114300346374512,0.552139702161153,0.3832759280520474,0.1656685796098619,0.4070240528640315,0.242215,-0.242215,-0.4954,-112.4,112.4
Brain_spinal_cord,BS_M20,BS_M34,Hindbrain,Floorplate and p3 domain,Developmental progression,220,235,115,95,197367,0.1030533454270931,-0.0550983460744221,0.7661683985392251,0.4858714982747876,0.2441674421650868,0.4941330207192055,44992,0.3423115149509001,0.3403608163197835,1.0584323539733886,0.6651849217638691,0.3109800900145099,0.5576558885320857,0.239258,0.239258,0.4541,232.17,232.17
Brain_spinal_cord,BS_M34,BS_M32,Floorplate and p3 domain,Neurons (Slc17a8+),Developmental progression,235,233,95,172,44992,0.3423115149509001,0.3403608163197835,1.0584323539733886,0.6651849217638691,0.3109800900145099,0.5576558885320857,1957,0.1093428102856985,-0.0587011973063151,0.549563772837321,0.3495145631067961,0.0844451951861942,0.2905945546396116,0.232969,-0.232969,-0.5239,-68.06,68.06
Brain_spinal_cord,BS_M3,BS_M28,Astrocytes,Multiciliated ependymal cells,Developmental progression,230,228,27,154,109750,0.1973013618097942,0.1979304234186808,0.811021277109782,0.5984510250569476,0.2342513997404879,0.4839952476424617,10452,-0.0267291244863323,-0.2114300346374512,0.552139702161153,0.3832759280520474,0.1656685796098619,0.4070240528640315,0.22403,-0.22403,-0.501,-113.55,113.55
Brain_spinal_cord,BS_M51,BS_M19,Spinal V3 interneurons,Glutamatergic neurons (after E13.0),Developmental progression,254,218,229,103,4440,0.2054792897547329,-0.0305607811609903,0.7279933862686158,0.4806306306306306,0.1221105366157734,0.3494431808116642,570526,-0.009946817087078,-0.0734684944152831,0.2652231001853943,0.1775309100724594,0.0332255507278166,0.1822787720164271,0.215426,-0.215426,-0.773,-104.84,104.84
Brain_spinal_cord,BS_M34,BS_M10,Floorplate and p3 domain,Cranial motor neurons,Developmental progression,235,209,95,65,44992,0.3423115149509001,0.3403608163197835,1.0584323539733886,0.6651849217638691,0.3109800900145099,0.5576558885320857,23754,0.1295304858282224,-0.0571768379211425,0.6300498946507772,0.3822935084617327,0.1105884306658647,0.3325483884577773,0.212781,-0.212781,-0.4635,-62.16,62.16
Brain_spinal_cord,BS_M40,BS_M34,Spinal cord/r7/r8,Floorplate and p3 domain,Developmental progression,242,235,234,95,395636,0.1366890906933909,0.0402177397410075,0.7779166746139526,0.5118897168104015,0.2382131561914407,0.4880708516101332,44992,0.3423115149509001,0.3403608163197835,1.0584323539733886,0.6651849217638691,0.3109800900145099,0.5576558885320857,0.205622,0.205622,0.3924,150.43,150.43
Brain_spinal_cord,BS_M24,BS_M11,Intermediate neuronal progenitors,Deep-layer neurons,Developmental progression,224,210,123,66,42068,-0.2394702671131658,-0.2718953069051106,-0.1389024607340494,0.0655842920985071,0.0300685569345399,0.173402874643242,236402,-0.037414452020403,-0.0758488845825195,0.0906852114995319,0.1051598548235632,0.020560627753912,0.1433897756254332,0.202056,0.202056,1.2699,-84.38,84.38
Brain_spinal_cord,BS_M20,BS_M33,Hindbrain,Oligodendrocyte progenitor cells,Developmental progression,220,234,115,180,197367,0.1030533454270931,-0.0550983460744221,0.7661683985392251,0.4858714982747876,0.2441674421650868,0.4941330207192055,29522,-0.0946420630863321,-0.214361572265625,0.3721180721918743,0.2725425106700088,0.0898005677995498,0.2996674286597559,0.197695,-0.197695,-0.4838,-191.84,191.84
Brain_spinal_cord,BS_M24,BS_M9,Intermediate neuronal progenitors,Cortical Interneurons (Prox1+),Developmental progression,224,263,123,63,42068,-0.2394702671131658,-0.2718953069051106,-0.1389024607340494,0.0655842920985071,0.0300685569345399,0.173402874643242,7555,-0.0418524777101886,-0.0821612548828125,0.0,0.0953011250827266,0.024096946241291,0.1552319111564727,0.197618,0.197618,1.2008,-82.52,82.52
Brain_spinal_cord,BS_M24,BS_M56,Intermediate neuronal progenitors,Upper-layer neurons,Developmental progression,224,259,123,255,42068,-0.2394702671131658,-0.2718953069051106,-0.1389024607340494,0.0655842920985071,0.0300685569345399,0.173402874643242,238829,-0.049014933991142,-0.0690580050150553,-0.0174989782969156,0.0516603930008499,0.0125262514627005,0.1119207374113507,0.190455,0.190455,1.3051,-79.53,79.53
Brain_spinal_cord,BS_M27,BS_M2,Midbrain-hindbrain boundary,Anterior roof plate,Developmental progression,227,219,149,23,66071,-0.0164505061721766,-0.1979978942871093,0.5672704060872396,0.4023096366030482,0.1737146323759948,0.416790873671671,16098,-0.2059160094821103,-0.295965830485026,0.2089224611918133,0.1783451360417443,0.069927041163656,0.264437215920256,0.189466,-0.189466,-0.5428,1151.73,1151.73
Brain_spinal_cord,BS_M48,BS_M18,Spinal V1 interneurons,GABAergic neurons (after E13.0),Developmental progression,250,217,226,100,31325,0.1639040432265541,-0.0539919026692708,0.6891533406575521,0.3656185155626496,0.1372717602432524,0.3705020381094447,292004,-0.0023757197740751,-0.0739524714152018,0.2962472710609436,0.1982027643456939,0.0359394175010712,0.1895769434848848,0.16628,-0.16628,-0.565,-101.45,101.45
Brain_spinal_cord,BS_M20,BS_M30,Hindbrain,Neural progenitor cells (Ror1+),Developmental progression,220,231,115,171,197367,0.1030533454270931,-0.0550983460744221,0.7661683985392251,0.4858714982747876,0.2441674421650868,0.4941330207192055,33240,-0.0618870615631975,-0.2057302602132161,0.4711288283665978,0.2768351383874849,0.1205618923889261,0.3472202361454846,0.16494,-0.16494,-0.3862,-160.05,160.05
Brain_spinal_cord,BS_M23,BS_M21,Hypothalamus (Sim1+),Hypothalamic Sim1 neurons,Developmental progression,223,221,120,118,14611,0.2259043097272479,0.2343886280059814,0.8403410402933756,0.6365751830812402,0.2387000089314739,0.4885693491526806,19592,0.0757080723496786,-0.0626638666788736,0.5154287988344831,0.2853205389955083,0.074360013041001,0.2726903244359819,0.150196,-0.150196,-0.3796,-66.49,66.49
Brain_spinal_cord,BS_M54,BS_M24,Telencephalon,Intermediate neuronal progenitors,Developmental progression,257,224,249,123,430409,-0.1001094938961106,-0.2848587799072266,0.5164819984436037,0.2724199540437119,0.1868956151073665,0.4323142550360403,42068,-0.2394702671131658,-0.2718953069051106,-0.1389024607340494,0.0655842920985071,0.0300685569345399,0.173402874643242,0.139361,-0.139361,-0.4231,139.21,139.21
Brain_spinal_cord,BS_M25,BS_M12,Midbrain,Di/mesencephalon GABAergic neurons,Developmental progression,225,211,147,74,145124,-0.07517710412365,-0.2531643931070964,0.5136334733963012,0.280918387034536,0.1708166081344406,0.4132996590059574,15589,0.0566666931513323,-0.0671457544962565,0.4874029639561973,0.2548591955866316,0.0666561230534441,0.2581784713206044,0.131844,0.131844,0.3826,-175.38,175.38
Brain_spinal_cord,BS_M40,BS_M29,Spinal cord/r7/r8,Neural progenitor cells (Neurod1+),Developmental progression,242,229,234,170,395636,0.1366890906933909,0.0402177397410075,0.7779166746139526,0.5118897168104015,0.2382131561914407,0.4880708516101332,23270,0.0086232985429035,-0.2069063186645507,0.5742551129659017,0.4102707348517404,0.1710481757821186,0.4135797091034793,0.128066,-0.128066,-0.2831,-93.69,93.69
Brain_spinal_cord,BS_M40,BS_M35,Spinal cord/r7/r8,Posterior roof plate,Developmental progression,242,236,234,204,395636,0.1366890906933909,0.0402177397410075,0.7779166746139526,0.5118897168104015,0.2382131561914407,0.4880708516101332,11623,0.0087103914324973,-0.1716712061564127,0.5870963999430342,0.4244171040178955,0.1683962205725321,0.4103610855972238,0.127979,-0.127979,-0.2838,-93.63,93.63
Brain_spinal_cord,BS_M54,BS_M4,Telencephalon,Cajal-Retzius cells,Developmental progression,257,241,249,43,430409,-0.1001094938961106,-0.2848587799072266,0.5164819984436037,0.2724199540437119,0.1868956151073665,0.4323142550360403,81803,-0.2263342218017504,-0.2762963612874349,0.0092432621320089,0.1022945368751757,0.0366384260658637,0.1914116664831685,0.126225,-0.126225,-0.3776,126.09,126.09
Brain_spinal_cord,BS_M22,BS_M23,Hypothalamus,Hypothalamus (Sim1+),Developmental progression,222,223,119,120,53378,0.3504828058461221,0.3788475879033406,0.9213724575042728,0.7549739593090786,0.2318122571609972,0.4814688537807998,14611,0.2259043097272479,0.2343886280059814,0.8403410402933756,0.6365751830812402,0.2387000089314739,0.4885693491526806,0.124578,-0.124578,-0.2568,-35.54,35.54
Brain_spinal_cord,BS_M14,BS_M23,Diencephalon,Hypothalamus (Sim1+),Developmental progression,213,223,76,120,78021,0.1054517548543998,-0.0318214035034179,0.777690200805664,0.489252893451763,0.2439180099696658,0.4938805624537838,14611,0.2259043097272479,0.2343886280059814,0.8403410402933756,0.6365751830812402,0.2387000089314739,0.4885693491526806,0.120453,0.120453,0.2452,114.23,114.23
Brain_spinal_cord,BS_M40,BS_M44,Spinal cord/r7/r8,Spinal dI4 interneurons,Developmental progression,242,246,234,238,395636,0.1366890906933909,0.0402177397410075,0.7779166746139526,0.5118897168104015,0.2382131561914407,0.4880708516101332,38632,0.0164413868766266,-0.0665151723225911,0.4038823642730714,0.1745703044108511,0.0462138386583404,0.21497404182445,0.120248,-0.120248,-0.3189,-87.97,87.97
Brain_spinal_cord,BS_M40,BS_M42,Spinal cord/r7/r8,Spinal dI2 interneurons,Developmental progression,242,244,234,236,395636,0.1366890906933909,0.0402177397410075,0.7779166746139526,0.5118897168104015,0.2382131561914407,0.4880708516101332,21843,0.0192526457188165,-0.0693880462646484,0.4094812593460082,0.1960353431305223,0.0473005585991585,0.2174869159263575,0.117436,-0.117436,-0.3108,-85.92,85.92
Brain_spinal_cord,BS_M54,BS_M17,Telencephalon,GABAergic cortical interneurons,Developmental progression,257,216,249,99,430409,-0.1001094938961106,-0.2848587799072266,0.5164819984436037,0.2724199540437119,0.1868956151073665,0.4323142550360403,603448,0.0159846617257046,-0.0646445433298746,0.3854744075139363,0.177481738277366,0.0483747453311941,0.2199425955361856,0.116094,0.116094,0.3385,-115.97,115.97
Brain_spinal_cord,BS_M48,BS_M46,Spinal V1 interneurons,Spinal dI6 interneurons,Developmental progression,250,248,226,240,31325,0.1639040432265541,-0.0539919026692708,0.6891533406575521,0.3656185155626496,0.1372717602432524,0.3705020381094447,10964,0.0479311992156452,-0.0646219476064046,0.4401972947120667,0.2621306092666909,0.0532402890610501,0.2307385729804407,0.115973,-0.115973,-0.3758,-70.76,70.76
Brain_spinal_cord,BS_M20,BS_M6,Hindbrain,Cerebellum-related cells,Developmental progression,220,260,115,47,197367,0.1030533454270931,-0.0550983460744221,0.7661683985392251,0.4858714982747876,0.2441674421650868,0.4941330207192055,9252,0.2154859401915495,0.110652515888214,0.9987064266204831,0.543450064850843,0.3124652377532234,0.5589859012114915,0.112433,0.112433,0.2131,109.1,109.1
Brain_spinal_cord,BS_M49,BS_M19,Spinal V2a interneurons,Glutamatergic neurons (after E13.0),Developmental progression,251,218,227,103,11065,0.0953653457629104,-0.0640818405151367,0.5644913495381674,0.3111613194758246,0.0868611419168575,0.2947221435807931,570526,-0.009946817087078,-0.0734684944152831,0.2652231001853943,0.1775309100724594,0.0332255507278166,0.1822787720164271,0.105312,-0.105312,-0.4298,-110.43,110.43
Brain_spinal_cord,BS_M20,BS_M41,Hindbrain,Spinal dI1 interneurons,Developmental progression,220,243,115,235,197367,0.1030533454270931,-0.0550983460744221,0.7661683985392251,0.4858714982747876,0.2441674421650868,0.4941330207192055,35714,0.0036956946854629,-0.0723034604390462,0.3684990003903707,0.1692613540908327,0.0408371995286804,0.2020821603424717,0.099358,-0.099358,-0.2632,-96.41,96.41
Brain_spinal_cord,BS_M7,BS_M16,Choroid plexus,Ependymal cells,Developmental progression,261,215,51,85,9441,-0.1264288450659944,-0.2324051666259765,0.29756294409434,0.2617307488613494,0.0776908782619834,0.2787308347886602,5895,-0.2249472718581258,-0.2805684153238932,0.0520313536326093,0.121119592875318,0.0423209443357608,0.205720549133432,0.098518,-0.098518,-0.4022,77.92,77.92
Brain_spinal_cord,BS_M40,BS_M45,Spinal cord/r7/r8,Spinal dI5 interneurons,Developmental progression,242,247,234,239,395636,0.1366890906933909,0.0402177397410075,0.7779166746139526,0.5118897168104015,0.2382131561914407,0.4880708516101332,39157,0.0390962065526684,-0.0687705357869466,0.4591226062774659,0.2293842735653906,0.0580346560043358,0.2409038314438685,0.097593,-0.097593,-0.2536,-71.4,71.4
Brain_spinal_cord,BS_M20,BS_M3,Hindbrain,Astrocytes,Developmental progression,220,230,115,27,197367,0.1030533454270931,-0.0550983460744221,0.7661683985392251,0.4858714982747876,0.2441674421650868,0.4941330207192055,109750,0.1973013618097942,0.1979304234186808,0.811021277109782,0.5984510250569476,0.2342513997404879,0.4839952476424617,0.094248,0.094248,0.1927,91.46,91.46
Brain_spinal_cord,BS_M40,BS_M50,Spinal cord/r7/r8,Spinal V2b interneurons,Developmental progression,242,253,234,228,395636,0.1366890906933909,0.0402177397410075,0.7779166746139526,0.5118897168104015,0.2382131561914407,0.4880708516101332,8575,0.0509963525922235,-0.067084732055664,0.4800317888259888,0.2460641399416909,0.0621245619588345,0.2492479928882769,0.085693,-0.085693,-0.2211,-62.69,62.69
Brain_spinal_cord,BS_M21,BS_M19,Hypothalamic Sim1 neurons,Glutamatergic neurons (after E13.0),Developmental progression,221,218,118,103,19592,0.0757080723496786,-0.0626638666788736,0.5154287988344831,0.2853205389955083,0.074360013041001,0.2726903244359819,570526,-0.009946817087078,-0.0734684944152831,0.2652231001853943,0.1775309100724594,0.0332255507278166,0.1822787720164271,0.085655,-0.085655,-0.3693,-113.14,113.14
Brain_spinal_cord,BS_M31,BS_M40,NMPs and spinal cord progenitors,Spinal cord/r7/r8,Developmental progression,232,242,162,234,53734,0.2214577924057263,0.1712047330538431,0.9033720111846936,0.6236461086090743,0.2521915433814776,0.502186761455813,395636,0.1366890906933909,0.0402177397410075,0.7779166746139526,0.5118897168104015,0.2382131561914407,0.4880708516101332,0.084769,-0.084769,-0.1712,-38.28,38.28
Brain_spinal_cord,BS_M47,BS_M19,Spinal V0 interneurons,Glutamatergic neurons (after E13.0),Developmental progression,249,218,225,103,9397,0.0743866723853459,-0.0626823361714681,0.5082305908203124,0.2919016707459828,0.0688308350870231,0.2623563132212052,570526,-0.009946817087078,-0.0734684944152831,0.2652231001853943,0.1775309100724594,0.0332255507278166,0.1822787720164271,0.084333,-0.084333,-0.3733,-113.37,113.37
Brain_spinal_cord,BS_M2,BS_M7,Anterior roof plate,Choroid plexus,Developmental progression,219,261,23,51,16098,-0.2059160094821103,-0.295965830485026,0.2089224611918133,0.1783451360417443,0.069927041163656,0.264437215920256,9441,-0.1264288450659944,-0.2324051666259765,0.29756294409434,0.2617307488613494,0.0776908782619834,0.2787308347886602,0.079487,0.079487,0.2926,-38.6,38.6
Brain_spinal_cord,BS_M25,BS_M13,Midbrain,Di/mesencephalon glutamatergic neurons,Developmental progression,225,212,147,75,145124,-0.07517710412365,-0.2531643931070964,0.5136334733963012,0.280918387034536,0.1708166081344406,0.4132996590059574,30999,-0.0005864013707941,-0.0750349426269531,0.3506564737955729,0.1630697764444014,0.0421455952616108,0.2052939240737796,0.074591,0.074591,0.2286,-99.22,99.22
Brain_spinal_cord,BS_M54,BS_M15,Telencephalon,Dorsal telencephalon,Developmental progression,257,214,249,79,430409,-0.1001094938961106,-0.2848587799072266,0.5164819984436037,0.2724199540437119,0.1868956151073665,0.4323142550360403,30144,-0.1746025502721806,-0.2793508656819661,0.2816248394648235,0.2105228237791932,0.0797875907806804,0.2824669729024625,0.074493,-0.074493,-0.204,74.41,74.41
Brain_spinal_cord,BS_M40,BS_M51,Spinal cord/r7/r8,Spinal V3 interneurons,Developmental progression,242,254,234,229,395636,0.1366890906933909,0.0402177397410075,0.7779166746139526,0.5118897168104015,0.2382131561914407,0.4880708516101332,4440,0.2054792897547329,-0.0305607811609903,0.7279933862686158,0.4806306306306306,0.1221105366157734,0.3494431808116642,0.06879,0.06879,0.1621,50.33,50.33
Brain_spinal_cord,BS_M40,BS_M3,Spinal cord/r7/r8,Astrocytes,Developmental progression,242,230,234,27,395636,0.1366890906933909,0.0402177397410075,0.7779166746139526,0.5118897168104015,0.2382131561914407,0.4880708516101332,109750,0.1973013618097942,0.1979304234186808,0.811021277109782,0.5984510250569476,0.2342513997404879,0.4839952476424617,0.060612,0.060612,0.1247,44.34,44.34
Brain_spinal_cord,BS_M12,BS_M18,Di/mesencephalon GABAergic neurons,GABAergic neurons (after E13.0),Developmental progression,211,217,74,100,15589,0.0566666931513323,-0.0671457544962565,0.4874029639561973,0.2548591955866316,0.0666561230534441,0.2581784713206044,292004,-0.0023757197740751,-0.0739524714152018,0.2962472710609436,0.1982027643456939,0.0359394175010712,0.1895769434848848,0.059042,-0.059042,-0.2607,-104.19,104.19
Brain_spinal_cord,BS_M26,BS_M19,Midbrain dopaminergic neurons,Glutamatergic neurons (after E13.0),Developmental progression,226,218,148,103,5495,0.0486489505469889,-0.0654075876871744,0.4728988367716471,0.2373066424021838,0.0589426934228087,0.2427811636490951,570526,-0.009946817087078,-0.0734684944152831,0.2652231001853943,0.1775309100724594,0.0332255507278166,0.1822787720164271,0.058596,-0.058596,-0.273,-120.45,120.45
Brain_spinal_cord,BS_M25,BS_M52,Midbrain,Striatal projection neurons,Developmental progression,225,255,147,242,145124,-0.07517710412365,-0.2531643931070964,0.5136334733963012,0.280918387034536,0.1708166081344406,0.4132996590059574,6235,-0.018424671146456,-0.0873293177286783,0.2971319618225099,0.1714514835605453,0.0374768932855282,0.1935894968368073,0.056752,0.056752,0.1759,-75.49,75.49
Brain_spinal_cord,BS_M42,BS_M47,Spinal dI2 interneurons,Spinal V0 interneurons,Developmental progression,244,249,236,225,21843,0.0192526457188165,-0.0693880462646484,0.4094812593460082,0.1960353431305223,0.0473005585991585,0.2174869159263575,9397,0.0743866723853459,-0.0626823361714681,0.5082305908203124,0.2919016707459828,0.0688308350870231,0.2623563132212052,0.055134,0.055134,0.2288,286.37,286.37
Brain_spinal_cord,BS_M50,BS_M18,Spinal V2b interneurons,GABAergic neurons (after E13.0),Developmental progression,253,217,228,100,8575,0.0509963525922235,-0.067084732055664,0.4800317888259888,0.2460641399416909,0.0621245619588345,0.2492479928882769,292004,-0.0023757197740751,-0.0739524714152018,0.2962472710609436,0.1982027643456939,0.0359394175010712,0.1895769434848848,0.053372,-0.053372,-0.241,-104.66,104.66
Brain_spinal_cord,BS_M46,BS_M18,Spinal dI6 interneurons,GABAergic neurons (after E13.0),Developmental progression,248,217,240,100,10964,0.0479311992156452,-0.0646219476064046,0.4401972947120667,0.2621306092666909,0.0532402890610501,0.2307385729804407,292004,-0.0023757197740751,-0.0739524714152018,0.2962472710609436,0.1982027643456939,0.0359394175010712,0.1895769434848848,0.050307,-0.050307,-0.2382,-104.96,104.96
Brain_spinal_cord,BS_M45,BS_M19,Spinal dI5 interneurons,Glutamatergic neurons (after E13.0),Developmental progression,247,218,239,103,39157,0.0390962065526684,-0.0687705357869466,0.4591226062774659,0.2293842735653906,0.0580346560043358,0.2409038314438685,570526,-0.009946817087078,-0.0734684944152831,0.2652231001853943,0.1775309100724594,0.0332255507278166,0.1822787720164271,0.049043,-0.049043,-0.2296,-125.44,125.44
Brain_spinal_cord,BS_M40,BS_M38,Spinal cord/r7/r8,Spinal cord motor neurons,Developmental progression,242,239,234,232,395636,0.1366890906933909,0.0402177397410075,0.7779166746139526,0.5118897168104015,0.2382131561914407,0.4880708516101332,31680,0.0879387216959085,-0.0660842164357503,0.5220370330810549,0.3326073232323232,0.085374555699121,0.2921892463783036,0.04875,-0.04875,-0.1212,-35.67,35.67
Brain_spinal_cord,BS_M15,BS_M7,Dorsal telencephalon,Choroid plexus,Developmental progression,214,261,79,51,30144,-0.1746025502721806,-0.2793508656819661,0.2816248394648235,0.2105228237791932,0.0797875907806804,0.2824669729024625,9441,-0.1264288450659944,-0.2324051666259765,0.29756294409434,0.2617307488613494,0.0776908782619834,0.2787308347886602,0.048174,0.048174,0.1717,-27.59,27.59
Brain_spinal_cord,BS_M21,BS_M36,Hypothalamic Sim1 neurons,Precerebellar neurons,Developmental progression,221,237,118,207,19592,0.0757080723496786,-0.0626638666788736,0.5154287988344831,0.2853205389955083,0.074360013041001,0.2726903244359819,1286,0.0305497378249932,-0.0686691824595133,0.4150420395533244,0.2262830482115085,0.0483840558675752,0.2199637603505979,0.045158,-0.045158,-0.1823,-59.65,59.65
Brain_spinal_cord,BS_M47,BS_M36,Spinal V0 interneurons,Precerebellar neurons,Developmental progression,249,237,225,207,9397,0.0743866723853459,-0.0626823361714681,0.5082305908203124,0.2919016707459828,0.0688308350870231,0.2623563132212052,1286,0.0305497378249932,-0.0686691824595133,0.4150420395533244,0.2262830482115085,0.0483840558675752,0.2199637603505979,0.043837,-0.043837,-0.1811,-58.93,58.93
Brain_spinal_cord,BS_M40,BS_M49,Spinal cord/r7/r8,Spinal V2a interneurons,Developmental progression,242,251,234,227,395636,0.1366890906933909,0.0402177397410075,0.7779166746139526,0.5118897168104015,0.2382131561914407,0.4880708516101332,11065,0.0953653457629104,-0.0640818405151367,0.5644913495381674,0.3111613194758246,0.0868611419168575,0.2947221435807931,0.041324,-0.041324,-0.1025,-30.23,30.23
Brain_spinal_cord,BS_M43,BS_M19,Spinal dI3 interneurons,Glutamatergic neurons (after E13.0),Developmental progression,245,218,237,103,5430,0.0302323496414884,-0.0700836054484049,0.407250249862671,0.2449355432780847,0.0483285601381872,0.2198375767201486,570526,-0.009946817087078,-0.0734684944152831,0.2652231001853943,0.1775309100724594,0.0332255507278166,0.1822787720164271,0.040179,-0.040179,-0.199,-132.9,132.9
Brain_spinal_cord,BS_M33,BS_M8,Oligodendrocyte progenitor cells,Committed oligodendrocyte precursors,Developmental progression,234,262,180,57,29522,-0.0946420630863321,-0.214361572265625,0.3721180721918743,0.2725425106700088,0.0898005677995498,0.2996674286597559,1865,-0.0550866318741901,-0.1859853363037109,0.4518877417246503,0.285254691689008,0.1013122790606885,0.3182958985923139,0.039555,0.039555,0.128,-41.79,41.79
Brain_spinal_cord,BS_M42,BS_M19,Spinal dI2 interneurons,Glutamatergic neurons (after E13.0),Developmental progression,244,218,236,103,21843,0.0192526457188165,-0.0693880462646484,0.4094812593460082,0.1960353431305223,0.0473005585991585,0.2174869159263575,570526,-0.009946817087078,-0.0734684944152831,0.2652231001853943,0.1775309100724594,0.0332255507278166,0.1822787720164271,0.029199,-0.029199,-0.1455,-151.66,151.66
Brain_spinal_cord,BS_M40,BS_M48,Spinal cord/r7/r8,Spinal V1 interneurons,Developmental progression,242,250,234,226,395636,0.1366890906933909,0.0402177397410075,0.7779166746139526,0.5118897168104015,0.2382131561914407,0.4880708516101332,31325,0.1639040432265541,-0.0539919026692708,0.6891533406575521,0.3656185155626496,0.1372717602432524,0.3705020381094447,0.027215,0.027215,0.0628,19.91,19.91
Brain_spinal_cord,BS_M1,BS_M26,Anterior floor plate,Midbrain dopaminergic neurons,Developmental progression,208,226,20,148,16274,0.0702193789847201,0.0168840463956197,0.6126277605692546,0.507005038712056,0.1581481835172556,0.3976784926511058,5495,0.0486489505469889,-0.0654075876871744,0.4728988367716471,0.2373066424021838,0.0589426934228087,0.2427811636490951,0.02157,-0.02157,-0.0655,-30.72,30.72
Brain_spinal_cord,BS_M44,BS_M18,Spinal dI4 interneurons,GABAergic neurons (after E13.0),Developmental progression,246,217,238,100,38632,0.0164413868766266,-0.0665151723225911,0.4038823642730714,0.1745703044108511,0.0462138386583404,0.21497404182445,292004,-0.0023757197740751,-0.0739524714152018,0.2962472710609436,0.1982027643456939,0.0359394175010712,0.1895769434848848,0.018817,-0.018817,-0.0928,-114.45,114.45
Brain_spinal_cord,BS_M17,BS_M18,GABAergic cortical interneurons,GABAergic neurons (after E13.0),Developmental progression,216,217,99,100,603448,0.0159846617257046,-0.0646445433298746,0.3854744075139363,0.177481738277366,0.0483747453311941,0.2199425955361856,292004,-0.0023757197740751,-0.0739524714152018,0.2962472710609436,0.1982027643456939,0.0359394175010712,0.1895769434848848,0.01836,-0.01836,-0.0894,-114.86,114.86
Brain_spinal_cord,BS_M41,BS_M19,Spinal dI1 interneurons,Glutamatergic neurons (after E13.0),Developmental progression,243,218,235,103,35714,0.0036956946854629,-0.0723034604390462,0.3684990003903707,0.1692613540908327,0.0408371995286804,0.2020821603424717,570526,-0.009946817087078,-0.0734684944152831,0.2652231001853943,0.1775309100724594,0.0332255507278166,0.1822787720164271,0.013643,-0.013643,-0.0709,-369.15,369.15
Brain_spinal_cord,BS_M13,BS_M19,Di/mesencephalon glutamatergic neurons,Glutamatergic neurons (after E13.0),Developmental progression,212,218,75,103,30999,-0.0005864013707941,-0.0750349426269531,0.3506564737955729,0.1630697764444014,0.0421455952616108,0.2052939240737796,570526,-0.009946817087078,-0.0734684944152831,0.2652231001853943,0.1775309100724594,0.0332255507278166,0.1822787720164271,0.00936,-0.00936,-0.0482,1596.25,1596.25
Brain_spinal_cord,BS_M45,BS_M43,Spinal dI5 interneurons,Spinal dI3 interneurons,Developmental progression,247,245,239,237,39157,0.0390962065526684,-0.0687705357869466,0.4591226062774659,0.2293842735653906,0.0580346560043358,0.2409038314438685,5430,0.0302323496414884,-0.0700836054484049,0.407250249862671,0.2449355432780847,0.0483285601381872,0.2198375767201486,0.008864,-0.008864,-0.0384,-22.67,22.67
Brain_spinal_cord,BS_M52,BS_M19,Striatal projection neurons,Glutamatergic neurons (after E13.0),Developmental progression,255,218,242,103,6235,-0.018424671146456,-0.0873293177286783,0.2971319618225099,0.1714514835605453,0.0374768932855282,0.1935894968368073,570526,-0.009946817087078,-0.0734684944152831,0.2652231001853943,0.1775309100724594,0.0332255507278166,0.1822787720164271,0.008478,0.008478,0.0451,-46.01,46.01
Brain_spinal_cord,BS_M11,BS_M53,Deep-layer neurons,Subplate neurons,Developmental progression,210,256,66,243,236402,-0.037414452020403,-0.0758488845825195,0.0906852114995319,0.1051598548235632,0.020560627753912,0.1433897756254332,103397,-0.0441786232589647,-0.0736210823059082,0.0,0.0918885460893449,0.0144707679767283,0.1202945051809449,0.006764,-0.006764,-0.0511,18.08,18.08
Brain_spinal_cord,BS_M54,BS_M33,Telencephalon,Oligodendrocyte progenitor cells,Developmental progression,257,234,249,180,430409,-0.1001094938961106,-0.2848587799072266,0.5164819984436037,0.2724199540437119,0.1868956151073665,0.4323142550360403,29522,-0.0946420630863321,-0.214361572265625,0.3721180721918743,0.2725425106700088,0.0898005677995498,0.2996674286597559,0.005467,0.005467,0.0147,-5.46,5.46
Brain_spinal_cord,BS_M56,BS_M53,Upper-layer neurons,Subplate neurons,Developmental progression,259,256,255,243,238829,-0.049014933991142,-0.0690580050150553,-0.0174989782969156,0.0516603930008499,0.0125262514627005,0.1119207374113507,103397,-0.0441786232589647,-0.0736210823059082,0.0,0.0918885460893449,0.0144707679767283,0.1202945051809449,0.004836,0.004836,0.0416,-9.87,9.87
