system	celltype_new	total_cells	age_weighted
Blood	Primitive erythroid cells	108605	53.43544035725795
Blood	Megakaryocytes	12442	120.0544928468092
Blood	Megakaryocyte-erythroid progenitors	11206	138.04604676066393
Blood	Hematopoietic stem cells (Cd34+)	31693	149.74499100747798
Blood	Microglia	4642	167.61999138302457
Blood	T-NK progenitors	987	173.59270516717325
Blood	Border-associated macrophages	42271	174.3246197156443
Blood	Definitive early erythroblasts (CD36-)	741363	177.95703319426516
Blood	Granulocytes	2845	183.51353251318102
Blood	B cell progenitors	1023	190.9090909090909
Blood	Hematopoietic stem cells (Mpo+)	15396	196.37334372564302
Blood	Definitive erythroblasts (CD36+)	73181	198.67878274415492
Blood	Kupffer cells	19084	199.47138964577655
Blood	Plasmacytoid dendritic cells	685	200.1021897810219
Blood	Monocytes	19516	201.30221356835418
Blood	Conventional dendritic cells	2600	202.12153846153845
Blood	Mast cells	13184	205.17324029126215
Blood	Osteoclasts	2147	207.84257102934328
Blood	Natural killer cells	1400	215.30142857142857
Blood	Monocytic myeloid-derived suppressor cells	15310	215.98628347485305
Blood	Regulatory T cells	4765	216.06925498426023
Blood	Border-associated macrophages (Ms4a8a+)	1728	221.07638888888889
Blood	B cells	19693	227.87721525415122
Blood	PMN myeloid-derived suppressor cells	7462	231.55320289466633
Blood	Adipose tissue macrophages	2293	232.63148713475798
Blood	T cells	22815	237.15739644970415
Blood	Activated T cells	1304	249.59815950920245
Endothelium	Hematoendothelial progenitors	9693	23.57660167130919
Endothelium	Endothelium	87850	66.25058622652249
Endothelium	Endocardial cells	12185	70.33762823143209
Endothelium	Arterial endothelial cells	23238	88.36405886909372
Endothelium	Brain capillary endothelial cells	11258	130.07283709362233
Endothelium	Pericytes	11678	153.8508306216818
Endothelium	Brain pericytes	1609	174.89123679303916
Endothelium	Liver sinusoidal endothelial cells	18008	193.09917814304754
Endothelium	Lymphatic vessel endothelial cells	9999	197.36093609360935
Endothelium	Glomerular endothelial cells	10331	211.72722872906786
Endothelium	Venous and capillary endothelial cells	29811	223.67394585891114
Endothelium	Microvascular endothelial cells	2888	226.46883656509695
Epithelial_cells	Placodal area	59952	37.796737389911925
Epithelial_cells	Amniotic ectoderm	11493	39.65753067084312
Epithelial_cells	Olfactory pit cells	2080	40.324038461538464
Epithelial_cells	Apical ectodermal ridge	6328	58.04962073324905
Epithelial_cells	Pre-epidermal keratinocytes	112634	68.69843919242857
Epithelial_cells	Otic epithelial cells	26153	79.68577218674722
Epithelial_cells	Olfactory epithelial cells	29880	86.04779116465863
Epithelial_cells	Pituitary/Pineal gland progenitors	2366	116.17328825021133
Epithelial_cells	Primordial germ cells	1384	135.6112716763006
Epithelial_cells	Branchial arch epithelium	29374	148.4110437802138
Epithelial_cells	Parathyroid epithelial cells	199	149.87939698492463
Epithelial_cells	Olfactory bulb cells	3454	162.9258830341633
Epithelial_cells	Granular keratinocytes	33413	163.4994163948164
Epithelial_cells	Lens epithelial cells	654	180.3119266055046
Epithelial_cells	Pituitary gland cells	2980	184.01073825503354
Epithelial_cells	Thymic epithelial cells	912	189.5065789473684
Epithelial_cells	Thyroid gland cells	936	200.1153846153846
Epithelial_cells	Basal keratinocytes	13356	203.63072776280325
Epithelial_cells	Dental epithelial cells	4112	204.71060311284046
Epithelial_cells	Cochlear hair cells	248	212.1290322580645
Epithelial_cells	Corneal epithelial cells	894	212.3489932885906
Epithelial_cells	Conjunctival goblet cells	566	217.0600706713781
Epithelial_cells	Bladder urothelial cells	536	217.88059701492537
Epithelial_cells	Tooth junctional epithelium	905	225.30165745856354
Epithelial_cells	Pineal gland	155	229.81935483870967
Epithelial_cells	Nonsensory cochlear epithelium	30	231.4
Eye	Eye field	42457	42.037449654945
Eye	Optic stalk	3437	75.8946755891766
Eye	Retinal pigment cells	1850	130.67027027027027
Eye	Ciliary margin cells	553	143.5117540687161
Eye	Suprachiasmatic nucleus	4116	155.09475218658892
Eye	Retinal ganglion cells	6903	192.88222511951327
Eye	PV-containing retinal ganglion cells	742	195.9946091644205
Eye	Naive retinal progenitor cells	22496	198.40007112375534
Eye	Iris pigment epithelium	236	205.04237288135593
Eye	Retinal progenitor cells	4757	206.32835820895522
Eye	Horizontal cells	471	208.59872611464968
Eye	Amacrine/Horizontal precursor cells	2320	211.83362068965516
Eye	Cone precursor cells	2793	215.59183673469389
Eye	Cholinergic amacrine cells	580	229.10689655172413
Eye	Bipolar precursor cells	1105	230.51945701357465
Eye	Photoreceptor precursor cells	1540	235.05974025974027
Eye	Amacrine cells	2609	239.25028746646223
Eye	Rod precursor cells	467	249.7901498929336
Gastrulation	Epiblast	11315	11.864781263809103
Gastrulation	Primitive streak	7573	13.526739733262907
Gastrulation	Anterior primitive streak	893	15.251959686450167
Gastrulation	Nascent mesoderm	5501	16.537356844210144
Gastrulation	Parietal endoderm	268	18.08955223880597
Gastrulation	Embryonic visceral endoderm	1260	18.9
Gastrulation	Definitive endoderm	354	19.915254237288135
Gastrulation	Extraembryonic ectoderm	10351	21.528354748333495
Gastrulation	Primordial germ cells	380	23.352631578947367
Gastrulation	Extraembryonic visceral endoderm	8894	26.191814706543738
Gastrulation	Definitive ectoderm	6516	30.74585635359116
Gastrulation	Notochord	952	30.78781512605042
Gastrulation	Blood progenitors	2978	31.811282740094025
Gastrulation	Hematoendothelial progenitors	2598	33.431870669745955
Gastrulation	Extraembryonic mesoderm	3194	34.31308703819662
Gastrulation	Cardiopharyngeal mesoderm	2214	35.57181571815718
Gastrulation	Intermediate mesoderm	1064	35.83082706766917
Gastrulation	Paraxial mesoderm (Tbx6+)	6185	36.26677445432498
Gastrulation	Amniotic ectoderm	524	38.10687022900763
Gastrulation	Gut	1896	38.58860759493671
Gastrulation	CLE and NMPs	4992	39.27524038461539
Gastrulation	Allantois	2804	39.37018544935806
Gastrulation	Amniotic mesoderm	1152	39.984375
Gastrulation	Surface ectoderm	2795	40.48014311270125
Gastrulation	Paraxial mesoderm (Tbx6-)	3107	40.995815899581586
Gastrulation	Gut mesenchyme	1065	41.695774647887326
Gastrulation	Primitive erythroid cells	6732	41.94919786096257
Gastrulation	Lateral plate mesoderm	2580	42.88139534883721
Gastrulation	Spinal cord	2150	42.88744186046512
Gastrulation	Cardiogenic mesoderm	877	43.47776510832383
Gastrulation	Endothelium	982	43.753564154786154
Gastrulation	Forebrain	1429	44.372288313505955
Gastrulation	Floor plate	258	44.651162790697676
Gastrulation	Midbrain	1228	44.960912052117266
Gastrulation	Hindbrain	1075	45.36
Gastrulation	Neural crest	721	46.70180305131761
Gut	Extraembryonic visceral endoderm	1660	13.44578313253012
Gut	Gut	21281	40.72477797096001
Gut	Pancreatic islets	932	175.59656652360516
Gut	Pancreatic acinar cells	3480	178.75689655172414
Gut	Biliary epithelial cells	1066	189.03377110694183
Gut	Lung progenitor cells	28164	190.24243715381337
Gut	Foregut epithelial cells	3988	193.19608826479438
Gut	Hepatocytes	156655	193.30421627142445
Gut	Midgut/Hindgut epithelial cells	29802	206.90738876585465
Gut	Intestinal goblet cells	952	209.14915966386556
Gut	Intestinal enteroendocrine cells	220	220.8272727272727
Gut	Airway goblet cells	135	226.53333333333333
Gut	Lung cells (Eln+)	254	235.13385826771653
Gut	Airway club cells	2265	241.7801324503311
Gut	Alveolar Type 1 cells	5304	243.9445701357466
Gut	Alveolar Type 2 cells	7181	246.2105556329202
Lateral_plate_mesoderm	Extraembryonic mesoderm	57523	29.146045929454306
Lateral_plate_mesoderm	Second heart field	3537	31.608142493638677
Lateral_plate_mesoderm	Allantois	31010	37.013866494679135
Lateral_plate_mesoderm	Cardiopharyngeal mesoderm	19277	39.60180526015459
Lateral_plate_mesoderm	First heart field	28638	40.73454850199036
Lateral_plate_mesoderm	Somatic mesoderm	126739	42.15438026179787
Lateral_plate_mesoderm	Foregut mesenchyme	17976	56.336782376502
Lateral_plate_mesoderm	Amniotic mesoderm	25231	60.126986643414845
Lateral_plate_mesoderm	Proepicardium	9451	73.34144534969845
Lateral_plate_mesoderm	Splanchnic mesoderm	123694	75.95461380503501
Lateral_plate_mesoderm	Limb mesenchyme progenitors	222702	80.06552253684296
Lateral_plate_mesoderm	Gonad progenitor cells	4229	89.55024828564673
Lateral_plate_mesoderm	Gut mesenchyme	56937	93.41914747879235
Lateral_plate_mesoderm	Hepatic mesenchyme	24510	112.65997552019584
Lateral_plate_mesoderm	Meninges	5063	141.25775232075844
Lateral_plate_mesoderm	Mesothelial cells	37131	151.67391128706473
Lateral_plate_mesoderm	Atrial cardiomyocytes	1005	179.83880597014925
Lateral_plate_mesoderm	Lung mesenchyme	60258	186.1941650901125
Lateral_plate_mesoderm	Sertoli cells	1220	188.07049180327868
Lateral_plate_mesoderm	Vascular smooth muscle cells	15949	193.91861558718415
Lateral_plate_mesoderm	Leydig cells	245	203.0938775510204
Lateral_plate_mesoderm	Gastrointestinal smooth muscle cells	7825	204.00230031948882
Lateral_plate_mesoderm	Renal stromal cells	12270	206.5232273838631
Lateral_plate_mesoderm	Adrenocortical cells	2148	210.3072625698324
Lateral_plate_mesoderm	Airway smooth muscle cells	4926	211.0937880633374
Lateral_plate_mesoderm	Ventricular cardiomyocytes	2215	216.1489841986456
Lateral_plate_mesoderm	Vascular smooth muscle cells (Pparg+)	7384	220.1489707475623
Lateral_plate_mesoderm	Granulosa cells	76	225.78947368421052
Mesoderm	Mesodermal progenitors (Tbx6+)	50325	30.549865871833084
Mesoderm	Dermomyotome	131041	46.68549537930877
Mesoderm	Muscle progenitor cells (Prdm1+)	5017	55.369344229619294
Mesoderm	Sclerotome	475696	63.46736571255592
Mesoderm	Facial mesenchyme	378403	66.28209607217701
Mesoderm	Muscle progenitor cells	26992	83.20843212803794
Mesoderm	Chondrocytes (Atp1a2+)	97338	132.20205880539973
Mesoderm	Early chondrocytes	130217	139.03189291720744
Mesoderm	Dermatome	159301	155.29555997765237
Mesoderm	Myofibroblasts	39998	164.56092804640232
Mesoderm	Myoblasts	149216	164.72616877546645
Mesoderm	Fibroblasts	473634	170.01540429952243
Mesoderm	Myotubes	22340	188.9094897045658
Mesoderm	Adipocyte progenitor cells	19151	203.78163020207822
Mesoderm	Chondrocytes (Otor+)	6521	207.51019782241988
Mesoderm	Pre-osteoblasts (Sp7+)	86242	210.29387073583638
Mesoderm	Brown adipocyte cells	42631	240.0931716356642
Mesoderm	Adipocyte cells (Cyp2e1+)	4767	244.94776589049718
Notochord	Ciliated nodal cells	60	3.9999999999999996
Notochord	Notochord	3745	33.848331108144194
PNS_glia	Neural crest (PNS glia)	69628	52.239759866720284
PNS_glia	Myelinating Schwann cells	28658	144.81778212017588
PNS_glia	Myelinating Schwann cells (Tgfb2+)	5617	146.49100943564181
PNS_glia	Melanocyte cells	2274	157.64116094986807
PNS_glia	Satellite glial cells	4304	184.03299256505576
PNS_glia	Olfactory ensheathing cells	1991	199.47061778001006
PNS_neurons	Enteric neurons	4640	64.57887931034483
PNS_neurons	Neural crest (PNS neurons)	50974	77.26350688586338
PNS_neurons	Otic sensory neurons	7640	78.32041884816753
PNS_neurons	Dorsal root ganglion neurons	9289	166.164280331575
PNS_neurons	Sympathetic neurons	12782	166.99827882960415
PNS_neurons	Olfactory sensory neurons	20964	172.96823125357756
PNS_neurons	Parasympathetic neurons	5261	186.4892605968447
PNS_neurons	Corticofugal neurons	1413	203.34607218683652
Renal	Anterior intermediate mesoderm	7833	40.3301417081578
Renal	Posterior intermediate mesoderm	10584	47.175170068027214
Renal	Renal pericytes and mesangial cells	7231	57.21615267597843
Renal	Ureteric bud	3705	164.23805668016195
Renal	Ureteric bud stalk	253	168.498023715415
Renal	Metanephric mesenchyme	16036	193.9141930656024
Renal	Nephron progenitors	11348	208.41170250264364
Renal	Proximal tubule cells	7609	225.4955973189644
Renal	Collecting duct principal cells	840	225.74285714285713
Renal	Podocytes	2396	226.15191986644408
Renal	Connecting tubule	254	230.07874015748033
Renal	Distal convoluted tubule	639	233.41784037558685
Renal	Ascending loop of Henle	1728	233.62152777777777
Renal	Collecting duct intercalated cells	182	233.8021978021978
