index	system	celltype_new	n_cells	mean_ucell	pct_ucell_pos
0	Blood	Activated T cells	6621.0	0.014762842135293426	0.06736142576650053
1	Blood	Adipose tissue macrophages	4190.0	0.0058215857862635905	0.03699284009546539
2	Blood	B cell progenitors	1295.0	0.029331788931788935	0.1861003861003861
3	Blood	B cells	43057.0	0.014974537628415045	0.08293657245047263
4	Blood	Border-associated macrophages	65191.0	0.007769830191284073	0.04884109769753493
5	Blood	Border-associated macrophages (Ms4a8a+)	4736.0	0.003984093468468468	0.026393581081081082
6	Blood	Conventional dendritic cells	4582.0	0.00959627043018575	0.05718027062418158
7	Blood	Definitive early erythroblasts (CD36-)	929291.0	0.018832959272774143	0.11842576760132187
8	Blood	Definitive erythroblasts (CD36+)	92446.0	0.003971443990125166	0.01576055210609437
9	Blood	Granulocytes	3547.0	0.007446229990915641	0.053284465745700595
10	Blood	Hematopoietic stem cells (Cd34+)	37750.0	0.015801277409860193	0.1134569536423841
11	Blood	Hematopoietic stem cells (Mpo+)	23128.0	0.009523281063837964	0.06792632307160153
12	Blood	Kupffer cells	33417.0	0.005052431729691807	0.03510189424544394
13	Blood	Mast cells	23828.0	0.023093093093093094	0.13954171562867215
14	Blood	Megakaryocyte-erythroid progenitors	13436.0	0.02643524858588866	0.18398332837153916
15	Blood	Megakaryocytes	14777.0	0.010802681344130894	0.0793801177505583
16	Blood	Microglia	8382.0	0.008815901800153769	0.05476020042949177
17	Blood	Monocytes	29268.0	0.0056960540901705315	0.04062457291239579
18	Blood	Monocytic myeloid-derived suppressor cells	24741.0	0.003304438426543434	0.021421931207307707
19	Blood	Natural killer cells	2961.0	0.01269417238920785	0.07328605200945626
20	Blood	Osteoclasts	3323.0	0.012625004179623499	0.09027986758952754
21	Blood	PMN myeloid-derived suppressor cells	15382.0	0.0018243834785246825	0.00864646989988298
22	Blood	Plasmacytoid dendritic cells	1101.0	0.02377101624785548	0.13533151680290645
23	Blood	Primitive erythroid cells	108610.0	0.04052129024337845	0.2103397477212043
24	Blood	Regulatory T cells	9800.0	0.023990204081632653	0.14653061224489797
25	Blood	T cells	70028.0	0.017122393899583026	0.09493345518935283
26	Blood	T-NK progenitors	1901.0	0.013896136536325909	0.10047343503419252
27	Brain_spinal_cord	Anterior floor plate	16274.0	0.17392096368854998	0.5374831018802999
28	Brain_spinal_cord	Anterior roof plate	16098.0	0.06835867020953523	0.2271710771524413
29	Brain_spinal_cord	Astrocytes	109750.0	0.2187713901149087	0.6340501138952164
30	Brain_spinal_cord	Cajal-Retzius cells	81803.0	0.03553461518823813	0.14192633521997972
31	Brain_spinal_cord	Cerebellar Purkinje cells	26737.0	0.031021598872637012	0.12607996409470024
32	Brain_spinal_cord	Cerebellum-related cells	9252.0	0.22160688792818778	0.5837656722870731
33	Brain_spinal_cord	Choroid plexus	9441.0	0.09033511931551405	0.34307806376443173
34	Brain_spinal_cord	Committed oligodendrocyte precursors	1865.0	0.09640040789073648	0.31528150134048255
35	Brain_spinal_cord	Cortical Interneurons (Prox1+)	7555.0	0.03421632528649003	0.0943745863666446
36	Brain_spinal_cord	Cranial motor neurons	23754.0	0.15136555782469577	0.3805674833712217
37	Brain_spinal_cord	Deep-layer neurons	236402.0	0.03693673313572131	0.10290945085066962
38	Brain_spinal_cord	Di/mesencephalon GABAergic neurons	15589.0	0.1038728119176488	0.25280646609788954
39	Brain_spinal_cord	Di/mesencephalon glutamatergic neurons	30999.0	0.06297319502420094	0.16074712087486692
40	Brain_spinal_cord	Diencephalon	78021.0	0.1987020069208009	0.5265761782084311
41	Brain_spinal_cord	Dorsal telencephalon	30144.0	0.07502094486166166	0.2468816348195329
42	Brain_spinal_cord	Ependymal cells	5895.0	0.047837364894270956	0.21611535199321458
43	Brain_spinal_cord	Floorplate and p3 domain	44992.0	0.2578311022098147	0.6822546230440967
44	Brain_spinal_cord	GABAergic cortical interneurons	603448.0	0.06860514643671048	0.17565390887035834
45	Brain_spinal_cord	GABAergic neurons (after E13.0)	292004.0	0.0665618987890793	0.19625416090190545
46	Brain_spinal_cord	Glutamatergic neurons (after E13.0)	570526.0	0.05963800550493163	0.17578339988011063
47	Brain_spinal_cord	Hindbrain	197367.0	0.19440434770672158	0.5204365471431395
48	Brain_spinal_cord	Hypothalamic Sim1 neurons	19592.0	0.11559049885809311	0.2837893017558187
49	Brain_spinal_cord	Hypothalamus	53378.0	0.28857504046004445	0.7748697965453932
50	Brain_spinal_cord	Hypothalamus (Sim1+)	14611.0	0.24154972643852632	0.6625829854219424
51	Brain_spinal_cord	Intermediate neuronal progenitors	42068.0	0.022265577028797633	0.076946847960445
52	Brain_spinal_cord	Midbrain	145124.0	0.11119556291509677	0.3047669579118547
53	Brain_spinal_cord	Midbrain dopaminergic neurons	5495.0	0.09515676712124299	0.2362147406733394
54	Brain_spinal_cord	Midbrain-hindbrain boundary	66071.0	0.16906317852343844	0.48390367937521755
55	Brain_spinal_cord	Multiciliated ependymal cells	10452.0	0.13278052327784676	0.4428817451205511
56	Brain_spinal_cord	NMPs and spinal cord progenitors	53734.0	0.2860191864505046	0.7103323780101984
57	Brain_spinal_cord	Neural progenitor cells (Neurod1+)	23270.0	0.15034721404497425	0.4369144821658788
58	Brain_spinal_cord	Neural progenitor cells (Ror1+)	33240.0	0.09222671554144334	0.30577617328519857
59	Brain_spinal_cord	Neurons (Slc17a8+)	1957.0	0.14190244032180846	0.3490035769034236
60	Brain_spinal_cord	Oligodendrocyte progenitor cells	29522.0	0.08463826033634186	0.3132917823995664
61	Brain_spinal_cord	Posterior roof plate	11623.0	0.1877154593675138	0.4951389486363245
62	Brain_spinal_cord	Precerebellar neurons	1286.0	0.08748454602096835	0.2255054432348367
63	Brain_spinal_cord	Spinal V0 interneurons	9397.0	0.11397992983195858	0.2900925827391721
64	Brain_spinal_cord	Spinal V1 interneurons	31325.0	0.15889173239745116	0.36405426975259375
65	Brain_spinal_cord	Spinal V2a interneurons	11065.0	0.12667895900479104	0.30926344328965205
66	Brain_spinal_cord	Spinal V2b interneurons	8575.0	0.09859492692976243	0.24396501457725947
67	Brain_spinal_cord	Spinal V3 interneurons	4440.0	0.19293542359394092	0.4797297297297297
68	Brain_spinal_cord	Spinal cord dorsal progenitors (after E13.0)	8358.0	0.04673515282447082	0.1474036850921273
69	Brain_spinal_cord	Spinal cord motor neurons	31680.0	0.12905728220692733	0.330239898989899
70	Brain_spinal_cord	Spinal cord ventral progenitors (after E13.0)	2021.0	0.11509293492662369	0.35675408213755566
71	Brain_spinal_cord	Spinal cord/r7/r8	395636.0	0.20034856098446058	0.5359269631681647
72	Brain_spinal_cord	Spinal dI1 interneurons	35714.0	0.06532310933566333	0.1675253402027216
73	Brain_spinal_cord	Spinal dI2 interneurons	21843.0	0.07513458895291043	0.19370049901570296
74	Brain_spinal_cord	Spinal dI3 interneurons	5430.0	0.09196752763883322	0.2434622467771639
75	Brain_spinal_cord	Spinal dI4 interneurons	38632.0	0.06857886525153957	0.1727324497825637
76	Brain_spinal_cord	Spinal dI5 interneurons	39157.0	0.0908732471376854	0.22739229256582474
77	Brain_spinal_cord	Spinal dI6 interneurons	10964.0	0.09983976092678418	0.2604888726742065
78	Brain_spinal_cord	Striatal projection neurons	6235.0	0.06000059448670499	0.16663993584603048
79	Brain_spinal_cord	Subplate neurons	103397.0	0.0298443689629836	0.09055388454210471
80	Brain_spinal_cord	Telencephalon	430409.0	0.10937344116464749	0.30268186771187405
81	Brain_spinal_cord	Thalamic neuronal precursors	81788.0	0.04497082448194412	0.18836504132635595
82	Brain_spinal_cord	Upper-layer neurons	238829.0	0.018635188451624107	0.05037076736912184
83	Endothelium	Arterial endothelial cells	26943.0	0.036823487444687754	0.22666369743532644
84	Endothelium	Brain capillary endothelial cells	15179.0	0.018719846864454548	0.13057513670202253
85	Endothelium	Brain pericytes	3617.0	0.01594034343992873	0.11501244124965442
86	Endothelium	Endocardial cells	14071.0	0.028457686810540197	0.18321370194016062
87	Endothelium	Endothelium	90215.0	0.028544555906568875	0.1915202571634429
88	Endothelium	Glomerular endothelial cells	17038.0	0.03556063570319939	0.16897523183472238
89	Endothelium	Hematoendothelial progenitors	9693.0	0.03208702729346493	0.2222222222222222
90	Endothelium	Liver sinusoidal endothelial cells	30802.0	0.018327244262638067	0.11366145055515875
91	Endothelium	Lymphatic vessel endothelial cells	25269.0	0.038624581722883994	0.21943883810202225
92	Endothelium	Microvascular endothelial cells	5624.0	0.020987908961593173	0.12748933143669985
93	Endothelium	Pericytes	14055.0	0.0609145183604095	0.28395588758448953
94	Endothelium	Venous and capillary endothelial cells	59523.0	0.019040660286313228	0.11644238361641718
95	Epithelial_cells	Amniotic ectoderm	11509.0	0.04868854326565683	0.2709184116778174
96	Epithelial_cells	Apical ectodermal ridge	6330.0	0.04860014042478498	0.2581358609794629
97	Epithelial_cells	Basal keratinocytes	19591.0	0.1667341296173413	0.5406053800214384
98	Epithelial_cells	Bladder urothelial cells	1313.0	0.017244393670136245	0.10205635948210205
99	Epithelial_cells	Branchial arch epithelium	41134.0	0.06561137042619515	0.287183351971605
100	Epithelial_cells	Cochlear hair cells	574.0	0.012158730158730159	0.09059233449477352
101	Epithelial_cells	Conjunctival goblet cells	1244.0	0.01380350125044659	0.07877813504823152
102	Epithelial_cells	Corneal epithelial cells	1078.0	0.011776540919398061	0.07235621521335807
103	Epithelial_cells	Dental epithelial cells	9903.0	0.1576061687255265	0.5870948197515904
104	Epithelial_cells	Granular keratinocytes	41185.0	0.028280309713622814	0.1569989073691878
105	Epithelial_cells	Lens epithelial cells	1605.0	0.036981585323641396	0.21806853582554517
106	Epithelial_cells	Nonsensory cochlear epithelium	51.0	0.021699346405228758	0.11764705882352941
107	Epithelial_cells	Olfactory bulb cells	5888.0	0.014310914855072463	0.09578804347826086
108	Epithelial_cells	Olfactory epithelial cells	33331.0	0.029289083569183177	0.1760823257628034
109	Epithelial_cells	Olfactory pit cells	2081.0	0.06168167013722035	0.35271504084574723
110	Epithelial_cells	Otic epithelial cells	29337.0	0.050400760510996734	0.27985138221358696
111	Epithelial_cells	Parathyroid epithelial cells	433.0	0.0772016936104696	0.34872979214780603
112	Epithelial_cells	Pineal gland	540.0	0.012770164609053497	0.07592592592592592
113	Epithelial_cells	Pituitary gland cells	4964.0	0.04208725042528427	0.23751007252215955
114	Epithelial_cells	Pituitary/Pineal gland progenitors	2797.0	0.12242855440352758	0.5205577404361816
115	Epithelial_cells	Placodal area	60938.0	0.11633874685016829	0.45841675145229577
116	Epithelial_cells	Pre-epidermal keratinocytes	114402.0	0.06832767492409807	0.3177129770458558
117	Epithelial_cells	Primordial germ cells	1712.0	0.03399928608515057	0.22021028037383178
118	Epithelial_cells	Thymic epithelial cells	1937.0	0.03625813113061435	0.19617965926690759
119	Epithelial_cells	Thyroid gland cells	1578.0	0.03817814392339108	0.19898605830164764
120	Epithelial_cells	Tooth junctional epithelium	2918.0	0.006989452440788973	0.04489376285126799
121	Eye	Amacrine cells	10061.0	0.01425207346298689	0.0834907066891959
122	Eye	Amacrine/Horizontal precursor cells	5154.0	0.018701741904885095	0.1016686069072565
123	Eye	Bipolar precursor cells	3414.0	0.024772668098678643	0.14176918570591682
124	Eye	Cholinergic amacrine cells	1426.0	0.02642200405173757	0.17040673211781207
125	Eye	Ciliary margin cells	725.0	0.04524934865900383	0.2413793103448276
126	Eye	Cone precursor cells	5744.0	0.023332559579077684	0.1189066852367688
127	Eye	Eye field	43440.0	0.08374964190710046	0.37886740331491714
128	Eye	Horizontal cells	910.0	0.021473137973137973	0.14505494505494507
129	Eye	Iris pigment epithelium	592.0	0.0430335960960961	0.26013513513513514
130	Eye	Naive retinal progenitor cells	52693.0	0.13284630891305402	0.482492930749815
131	Eye	Optic stalk	3457.0	0.10022646482177869	0.4787387908591264
132	Eye	PV-containing retinal ganglion cells	1133.0	0.013719035010297146	0.1147396293027361
133	Eye	Photoreceptor precursor cells	4703.0	0.021724572967609327	0.10376355517754625
134	Eye	Retinal ganglion cells	11197.0	0.013523830788008692	0.1044922747164419
135	Eye	Retinal pigment cells	3242.0	0.063407190348893	0.3130783466995682
136	Eye	Retinal progenitor cells	10201.0	0.04667143744077378	0.21576316047446328
137	Eye	Rod precursor cells	2743.0	0.02025754445659659	0.09515129420342691
138	Eye	Suprachiasmatic nucleus	6017.0	0.0847104315550385	0.3383746052850258
139	Gastrulation	Allantois	2804.0	0.004547115232207954	0.05420827389443652
140	Gastrulation	Amniotic ectoderm	524.0	0.0015600084817642052	0.030534351145038167
141	Gastrulation	Amniotic mesoderm	1152.0	0.008387345679012342	0.08680555555555555
142	Gastrulation	Anterior primitive streak	893.0	0.0011593878312803276	0.014557670772676373
143	Gastrulation	Blood progenitors	2978.0	0.00041224535482426653	0.007387508394895903
144	Gastrulation	CLE and NMPs	4992.0	0.006091635505698003	0.058693910256410256
145	Gastrulation	Cardiogenic mesoderm	877.0	0.0031095907766375257	0.03192702394526796
146	Gastrulation	Cardiopharyngeal mesoderm	2214.0	0.00998594800762822	0.10569105691056911
147	Gastrulation	Definitive ectoderm	6516.0	0.0031198247049996574	0.0334561080417434
148	Gastrulation	Definitive endoderm	354.0	0.0002605147520401752	0.011299435028248588
149	Gastrulation	Embryonic visceral endoderm	1260.0	0.001008906525573192	0.00873015873015873
150	Gastrulation	Endothelium	982.0	0.0007445123331070374	0.009164969450101833
151	Gastrulation	Epiblast	11315.0	0.0005461285412677367	0.008837825894829872
152	Gastrulation	Extraembryonic ectoderm	10351.0	0.000136562221578162	0.0024152255820693654
153	Gastrulation	Extraembryonic mesoderm	3194.0	0.024024107701941133	0.2100814026299311
154	Gastrulation	Extraembryonic visceral endoderm	8894.0	0.00021376458536341588	0.004834720035979312
155	Gastrulation	Floor plate	258.0	0.0965757967269595	0.5930232558139535
156	Gastrulation	Forebrain	1429.0	0.009211958634631829	0.07557732680195942
157	Gastrulation	Gut	1896.0	0.018052273792780116	0.14767932489451477
158	Gastrulation	Gut mesenchyme	1065.0	0.07437381324986957	0.536150234741784
159	Gastrulation	Hematoendothelial progenitors	2598.0	0.001099991446411769	0.016166281755196306
160	Gastrulation	Hindbrain	1075.0	0.010304392764857877	0.09116279069767441
161	Gastrulation	Intermediate mesoderm	1064.0	0.008915309106098576	0.10150375939849623
162	Gastrulation	Lateral plate mesoderm	2580.0	0.018030792420327298	0.1631782945736434
163	Gastrulation	Midbrain	1228.0	0.0038412956930872224	0.04560260586319218
164	Gastrulation	Nascent mesoderm	5501.0	0.003222585792482173	0.046173423013997454
165	Gastrulation	Neural crest	721.0	0.00027693018955154855	0.008321775312066574
166	Gastrulation	Notochord	952.0	0.03146451914098972	0.23319327731092437
167	Gastrulation	Paraxial mesoderm (Tbx6+)	6185.0	0.006913572262642591	0.07809215844785772
168	Gastrulation	Paraxial mesoderm (Tbx6-)	3107.0	0.016532489360941236	0.14419053749597682
169	Gastrulation	Parietal endoderm	268.0	0.0	0.0
170	Gastrulation	Primitive erythroid cells	6732.0	0.00043049778834092526	0.00920974450386215
171	Gastrulation	Primitive streak	7573.0	0.0005834176973751775	0.00792288392975043
172	Gastrulation	Primordial germ cells	380.0	0.0020289473684210516	0.02368421052631579
173	Gastrulation	Spinal cord	2150.0	0.015675142118863044	0.12930232558139534
174	Gastrulation	Surface ectoderm	2795.0	0.002611568276684554	0.03148479427549195
175	Gut	Airway club cells	6264.0	0.03035325315737193	0.16235632183908047
176	Gut	Airway goblet cells	408.0	0.020398148148148148	0.14215686274509803
177	Gut	Alveolar Type 1 cells	14321.0	0.04143598755518314	0.21660498568535716
178	Gut	Alveolar Type 2 cells	21443.0	0.02226382606082275	0.11299724851933032
179	Gut	Biliary epithelial cells	1742.0	0.03461181273121572	0.20321469575200918
180	Gut	Extraembryonic visceral endoderm	1660.0	0.02061305220883534	0.1566265060240964
181	Gut	Foregut epithelial cells	6962.0	0.029237559449711133	0.17394426888825051
182	Gut	Gut	21287.0	0.16317908165129474	0.6573495560670832
183	Gut	Hepatocytes	289569.0	0.027505404008486174	0.1748426109148424
184	Gut	Intestinal enteroendocrine cells	536.0	0.01689158374792703	0.11007462686567164
185	Gut	Intestinal goblet cells	1745.0	0.01396829035339064	0.08939828080229226
186	Gut	Lung cells (Eln+)	5308.0	0.06971154651260153	0.3285606631499623
187	Gut	Lung progenitor cells	28988.0	0.10068299526240744	0.4826134952394094
188	Gut	Midgut/Hindgut epithelial cells	47855.0	0.015894890816006688	0.10464946191620521
189	Gut	Pancreatic acinar cells	3747.0	0.043391424250511526	0.2570056044835869
190	Gut	Pancreatic islets	1323.0	0.031707734945830186	0.19501133786848074
191	Lateral_plate_mesoderm	Adrenocortical cells	3048.0	0.03267122338874307	0.19389763779527558
192	Lateral_plate_mesoderm	Airway smooth muscle cells	6938.0	0.06152506325870408	0.30340155664456614
193	Lateral_plate_mesoderm	Allantois	31010.0	0.10525506825755132	0.44953240890035473
194	Lateral_plate_mesoderm	Amniotic mesoderm	25520.0	0.046662708986415884	0.25775862068965516
195	Lateral_plate_mesoderm	Atrial cardiomyocytes	1286.0	0.01837039917055469	0.12441679626749612
196	Lateral_plate_mesoderm	Cardiopharyngeal mesoderm	19285.0	0.12038659868060957	0.48270676691729325
197	Lateral_plate_mesoderm	Extraembryonic mesoderm	57543.0	0.08730442355185591	0.3677945188815321
198	Lateral_plate_mesoderm	First heart field	28647.0	0.04007222396760569	0.23936188780675113
199	Lateral_plate_mesoderm	Foregut mesenchyme	17991.0	0.24840302867483124	0.7149130120615863
200	Lateral_plate_mesoderm	Gastrointestinal smooth muscle cells	12120.0	0.17543362669600293	0.5137788778877888
201	Lateral_plate_mesoderm	Gonad progenitor cells	4598.0	0.03409779614325069	0.19899956502827315
202	Lateral_plate_mesoderm	Granulosa cells	108.0	0.030814814814814812	0.21296296296296297
203	Lateral_plate_mesoderm	Gut mesenchyme	61542.0	0.30365646766977566	0.819960352279744
204	Lateral_plate_mesoderm	Hepatic mesenchyme	28242.0	0.14035000668822636	0.5270519085050633
205	Lateral_plate_mesoderm	Leydig cells	294.0	0.06645124716553287	0.3231292517006803
206	Lateral_plate_mesoderm	Limb mesenchyme progenitors	223422.0	0.07123912198042767	0.3366051686942199
207	Lateral_plate_mesoderm	Lung mesenchyme	74124.0	0.27557516234058244	0.7244212400841833
208	Lateral_plate_mesoderm	Meninges	6376.0	0.03160487243831033	0.1714240903387704
209	Lateral_plate_mesoderm	Mesothelial cells	59211.0	0.10413353374654484	0.3522994038269916
210	Lateral_plate_mesoderm	Proepicardium	9654.0	0.02575248026149207	0.1687383467992542
211	Lateral_plate_mesoderm	Renal stromal cells	22908.0	0.1225092544089401	0.45879168849310287
212	Lateral_plate_mesoderm	Second heart field	3537.0	0.08193739201457606	0.3604749787955895
213	Lateral_plate_mesoderm	Sertoli cells	1719.0	0.06428679464805119	0.32577079697498545
214	Lateral_plate_mesoderm	Somatic mesoderm	126741.0	0.04262483945824774	0.2372555053218769
215	Lateral_plate_mesoderm	Splanchnic mesoderm	127703.0	0.1507177417740991	0.4988371455643172
216	Lateral_plate_mesoderm	Vascular smooth muscle cells	24161.0	0.03275370316717943	0.1679152352965523
217	Lateral_plate_mesoderm	Vascular smooth muscle cells (Pparg+)	11440.0	0.01752131895881896	0.09160839160839161
218	Lateral_plate_mesoderm	Ventricular cardiomyocytes	3735.0	0.017349486836233823	0.10522088353413654
219	Mesoderm	Adipocyte cells (Cyp2e1+)	14376.0	0.02915994293784693	0.10684474123539232
220	Mesoderm	Adipocyte progenitor cells	19823.0	0.05520558485611827	0.20400544821671796
221	Mesoderm	Brown adipocyte cells	80279.0	0.018681187342655486	0.07020515950622205
222	Mesoderm	Chondrocytes (Atp1a2+)	118412.0	0.1439179968227897	0.41695098469749686
223	Mesoderm	Chondrocytes (Otor+)	12063.0	0.07318104295434945	0.22042609632761337
224	Mesoderm	Dermatome	198888.0	0.17147634761767502	0.41497224568601426
225	Mesoderm	Dermomyotome	131048.0	0.16772464344508503	0.45880135522861853
226	Mesoderm	Early chondrocytes	144311.0	0.217367385409744	0.5513647608290428
227	Mesoderm	Facial mesenchyme	382752.0	0.1666921636886145	0.45007733467101413
228	Mesoderm	Fibroblasts	648059.0	0.10495091514727066	0.29028066888971527
229	Mesoderm	Mesodermal progenitors (Tbx6+)	50325.0	0.20365356739006646	0.5902036761053154
230	Mesoderm	Muscle progenitor cells	27017.0	0.17547574322553058	0.4509753118406929
231	Mesoderm	Muscle progenitor cells (Prdm1+)	5017.0	0.11767405743321996	0.4090093681482958
232	Mesoderm	Myoblasts	185751.0	0.07705205062425632	0.23109431443168543
233	Mesoderm	Myofibroblasts	43951.0	0.03972530351134056	0.18304475438556575
234	Mesoderm	Myotubes	43267.0	0.040378770728092296	0.14068458640534356
235	Mesoderm	Pre-osteoblasts (Sp7+)	135893.0	0.22782606031677075	0.5550396267651756
236	Mesoderm	Sclerotome	476671.0	0.21319998278893393	0.5227546882440929
237	Notochord	Ciliated nodal cells	60.0	0.2970722222222222	0.9166666666666666
238	Notochord	Notochord	3752.0	0.2832694859038143	0.8702025586353944
239	PNS_glia	Melanocyte cells	3293.0	0.01765259641664136	0.10841178256908594
240	PNS_glia	Myelinating Schwann cells	35271.0	0.026418366993343604	0.16092540614102238
241	PNS_glia	Myelinating Schwann cells (Tgfb2+)	7151.0	0.04623718516446806	0.23758914837085723
242	PNS_glia	Neural crest (PNS glia)	70165.0	0.058741509299508304	0.3072614551414523
243	PNS_glia	Olfactory ensheathing cells	3947.0	0.03456360667736396	0.18925766404864455
244	PNS_glia	Satellite glial cells	6916.0	0.06762740183792815	0.34615384615384615
245	PNS_neurons	Corticofugal neurons	2807.0	0.01136036891897241	0.07659422871392946
246	PNS_neurons	Dorsal root ganglion neurons	13077.0	0.013045992539913164	0.10728760419056359
247	PNS_neurons	Enteric neurons	4787.0	0.0291462293712137	0.1907248798830165
248	PNS_neurons	Neural crest (PNS neurons)	51569.0	0.032581669435341215	0.213131920339739
249	PNS_neurons	Olfactory sensory neurons	40019.0	0.016834445305146724	0.11109722881631225
250	PNS_neurons	Otic sensory neurons	7844.0	0.03962109751260695	0.23419173890872005
251	PNS_neurons	Parasympathetic neurons	8353.0	0.027189778788725277	0.18520292110618938
252	PNS_neurons	Sympathetic neurons	18369.0	0.03513949830934969	0.2196091240677228
253	Renal	Anterior intermediate mesoderm	7846.0	0.03401707876625032	0.2074942645934234
254	Renal	Ascending loop of Henle	4087.0	0.01821137481988962	0.11304135062392953
255	Renal	Collecting duct intercalated cells	434.0	0.0550468509984639	0.27880184331797236
256	Renal	Collecting duct principal cells	1895.0	0.030377777777777774	0.18944591029023747
257	Renal	Connecting tubule	563.0	0.015819222419577658	0.12078152753108348
258	Renal	Distal convoluted tubule	1287.0	0.011098938098938098	0.07459207459207459
259	Renal	Metanephric mesenchyme	29547.0	0.05318982186572805	0.2923139405015738
260	Renal	Nephron progenitors	20280.0	0.03662978303747534	0.21612426035502957
261	Renal	Podocytes	4879.0	0.04637637494021999	0.24718179954908792
262	Renal	Posterior intermediate mesoderm	10600.0	0.06426642557651992	0.33867924528301885
263	Renal	Proximal tubule cells	16160.0	0.018376526402640266	0.11738861386138613
264	Renal	Renal pericytes and mesangial cells	7956.0	0.11483551198257082	0.4287330316742081
265	Renal	Ureteric bud	5851.0	0.03713023414800889	0.22406426251922748
266	Renal	Ureteric bud stalk	401.0	0.06116126350789692	0.371571072319202
