index	system	celltype_new	n_cells	mean_scanpy	pct_scanpy_pos
0	Blood	Activated T cells	6621.0	-0.029794738696119982	0.06902280622262498
1	Blood	Adipose tissue macrophages	4190.0	-0.06863110513808524	0.056801909307875896
2	Blood	B cell progenitors	1295.0	0.04144726831173498	0.28803088803088805
3	Blood	B cells	43057.0	-0.007547530506905501	0.09320203451239055
4	Blood	Border-associated macrophages	65191.0	-0.04288942826813795	0.05779938948627878
5	Blood	Border-associated macrophages (Ms4a8a+)	4736.0	-0.06363003523969972	0.032939189189189186
6	Blood	Conventional dendritic cells	4582.0	-0.06717992292053399	0.06831078131820166
7	Blood	Definitive early erythroblasts (CD36-)	929291.0	0.015949004673227973	0.1588867211669972
8	Blood	Definitive erythroblasts (CD36+)	92446.0	-0.0037175303982780886	0.01583627198580793
9	Blood	Granulocytes	3547.0	-0.05402432840151196	0.08175923315477869
10	Blood	Hematopoietic stem cells (Cd34+)	37750.0	-0.021665549749107026	0.18810596026490067
11	Blood	Hematopoietic stem cells (Mpo+)	23128.0	-0.050267352186797135	0.13373400207540642
12	Blood	Kupffer cells	33417.0	-0.057772912854935514	0.05093216027770297
13	Blood	Mast cells	23828.0	0.00969819458141597	0.17638912204129595
14	Blood	Megakaryocyte-erythroid progenitors	13436.0	0.017004596512120336	0.299866031557011
15	Blood	Megakaryocytes	14777.0	-0.038124752675695574	0.1405562698788658
16	Blood	Microglia	8382.0	-0.043026799642223355	0.06179909329515629
17	Blood	Monocytes	29268.0	-0.07471546470801231	0.07058903922372557
18	Blood	Monocytic myeloid-derived suppressor cells	24741.0	-0.06841364971515926	0.028091022998261994
19	Blood	Natural killer cells	2961.0	-0.05567490924227335	0.08476865923674434
20	Blood	Osteoclasts	3323.0	-0.04146141464091529	0.18086066807102016
21	Blood	PMN myeloid-derived suppressor cells	15382.0	-0.05580683426346947	0.0087114809517618
22	Blood	Plasmacytoid dendritic cells	1101.0	0.013180868738245465	0.1553133514986376
23	Blood	Primitive erythroid cells	108610.0	0.06655054606809781	0.22328514869717336
24	Blood	Regulatory T cells	9800.0	0.0008719443543427656	0.18591836734693878
25	Blood	T cells	70028.0	-0.022261168319968216	0.11017021762723482
26	Blood	T-NK progenitors	1901.0	-0.026275124450367875	0.15886375591793792
27	Brain_spinal_cord	Anterior floor plate	16274.0	0.07021937898472015	0.507005038712056
28	Brain_spinal_cord	Anterior roof plate	16098.0	-0.2059160094821103	0.17834513604174432
29	Brain_spinal_cord	Astrocytes	109750.0	0.19730136180979427	0.5984510250569476
30	Brain_spinal_cord	Cajal-Retzius cells	81803.0	-0.22633422180175045	0.10229453687517573
31	Brain_spinal_cord	Cerebellar Purkinje cells	26737.0	-0.2340936616026	0.0899128548453454
32	Brain_spinal_cord	Cerebellum-related cells	9252.0	0.21548594019154957	0.543450064850843
33	Brain_spinal_cord	Choroid plexus	9441.0	-0.1264288450659944	0.26173074886134945
34	Brain_spinal_cord	Committed oligodendrocyte precursors	1865.0	-0.055086631874190155	0.285254691689008
35	Brain_spinal_cord	Cortical Interneurons (Prox1+)	7555.0	-0.04185247771018866	0.09530112508272667
36	Brain_spinal_cord	Cranial motor neurons	23754.0	0.1295304858282224	0.38229350846173277
37	Brain_spinal_cord	Deep-layer neurons	236402.0	-0.03741445202040302	0.10515985482356326
38	Brain_spinal_cord	Di/mesencephalon GABAergic neurons	15589.0	0.056666693151332354	0.2548591955866316
39	Brain_spinal_cord	Di/mesencephalon glutamatergic neurons	30999.0	-0.0005864013707941459	0.16306977644440143
40	Brain_spinal_cord	Diencephalon	78021.0	0.1054517548543998	0.489252893451763
41	Brain_spinal_cord	Dorsal telencephalon	30144.0	-0.1746025502721806	0.2105228237791932
42	Brain_spinal_cord	Ependymal cells	5895.0	-0.2249472718581258	0.12111959287531807
43	Brain_spinal_cord	Floorplate and p3 domain	44992.0	0.3423115149509001	0.6651849217638691
44	Brain_spinal_cord	GABAergic cortical interneurons	603448.0	0.015984661725704646	0.17748173827736607
45	Brain_spinal_cord	GABAergic neurons (after E13.0)	292004.0	-0.0023757197740751817	0.1982027643456939
46	Brain_spinal_cord	Glutamatergic neurons (after E13.0)	570526.0	-0.009946817087078003	0.17753091007245944
47	Brain_spinal_cord	Hindbrain	197367.0	0.10305334542709317	0.4858714982747876
48	Brain_spinal_cord	Hypothalamic Sim1 neurons	19592.0	0.0757080723496786	0.28532053899550835
49	Brain_spinal_cord	Hypothalamus	53378.0	0.3504828058461221	0.7549739593090786
50	Brain_spinal_cord	Hypothalamus (Sim1+)	14611.0	0.22590430972724795	0.6365751830812402
51	Brain_spinal_cord	Intermediate neuronal progenitors	42068.0	-0.23947026711316582	0.06558429209850718
52	Brain_spinal_cord	Midbrain	145124.0	-0.07517710412365007	0.280918387034536
53	Brain_spinal_cord	Midbrain dopaminergic neurons	5495.0	0.04864895054698895	0.2373066424021838
54	Brain_spinal_cord	Midbrain-hindbrain boundary	66071.0	-0.016450506172176665	0.40230963660304825
55	Brain_spinal_cord	Multiciliated ependymal cells	10452.0	-0.026729124486332325	0.38327592805204747
56	Brain_spinal_cord	NMPs and spinal cord progenitors	53734.0	0.22145779240572638	0.6236461086090743
57	Brain_spinal_cord	Neural progenitor cells (Neurod1+)	23270.0	0.008623298542903566	0.4102707348517404
58	Brain_spinal_cord	Neural progenitor cells (Ror1+)	33240.0	-0.06188706156319755	0.27683513838748497
59	Brain_spinal_cord	Neurons (Slc17a8+)	1957.0	0.1093428102856985	0.34951456310679613
60	Brain_spinal_cord	Oligodendrocyte progenitor cells	29522.0	-0.09464206308633216	0.2725425106700088
61	Brain_spinal_cord	Posterior roof plate	11623.0	0.008710391432497314	0.42441710401789556
62	Brain_spinal_cord	Precerebellar neurons	1286.0	0.030549737824993223	0.22628304821150855
63	Brain_spinal_cord	Spinal V0 interneurons	9397.0	0.07438667238534591	0.2919016707459828
64	Brain_spinal_cord	Spinal V1 interneurons	31325.0	0.1639040432265541	0.3656185155626496
65	Brain_spinal_cord	Spinal V2a interneurons	11065.0	0.09536534576291043	0.31116131947582465
66	Brain_spinal_cord	Spinal V2b interneurons	8575.0	0.050996352592223584	0.24606413994169096
67	Brain_spinal_cord	Spinal V3 interneurons	4440.0	0.20547928975473295	0.4806306306306306
68	Brain_spinal_cord	Spinal cord dorsal progenitors (after E13.0)	8358.0	-0.11791970612615398	0.14465183058147882
69	Brain_spinal_cord	Spinal cord motor neurons	31680.0	0.08793872169590859	0.3326073232323232
70	Brain_spinal_cord	Spinal cord ventral progenitors (after E13.0)	2021.0	-0.0023262114326650708	0.34438396833250867
71	Brain_spinal_cord	Spinal cord/r7/r8	395636.0	0.13668909069339094	0.5118897168104015
72	Brain_spinal_cord	Spinal dI1 interneurons	35714.0	0.0036956946854629557	0.16926135409083273
73	Brain_spinal_cord	Spinal dI2 interneurons	21843.0	0.019252645718816505	0.19603534313052237
74	Brain_spinal_cord	Spinal dI3 interneurons	5430.0	0.030232349641488476	0.24493554327808473
75	Brain_spinal_cord	Spinal dI4 interneurons	38632.0	0.016441386876626645	0.1745703044108511
76	Brain_spinal_cord	Spinal dI5 interneurons	39157.0	0.039096206552668496	0.2293842735653906
77	Brain_spinal_cord	Spinal dI6 interneurons	10964.0	0.0479311992156452	0.26213060926669096
78	Brain_spinal_cord	Striatal projection neurons	6235.0	-0.018424671146456045	0.17145148356054532
79	Brain_spinal_cord	Subplate neurons	103397.0	-0.04417862325896473	0.09188854608934495
80	Brain_spinal_cord	Telencephalon	430409.0	-0.10010949389611062	0.2724199540437119
81	Brain_spinal_cord	Thalamic neuronal precursors	81788.0	-0.22215503612829549	0.12743923313933583
82	Brain_spinal_cord	Upper-layer neurons	238829.0	-0.049014933991142054	0.05166039300084998
83	Endothelium	Arterial endothelial cells	26943.0	0.020207429499764736	0.31284563708569946
84	Endothelium	Brain capillary endothelial cells	15179.0	-0.04167092499833078	0.202911917781145
85	Endothelium	Brain pericytes	3617.0	-0.06647698534753353	0.23583079900470003
86	Endothelium	Endocardial cells	14071.0	-0.010369819704918617	0.26344964821263595
87	Endothelium	Endothelium	90215.0	-0.0011204762219409268	0.2831679875852131
88	Endothelium	Glomerular endothelial cells	17038.0	0.02501672384573987	0.2205071017725085
89	Endothelium	Hematoendothelial progenitors	9693.0	0.016676295180404206	0.3801712576085835
90	Endothelium	Liver sinusoidal endothelial cells	30802.0	-0.031724607016574126	0.14911369391597948
91	Endothelium	Lymphatic vessel endothelial cells	25269.0	0.02544619878554578	0.27472397008191857
92	Endothelium	Microvascular endothelial cells	5624.0	-0.025931776510547157	0.16963015647226173
93	Endothelium	Pericytes	14055.0	0.1055929347471341	0.41551049448594807
94	Endothelium	Venous and capillary endothelial cells	59523.0	-0.03598953609690352	0.15446130067368916
95	Epithelial_cells	Amniotic ectoderm	11509.0	-0.1423650429054219	0.2656182118342167
96	Epithelial_cells	Apical ectodermal ridge	6330.0	-0.1930162340288981	0.24123222748815165
97	Epithelial_cells	Basal keratinocytes	19591.0	0.2497290387812904	0.5400438977081313
98	Epithelial_cells	Bladder urothelial cells	1313.0	-0.23904358792135516	0.09063214013709063
99	Epithelial_cells	Branchial arch epithelium	41134.0	-0.0753203284187206	0.28818009432586184
100	Epithelial_cells	Cochlear hair cells	574.0	-0.24697557709219842	0.09059233449477352
101	Epithelial_cells	Conjunctival goblet cells	1244.0	-0.23667551038700924	0.06913183279742766
102	Epithelial_cells	Corneal epithelial cells	1078.0	-0.186413643679725	0.07142857142857142
103	Epithelial_cells	Dental epithelial cells	9903.0	0.24085278249725064	0.5888114712713319
104	Epithelial_cells	Granular keratinocytes	41185.0	-0.19885046248556384	0.1571931528469103
105	Epithelial_cells	Lens epithelial cells	1605.0	-0.1348393030580083	0.22305295950155762
106	Epithelial_cells	Nonsensory cochlear epithelium	51.0	-0.21350412639917113	0.11764705882352941
107	Epithelial_cells	Olfactory bulb cells	5888.0	-0.271035894687436	0.09239130434782608
108	Epithelial_cells	Olfactory epithelial cells	33331.0	-0.22869868672645266	0.17071194983648855
109	Epithelial_cells	Olfactory pit cells	2081.0	-0.0854449206935315	0.36136472849591544
110	Epithelial_cells	Otic epithelial cells	29337.0	-0.16179732335423644	0.26147867880151343
111	Epithelial_cells	Parathyroid epithelial cells	433.0	-0.03170646922968277	0.3418013856812933
112	Epithelial_cells	Pineal gland	540.0	-0.20569282895841717	0.07777777777777778
113	Epithelial_cells	Pituitary gland cells	4964.0	-0.14307368470541482	0.23489121676067687
114	Epithelial_cells	Pituitary/Pineal gland progenitors	2797.0	0.12038361370201234	0.5244905255631033
115	Epithelial_cells	Placodal area	60938.0	0.05725803110854207	0.4498178476484295
116	Epithelial_cells	Pre-epidermal keratinocytes	114402.0	-0.07659483754141218	0.31974965472631595
117	Epithelial_cells	Primordial germ cells	1712.0	-0.22282356887777274	0.19217289719626168
118	Epithelial_cells	Thymic epithelial cells	1937.0	-0.16880058669547496	0.20030975735673723
119	Epithelial_cells	Thyroid gland cells	1578.0	-0.14318349521322293	0.20405576679340937
120	Epithelial_cells	Tooth junctional epithelium	2918.0	-0.2653369450721671	0.04215215901302262
121	Eye	Amacrine cells	10061.0	-0.17367338222351936	0.08438524997515158
122	Eye	Amacrine/Horizontal precursor cells	5154.0	-0.14527016841660587	0.10205665502522313
123	Eye	Bipolar precursor cells	3414.0	-0.19466549690429458	0.1411833626244874
124	Eye	Cholinergic amacrine cells	1426.0	-0.1618202207856448	0.1718092566619916
125	Eye	Ciliary margin cells	725.0	-0.13096618119711165	0.24551724137931036
126	Eye	Cone precursor cells	5744.0	-0.15376634358328975	0.12029944289693593
127	Eye	Eye field	43440.0	-0.044068017516831745	0.3675644567219153
128	Eye	Horizontal cells	910.0	-0.18070038262260701	0.14615384615384616
129	Eye	Iris pigment epithelium	592.0	-0.13066180139511555	0.2483108108108108
130	Eye	Naive retinal progenitor cells	52693.0	0.2065259274225056	0.48471333953276524
131	Eye	Optic stalk	3457.0	0.042055498125835665	0.48221000867804453
132	Eye	PV-containing retinal ganglion cells	1133.0	-0.2746802108825814	0.08384819064430715
133	Eye	Photoreceptor precursor cells	4703.0	-0.131390885178292	0.10525196682968319
134	Eye	Retinal ganglion cells	11197.0	-0.23439235357692267	0.10609984817361794
135	Eye	Retinal pigment cells	3242.0	-0.08294851509063253	0.30475015422578655
136	Eye	Retinal progenitor cells	10201.0	-0.09023356118350388	0.21733163415351436
137	Eye	Rod precursor cells	2743.0	-0.11745359726180454	0.09624498724024791
138	Eye	Suprachiasmatic nucleus	6017.0	0.03922320506571535	0.34036895462855243
139	Gastrulation	Allantois	1820.0	-0.006811033954388411	0.29505494505494506
140	Gastrulation	Anterior Primitive Streak	1158.0	-0.040376619646806215	0.14248704663212436
141	Gastrulation	Blood progenitors 1	745.0	-0.03694437975256298	0.16644295302013423
142	Gastrulation	Blood progenitors 2	2587.0	-0.03362605803766512	0.16003092385001932
143	Gastrulation	Cardiomyocytes	1206.0	-0.003198384857862015	0.32338308457711445
144	Gastrulation	Caudal Mesoderm	1075.0	-0.007487008556642904	0.26325581395348835
145	Gastrulation	Caudal epiblast	2445.0	-0.019221768270434793	0.2098159509202454
146	Gastrulation	Caudal neurectoderm	948.0	-0.003696084380102757	0.23523206751054854
147	Gastrulation	Def. endoderm	1108.0	0.02629619709384805	0.3348375451263538
148	Gastrulation	Endothelium	1084.0	-0.05375907316731975	0.14760147601476015
149	Gastrulation	Epiblast	14619.0	-0.035316204778017085	0.1437170805116629
150	Gastrulation	Erythroid1	2929.0	-0.02595426784787669	0.16353704335950836
151	Gastrulation	Erythroid2	1106.0	-0.02439481538265993	0.1437613019891501
152	Gastrulation	Erythroid3	2697.0	-0.020516889719572468	0.14238042269187987
153	Gastrulation	ExE ectoderm	11758.0	-0.04503990831919241	0.13692804898792313
154	Gastrulation	ExE endoderm	9339.0	-0.06339260721175868	0.08137916265124746
155	Gastrulation	ExE mesoderm	2571.0	0.05829844648698861	0.48035783741734733
156	Gastrulation	Forebrain/Midbrain/Hindbrain	4854.0	0.01297954536621675	0.2939843428100536
157	Gastrulation	Gut	1940.0	0.06319484664458229	0.5025773195876289
158	Gastrulation	Haematoendothelial progenitors	2733.0	-0.02652863815049431	0.2177094767654592
159	Gastrulation	Intermediate mesoderm	3551.0	0.026255052248672816	0.3658124471979724
160	Gastrulation	Mesenchyme	4979.0	0.11702168984825582	0.614581241213095
161	Gastrulation	Mixed mesoderm	1994.0	0.00870243307659614	0.354062186559679
162	Gastrulation	NMP	2041.0	0.02624010580391072	0.3650171484566389
163	Gastrulation	Nascent mesoderm	5028.0	-0.000866915686297572	0.3162291169451074
164	Gastrulation	Neural crest	622.0	-0.03676806575599346	0.1414790996784566
165	Gastrulation	Notochord	464.0	0.12164617957077907	0.5474137931034483
166	Gastrulation	PGC	392.0	-0.021145083186818	0.17857142857142858
167	Gastrulation	Paraxial mesoderm	3811.0	0.06114400008091797	0.4618210443453162
168	Gastrulation	Parietal endoderm	284.0	-0.04212115609484379	0.09154929577464789
169	Gastrulation	Pharyngeal mesoderm	3086.0	0.06735511629985275	0.5003240440699935
170	Gastrulation	Primitive Streak	7265.0	-0.03796821635112011	0.13599449415003442
171	Gastrulation	Rostral neurectoderm	5392.0	-0.012444887518182414	0.22125370919881307
172	Gastrulation	Somitic mesoderm	2079.0	0.03303299436157684	0.4093314093314093
173	Gastrulation	Spinal cord	1796.0	0.07203718129803414	0.4621380846325167
174	Gastrulation	Surface ectoderm	3523.0	-0.016747477814559996	0.24013624751632132
175	Gastrulation	Visceral endoderm	1283.0	-0.0428294952840376	0.1449727201870616
176	Gut	Airway club cells	6264.0	-0.02064933368808516	0.1837484035759898
177	Gut	Airway goblet cells	408.0	-0.07124785853562011	0.17401960784313725
178	Gut	Alveolar Type 1 cells	14321.0	0.01170996827902531	0.24544375392779832
179	Gut	Alveolar Type 2 cells	21443.0	-0.03725069954274878	0.11859348038987082
180	Gut	Biliary epithelial cells	1742.0	-0.018025106697350777	0.27152698048220436
181	Gut	Extraembryonic visceral endoderm	1660.0	-0.054855312104924135	0.2753012048192771
182	Gut	Foregut epithelial cells	6962.0	-0.05246852639088352	0.2278081011203677
183	Gut	Gut	21287.0	0.3790184085264687	0.7200638887583971
184	Gut	Hepatocytes	289569.0	-0.0261198686920464	0.23921068898949818
185	Gut	Intestinal enteroendocrine cells	536.0	-0.0755823789796426	0.15298507462686567
186	Gut	Intestinal goblet cells	1745.0	-0.08478627498147595	0.14441260744985673
187	Gut	Lung cells (Eln+)	5308.0	0.10151414866274969	0.39920874152223057
188	Gut	Lung progenitor cells	28988.0	0.19075651969765628	0.557886021802125
189	Gut	Midgut/Hindgut epithelial cells	47855.0	-0.07818148354568465	0.17047330477484066
190	Gut	Pancreatic acinar cells	3747.0	0.01863228350853901	0.3482786228983187
191	Gut	Pancreatic islets	1323.0	-0.018888889308779508	0.26832955404383974
192	Lateral_plate_mesoderm	Adrenocortical cells	3048.0	-0.2541952444688594	0.15551181102362205
193	Lateral_plate_mesoderm	Airway smooth muscle cells	6938.0	-0.11410702849357698	0.272845200345921
194	Lateral_plate_mesoderm	Allantois	31010.0	-0.0273690205190203	0.4035472428248952
195	Lateral_plate_mesoderm	Amniotic mesoderm	25520.0	-0.22888215644473878	0.20983542319749215
196	Lateral_plate_mesoderm	Atrial cardiomyocytes	1286.0	-0.269444517286532	0.10031104199066875
197	Lateral_plate_mesoderm	Cardiopharyngeal mesoderm	19285.0	0.01884741127323068	0.43712730101114855
198	Lateral_plate_mesoderm	Extraembryonic mesoderm	57543.0	-0.09232745434351644	0.320612411587856
199	Lateral_plate_mesoderm	First heart field	28647.0	-0.22683512914189216	0.19042133556742416
200	Lateral_plate_mesoderm	Foregut mesenchyme	17991.0	0.4228705212515669	0.6856205880718137
201	Lateral_plate_mesoderm	Gastrointestinal smooth muscle cells	12120.0	0.271367382532168	0.5018151815181519
202	Lateral_plate_mesoderm	Gonad progenitor cells	4598.0	-0.2619012076672876	0.16681165724227925
203	Lateral_plate_mesoderm	Granulosa cells	108.0	-0.2638807041998263	0.14814814814814814
204	Lateral_plate_mesoderm	Gut mesenchyme	61542.0	0.6268162412046979	0.8008514510415651
205	Lateral_plate_mesoderm	Hepatic mesenchyme	28242.0	0.09679612830526427	0.48852772466539196
206	Lateral_plate_mesoderm	Leydig cells	294.0	-0.09081533849104191	0.3197278911564626
207	Lateral_plate_mesoderm	Limb mesenchyme progenitors	223422.0	-0.14447568917500492	0.29930803591409977
208	Lateral_plate_mesoderm	Lung mesenchyme	74124.0	0.5482166137352682	0.7083805515082834
209	Lateral_plate_mesoderm	Meninges	6376.0	-0.23809438547358658	0.15150564617314932
210	Lateral_plate_mesoderm	Mesothelial cells	59211.0	0.008131670737400358	0.33429599229872825
211	Lateral_plate_mesoderm	Proepicardium	9654.0	-0.28915652424354316	0.13351978454526622
212	Lateral_plate_mesoderm	Renal stromal cells	22908.0	0.08365963130519787	0.4365287235900122
213	Lateral_plate_mesoderm	Second heart field	3537.0	-0.09970228992458025	0.309301668080294
214	Lateral_plate_mesoderm	Sertoli cells	1719.0	-0.18344282155030453	0.2641070389761489
215	Lateral_plate_mesoderm	Somatic mesoderm	126741.0	-0.2555818440083859	0.1924949306065125
216	Lateral_plate_mesoderm	Splanchnic mesoderm	127703.0	0.11896454408805562	0.46751446716208706
217	Lateral_plate_mesoderm	Vascular smooth muscle cells	24161.0	-0.22702961805095956	0.14755183974173255
218	Lateral_plate_mesoderm	Vascular smooth muscle cells (Pparg+)	11440.0	-0.26325767194877414	0.08216783216783216
219	Lateral_plate_mesoderm	Ventricular cardiomyocytes	3735.0	-0.23501035380161323	0.08969210174029452
220	Mesoderm	Adipocyte cells (Cyp2e1+)	14376.0	-0.2242918514345201	0.08235948803561491
221	Mesoderm	Adipocyte progenitor cells	19823.0	-0.30189028502494863	0.09715986480351108
222	Mesoderm	Brown adipocyte cells	80279.0	-0.24690066560576024	0.05592994431918684
223	Mesoderm	Chondrocytes (Atp1a2+)	118412.0	-0.04088021355280326	0.3481488362665946
224	Mesoderm	Chondrocytes (Otor+)	12063.0	-0.150745144491879	0.1851114979689961
225	Mesoderm	Dermatome	198888.0	0.07555848308752205	0.3700575198101444
226	Mesoderm	Dermomyotome	131048.0	-0.08037612055173868	0.35371772175080884
227	Mesoderm	Early chondrocytes	144311.0	0.16316220700169592	0.5070992509233531
228	Mesoderm	Facial mesenchyme	382752.0	-0.02522288811559528	0.37852447537831285
229	Mesoderm	Fibroblasts	648059.0	-0.08955950567236351	0.24915169760777953
230	Mesoderm	Mesodermal progenitors (Tbx6+)	50325.0	-0.024592302878887216	0.4380725285643318
231	Mesoderm	Muscle progenitor cells	27017.0	-0.059101431616168834	0.3625124921345819
232	Mesoderm	Muscle progenitor cells (Prdm1+)	5017.0	-0.1317215259060433	0.2938010763404425
233	Mesoderm	Myoblasts	185751.0	-0.23028002361871455	0.16284165361155525
234	Mesoderm	Myofibroblasts	43951.0	-0.27662719434297084	0.06966849445973926
235	Mesoderm	Myotubes	43267.0	-0.190594085000452	0.09665564980238982
236	Mesoderm	Pre-osteoblasts (Sp7+)	135893.0	0.19346814607295149	0.48980447852354425
237	Mesoderm	Sclerotome	476671.0	0.08381559960674806	0.45909232992986776
238	Notochord	Ciliated nodal cells	60.0	0.20549235457844206	0.8
239	Notochord	Notochord	3752.0	0.3342545496233406	0.7766524520255863
240	PNS_glia	Melanocyte cells	3293.0	-0.10663361363039771	0.13726085636197996
241	PNS_glia	Myelinating Schwann cells	35271.0	-0.0720904448778461	0.20960562501771993
242	PNS_glia	Myelinating Schwann cells (Tgfb2+)	7151.0	-0.0026569882257387123	0.289050482450007
243	PNS_glia	Neural crest (PNS glia)	70165.0	0.04378571670464958	0.3898524905579705
244	PNS_glia	Olfactory ensheathing cells	3947.0	-0.0322836695683082	0.21763364580694197
245	PNS_glia	Satellite glial cells	6916.0	0.06555189463141706	0.3708791208791209
246	PNS_neurons	Corticofugal neurons	2807.0	-0.06122616711711532	0.10153188457427859
247	PNS_neurons	Dorsal root ganglion neurons	13077.0	-0.0538522522188048	0.2726925135734496
248	PNS_neurons	Enteric neurons	4787.0	0.004819703174163668	0.2822226864424483
249	PNS_neurons	Neural crest (PNS neurons)	51569.0	0.01611797555387542	0.30006399193313815
250	PNS_neurons	Olfactory sensory neurons	40019.0	-0.03972009384424686	0.14423149004222993
251	PNS_neurons	Otic sensory neurons	7844.0	0.04074445814963164	0.297679755226925
252	PNS_neurons	Parasympathetic neurons	8353.0	0.003181048431392298	0.2752304561235484
253	PNS_neurons	Sympathetic neurons	18369.0	0.025321999422481575	0.31640263487397247
254	Renal	Anterior intermediate mesoderm	7846.0	-0.06809012358165736	0.27287789956665814
255	Renal	Ascending loop of Henle	4087.0	-0.10473751463719735	0.13750917543430388
256	Renal	Collecting duct intercalated cells	434.0	-0.0127542939109187	0.29723502304147464
257	Renal	Collecting duct principal cells	1895.0	-0.08887444406973236	0.23905013192612137
258	Renal	Connecting tubule	563.0	-0.1373267294176236	0.1705150976909414
259	Renal	Distal convoluted tubule	1287.0	-0.14699663952730135	0.09324009324009325
260	Renal	Metanephric mesenchyme	29547.0	0.0013708019250943406	0.3433174264730768
261	Renal	Nephron progenitors	20280.0	-0.05019245919228619	0.2725838264299803
262	Renal	Podocytes	4879.0	-0.010884127289233918	0.27177700348432055
263	Renal	Posterior intermediate mesoderm	10600.0	0.04063168707370009	0.41377358490566035
264	Renal	Proximal tubule cells	16160.0	-0.1134329417299467	0.14987623762376237
265	Renal	Renal pericytes and mesangial cells	7956.0	0.2308461242648491	0.45739064856711914
266	Renal	Ureteric bud	5851.0	-0.0490144061200783	0.27704665869082207
267	Renal	Ureteric bud stalk	401.0	0.0324178979145123	0.456359102244389
