system,node_id,node_name,n_cells,median,mean_scanpy,q90,pct_scanpy,variance,std
Blood,B_M8,Definitive early erythroblasts (CD36-),929291.0,-0.0448514080047607,0.0159490046732279,0.3454750474294027,0.1588867211669972,0.0410108856370428,0.2025114456939233
Blood,B_M11,Hematopoietic stem cells (Cd34+),37750.0,-0.095818395614624,-0.021665549749107,0.3134579642613728,0.1881059602649006,0.0413378035918838,0.2033170027122272
Blood,B_M19,Monocytic myeloid-derived suppressor cells,24741.0,-0.081294085184733,-0.0684136497151592,-0.027624880472819,0.0280910229982619,0.0106165934386326,0.1030368547590263
Blood,B_M25,Regulatory T cells,9800.0,-0.0859500376383463,0.0008719443543427,0.4043833317756653,0.1859183673469387,0.0555656378831123,0.2357236472717837
Blood,B_M26,T cells,70028.0,-0.0796690781911214,-0.0222611683199682,0.2223465693791708,0.1101702176272348,0.0427364730688886,0.2067280171357734
Blood,B_M15,Megakaryocyte-erythroid progenitors,13436.0,-0.0950595347086588,0.0170045965121203,0.398443210919698,0.299866031557011,0.0557985721985432,0.2362172140182489
Blood,B_M5,Border-associated macrophages,65191.0,-0.0711910947163899,-0.0428894282681379,-0.0174603160222371,0.0577993894862787,0.0216704989814881,0.1472090315893972
Blood,B_M12,Hematopoietic stem cells (Mpo+),23128.0,-0.0980870374043782,-0.0502673521867971,0.1641172793706257,0.1337340020754064,0.0277914387328579,0.1667076444943602
Blood,B_M3,B cell progenitors,1295.0,-0.0712039311726888,0.0414472683117349,0.444963855425517,0.288030888030888,0.0611078077375572,0.2471999347442415
Blood,B_M27,T-NK progenitors,1901.0,-0.0899107678731282,-0.0262751244503678,0.2814818938573201,0.1588637559179379,0.0372806157119752,0.193081888617175
Blood,B_M18,Monocytes,29268.0,-0.1004133669535319,-0.0747154647080123,-0.0291513586044312,0.0705890392237255,0.0182218089136221,0.1349881806441667
Brain_spinal_cord,BS_M34,Floorplate and p3 domain,44992.0,0.3403608163197835,0.3423115149509001,1.0584323539733886,0.6651849217638691,0.3109800900145099,0.5576558885320857
Brain_spinal_cord,BS_M27,Midbrain-hindbrain boundary,66071.0,-0.1979978942871093,-0.0164505061721766,0.5672704060872396,0.4023096366030482,0.1737146323759948,0.416790873671671
Brain_spinal_cord,BS_M14,Diencephalon,78021.0,-0.0318214035034179,0.1054517548543998,0.777690200805664,0.489252893451763,0.2439180099696658,0.4938805624537838
Brain_spinal_cord,BS_M20,Hindbrain,197367.0,-0.0550983460744221,0.1030533454270931,0.7661683985392251,0.4858714982747876,0.2441674421650868,0.4941330207192055
Brain_spinal_cord,BS_M25,Midbrain,145124.0,-0.2531643931070964,-0.07517710412365,0.5136334733963012,0.280918387034536,0.1708166081344406,0.4132996590059574
Brain_spinal_cord,BS_M54,Telencephalon,430409.0,-0.2848587799072266,-0.1001094938961106,0.5164819984436037,0.2724199540437119,0.1868956151073665,0.4323142550360403
Brain_spinal_cord,BS_M3,Astrocytes,109750.0,0.1979304234186808,0.1973013618097942,0.811021277109782,0.5984510250569476,0.2342513997404879,0.4839952476424617
Brain_spinal_cord,BS_M42,Spinal dI2 interneurons,21843.0,-0.0693880462646484,0.0192526457188165,0.4094812593460082,0.1960353431305223,0.0473005585991585,0.2174869159263575
Brain_spinal_cord,BS_M6,Cerebellum-related cells,9252.0,0.110652515888214,0.2154859401915495,0.9987064266204831,0.543450064850843,0.3124652377532234,0.5589859012114915
Brain_spinal_cord,BS_M51,Spinal V3 interneurons,4440.0,-0.0305607811609903,0.2054792897547329,0.7279933862686158,0.4806306306306306,0.1221105366157734,0.3494431808116642
Brain_spinal_cord,BS_M40,Spinal cord/r7/r8,395636.0,0.0402177397410075,0.1366890906933909,0.7779166746139526,0.5118897168104015,0.2382131561914407,0.4880708516101332
Brain_spinal_cord,BS_M24,Intermediate neuronal progenitors,42068.0,-0.2718953069051106,-0.2394702671131658,-0.1389024607340494,0.0655842920985071,0.0300685569345399,0.173402874643242
Brain_spinal_cord,BS_M48,Spinal V1 interneurons,31325.0,-0.0539919026692708,0.1639040432265541,0.6891533406575521,0.3656185155626496,0.1372717602432524,0.3705020381094447
Brain_spinal_cord,BS_M23,Hypothalamus (Sim1+),14611.0,0.2343886280059814,0.2259043097272479,0.8403410402933756,0.6365751830812402,0.2387000089314739,0.4885693491526806
Brain_spinal_cord,BS_M22,Hypothalamus,53378.0,0.3788475879033406,0.3504828058461221,0.9213724575042728,0.7549739593090786,0.2318122571609972,0.4814688537807998
Brain_spinal_cord,BS_M49,Spinal V2a interneurons,11065.0,-0.0640818405151367,0.0953653457629104,0.5644913495381674,0.3111613194758246,0.0868611419168575,0.2947221435807931
Brain_spinal_cord,BS_M7,Choroid plexus,9441.0,-0.2324051666259765,-0.1264288450659944,0.29756294409434,0.2617307488613494,0.0776908782619834,0.2787308347886602
Brain_spinal_cord,BS_M21,Hypothalamic Sim1 neurons,19592.0,-0.0626638666788736,0.0757080723496786,0.5154287988344831,0.2853205389955083,0.074360013041001,0.2726903244359819
Brain_spinal_cord,BS_M31,NMPs and spinal cord progenitors,53734.0,0.1712047330538431,0.2214577924057263,0.9033720111846936,0.6236461086090743,0.2521915433814776,0.502186761455813
Brain_spinal_cord,BS_M47,Spinal V0 interneurons,9397.0,-0.0626823361714681,0.0743866723853459,0.5082305908203124,0.2919016707459828,0.0688308350870231,0.2623563132212052
Brain_spinal_cord,BS_M2,Anterior roof plate,16098.0,-0.295965830485026,-0.2059160094821103,0.2089224611918133,0.1783451360417443,0.069927041163656,0.264437215920256
Brain_spinal_cord,BS_M12,Di/mesencephalon GABAergic neurons,15589.0,-0.0671457544962565,0.0566666931513323,0.4874029639561973,0.2548591955866316,0.0666561230534441,0.2581784713206044
Brain_spinal_cord,BS_M26,Midbrain dopaminergic neurons,5495.0,-0.0654075876871744,0.0486489505469889,0.4728988367716471,0.2373066424021838,0.0589426934228087,0.2427811636490951
Brain_spinal_cord,BS_M50,Spinal V2b interneurons,8575.0,-0.067084732055664,0.0509963525922235,0.4800317888259888,0.2460641399416909,0.0621245619588345,0.2492479928882769
Brain_spinal_cord,BS_M46,Spinal dI6 interneurons,10964.0,-0.0646219476064046,0.0479311992156452,0.4401972947120667,0.2621306092666909,0.0532402890610501,0.2307385729804407
Brain_spinal_cord,BS_M45,Spinal dI5 interneurons,39157.0,-0.0687705357869466,0.0390962065526684,0.4591226062774659,0.2293842735653906,0.0580346560043358,0.2409038314438685
Brain_spinal_cord,BS_M15,Dorsal telencephalon,30144.0,-0.2793508656819661,-0.1746025502721806,0.2816248394648235,0.2105228237791932,0.0797875907806804,0.2824669729024625
Brain_spinal_cord,BS_M43,Spinal dI3 interneurons,5430.0,-0.0700836054484049,0.0302323496414884,0.407250249862671,0.2449355432780847,0.0483285601381872,0.2198375767201486
Brain_spinal_cord,BS_M33,Oligodendrocyte progenitor cells,29522.0,-0.214361572265625,-0.0946420630863321,0.3721180721918743,0.2725425106700088,0.0898005677995498,0.2996674286597559
Brain_spinal_cord,BS_M1,Anterior floor plate,16274.0,0.0168840463956197,0.0702193789847201,0.6126277605692546,0.507005038712056,0.1581481835172556,0.3976784926511058
Brain_spinal_cord,BS_M44,Spinal dI4 interneurons,38632.0,-0.0665151723225911,0.0164413868766266,0.4038823642730714,0.1745703044108511,0.0462138386583404,0.21497404182445
Brain_spinal_cord,BS_M17,GABAergic cortical interneurons,603448.0,-0.0646445433298746,0.0159846617257046,0.3854744075139363,0.177481738277366,0.0483747453311941,0.2199425955361856
Brain_spinal_cord,BS_M41,Spinal dI1 interneurons,35714.0,-0.0723034604390462,0.0036956946854629,0.3684990003903707,0.1692613540908327,0.0408371995286804,0.2020821603424717
Brain_spinal_cord,BS_M13,Di/mesencephalon glutamatergic neurons,30999.0,-0.0750349426269531,-0.0005864013707941,0.3506564737955729,0.1630697764444014,0.0421455952616108,0.2052939240737796
Brain_spinal_cord,BS_M52,Striatal projection neurons,6235.0,-0.0873293177286783,-0.018424671146456,0.2971319618225099,0.1714514835605453,0.0374768932855282,0.1935894968368073
Brain_spinal_cord,BS_M11,Deep-layer neurons,236402.0,-0.0758488845825195,-0.037414452020403,0.0906852114995319,0.1051598548235632,0.020560627753912,0.1433897756254332
Brain_spinal_cord,BS_M56,Upper-layer neurons,238829.0,-0.0690580050150553,-0.049014933991142,-0.0174989782969156,0.0516603930008499,0.0125262514627005,0.1119207374113507
Endothelium,En_M7,Hematoendothelial progenitors,9693.0,-0.1102619552612304,0.0166762951804042,0.3883931601842244,0.3801712576085835,0.0670014925030002,0.2588464651159066
Endothelium,En_M5,Endothelium,90215.0,-0.1146586100260416,-0.0011204762219409,0.4038801253636679,0.2831679875852131,0.0629627074980204,0.2509237085211767
Endothelium,En_M2,Brain capillary endothelial cells,15179.0,-0.1174606323242187,-0.0416709249983307,0.3008890002568565,0.202911917781145,0.044667759841852,0.2113474860078824
Epithelial_cells,Ep_M21,Placodal area,60938.0,-0.113284413019816,0.057258031108542,0.7498533970514935,0.4498178476484295,0.2511892740559637,0.5011878630373682
Epithelial_cells,Ep_M22,Pre-epidermal keratinocytes,114402.0,-0.2504151439666748,-0.0765948375414121,0.5185572992960613,0.3197496547263159,0.1755604135729942,0.4189993002058526
Epithelial_cells,Ep_M20,Pituitary/Pineal gland progenitors,2797.0,0.0458488210042318,0.1203836137020123,0.7568269405364991,0.5244905255631033,0.2175632706070513,0.4664367809329056
Epithelial_cells,Ep_M5,Branchial arch epithelium,41134.0,-0.2282402229309082,-0.0753203284187206,0.5261766223907471,0.2881800943258618,0.1587945338974161,0.3984903184487876
Epithelial_cells,Ep_M14,Olfactory epithelial cells,33331.0,-0.3193291091918945,-0.2286986867264526,0.1890106232961019,0.1707119498364885,0.0821107547100559,0.2865497421217753
Epithelial_cells,Ep_M10,Granular keratinocytes,41185.0,-0.2765802955627441,-0.1988504624855638,0.1920442711512247,0.1571931528469103,0.0786078978965989,0.2803710004558227
Epithelial_cells,Ep_M24,Thymic epithelial cells,1937.0,-0.2549537467956543,-0.1688005866954749,0.2974233506520593,0.2003097573567372,0.0861213156162461,0.2934643344875934
Epithelial_cells,Ep_M16,Otic epithelial cells,29337.0,-0.2846955871582031,-0.1617973233542364,0.339421065012614,0.2614786788015134,0.1148002455169578,0.3388218492319494
Epithelial_cells,Ep_M15,Olfactory pit cells,2081.0,-0.2509631729125977,-0.0854449206935315,0.4373894309997558,0.3613647284959154,0.1527357419540439,0.3908142038795978
Eye,Ey_M7,Eye field,43440.0,-0.2073509788513183,-0.0440680175168317,0.5726026941935222,0.3675644567219153,0.1877348869292879,0.4332838410664399
Eye,Ey_M10,Naive retinal progenitor cells,52693.0,-0.0772586059570312,0.2065259274225056,0.9802705612182618,0.4847133395327652,0.2995951546403851,0.5473528611785866
Eye,Ey_M16,Retinal progenitor cells,10201.0,-0.2108741251627604,-0.0902335611835038,0.4629572852452596,0.2173316341535143,0.1205367539466022,0.3471840346942847
Eye,Ey_M11,Optic stalk,3457.0,-0.0396377372741699,0.0420554981258356,0.5972997315724691,0.4822100086780445,0.1704126058327495,0.4128106173934356
Eye,Ey_M12,Photoreceptor precursor cells,4703.0,-0.1876114273071289,-0.131390885178292,0.0876645520528159,0.1052519668296831,0.0551588258046643,0.2348591616366377
Eye,Ey_M2,Amacrine/Horizontal precursor cells,5154.0,-0.1928549067179362,-0.1452701684166058,0.0267738444010414,0.1020566550252231,0.0459208548224924,0.214291518316737
Eye,Ey_M5,Ciliary margin cells,725.0,-0.246876475016276,-0.1309661811971116,0.3257132987976074,0.2455172413793103,0.1108064618079353,0.3328760457106148
Eye,Ey_M1,Amacrine cells,10061.0,-0.2121529388427734,-0.1736733822235193,-0.0621114222208658,0.0843852499751515,0.035226062357737,0.187686073957918
Eye,Ey_M14,Retinal ganglion cells,11197.0,-0.2876798502604166,-0.2343923535769226,0.014295164744059,0.1060998481736179,0.0356394674544005,0.188784182214508
Gut,G_M8,Gut,21287.0,0.4118598143259684,0.3790184085264687,0.9059419358571372,0.7200638887583971,0.1833342921546535,0.4281755389494518
Gut,G_M13,Lung progenitor cells,28988.0,0.1774877190589904,0.1907565196976562,0.66360733350118,0.557886021802125,0.1280401079380088,0.3578269245571228
Gut,G_M14,Midgut/Hindgut epithelial cells,47855.0,-0.1428548940022786,-0.0781814835456846,0.2283883768717447,0.1704733047748406,0.0408777364793705,0.202182433656761
Gut,G_M9,Hepatocytes,289569.0,-0.1155482228597005,-0.0261198686920464,0.3489141162236532,0.2392106889894981,0.0547823632348763,0.2340563249196149
Gut,G_M3,Alveolar Type 1 cells,14321.0,-0.1071856689453125,0.0117099682790253,0.4961523183186849,0.2454437539277983,0.0775939410472694,0.2785568901450284
Gut,G_M1,Airway club cells,6264.0,-0.1126701164245605,-0.0206493336880851,0.4217642838160195,0.1837484035759898,0.0655397734472827,0.2560073699081391
Mesoderm,M_M18,Sclerotome,476671.0,-0.1197001187006632,0.083815599606748,0.8654795583089192,0.4590923299298677,0.3073536041408291,0.5543948089050159
Mesoderm,M_M12,Muscle progenitor cells,27017.0,-0.2654126739501953,-0.0591014316161688,0.5872856051127117,0.3625124921345819,0.20630027041252,0.4542028956452392
Mesoderm,M_M10,Fibroblasts,648059.0,-0.2562361399332682,-0.0895595056723635,0.5320163968404142,0.2491516976077795,0.2011650997870865,0.4485143250634104
Mesoderm,M_M2,Adipocyte progenitor cells,19823.0,-0.3597457377115885,-0.3018902850249486,-0.0082663167317708,0.097159864803511,0.0502440581333448,0.2241518639970341
Mesoderm,M_M9,Facial mesenchyme,382752.0,-0.2333683776855468,-0.0252228881155952,0.6294777339299521,0.3785244753783128,0.2197193962981239,0.4687423559890059
Mesoderm,M_M7,Dermomyotome,131048.0,-0.2519734700520833,-0.0803761205517386,0.5046973708470662,0.3537177217508088,0.1760442201200343,0.4195762387457544
Mesoderm,M_M14,Myoblasts,185751.0,-0.3244761149088541,-0.2302800236187145,0.2087820021311442,0.1628416536115552,0.0962755930087568,0.3102830852765856
Mesoderm,M_M11,Mesodermal progenitors (Tbx6+),50325.0,-0.0914763943354288,-0.0245923028788872,0.4963022842407226,0.4380725285643318,0.1454313170343565,0.3813545817665713
Mesoderm,M_M4,Chondrocytes (Atp1a2+),118412.0,-0.231036840279897,-0.0408802135528032,0.5968611602783206,0.3481488362665946,0.2002416528140456,0.4474836899977983
Mesoderm,M_M13,Muscle progenitor cells (Prdm1+),5017.0,-0.2561398339271545,-0.1317215259060433,0.3091335614522302,0.2938010763404425,0.0950168246791946,0.3082479921738253
Notochord,No_M1,Notochord,3752.0,0.3264869292577108,0.3342545496233406,0.954887950261434,0.7766524520255863,0.2442417517601168,0.4942082068927192
PNS_glia,PG_M4,Neural crest (PNS glia),70165.0,-0.1439361445109049,0.0437857167046495,0.570945613861084,0.3898524905579705,0.1482636213090031,0.3850501542773397
PNS_glia,PG_M2,Myelinating Schwann cells,35271.0,-0.1644224421183268,-0.0720904448778461,0.3231577078501383,0.2096056250177199,0.064577523179074,0.2541210797613493
PNS_neurons,PN_M4,Neural crest (PNS neurons),51569.0,-0.1070457458496093,0.0161179755538754,0.4198524449666343,0.3000639919331381,0.0667198021129415,0.2583017656016728
PNS_neurons,PN_M5,Olfactory sensory neurons,40019.0,-0.100336799621582,-0.0397200938442468,0.2570225645701093,0.1442314900422299,0.0380893770521874,0.1951649995572656
Renal,R_M10,Posterior intermediate mesoderm,10600.0,-0.1495649655659993,0.0406316870737,0.5597441584269207,0.4137735849056603,0.1367884607423929,0.3698492405594379
Renal,R_M8,Nephron progenitors,20280.0,-0.1549554061889648,-0.0501924591922861,0.3796464082400006,0.2725838264299803,0.0745411313120239,0.27302221761612
Renal,R_M7,Metanephric mesenchyme,29547.0,-0.1354683685302734,0.0013708019250943,0.4849885959625244,0.3433174264730768,0.0979990854076627,0.3130480560675353
Renal,R_M1,Anterior intermediate mesoderm,7846.0,-0.185697218577067,-0.0680901235816573,0.375129607518514,0.2728778995666581,0.0779006783675062,0.2791069299883222
Renal,R_M13,Ureteric bud,5851.0,-0.1649713897705078,-0.0490144061200783,0.3888626988728841,0.277046658690822,0.0818259986336635,0.2860524403560711
Renal,R_M4,Collecting duct principal cells,1895.0,-0.1634653854370117,-0.0888744440697323,0.2655898927052819,0.2390501319261213,0.0558755056373572,0.2363800026173051
Renal,R_M5,Connecting tubule,563.0,-0.1977092997233072,-0.1373267294176236,0.141780179977417,0.1705150976909414,0.0383345438842811,0.1957920935183061
Gastrulation,Ga_M5,Epiblast,14619.0,-0.057542891539244,-0.0353162047780171,0.0721484308932278,0.1437170805116629,0.0048045867199941,0.0693151261990781
Gastrulation,Ga_M28,Nascent mesoderm,5028.0,-0.0533704885733064,-0.0008669156862975,0.1568455148513784,0.3162291169451074,0.0106672904519958,0.1032825757424544
Gastrulation,Ga_M36,Surface ectoderm,3523.0,-0.0575634126444687,-0.01674747781456,0.129987342360384,0.2401362475163213,0.009422289572052,0.0970684787768515
Gastrulation,Ga_M7,Allantois,1820.0,-0.0594274987951897,-0.0068110339543884,0.1563268369106672,0.295054945054945,0.0121696666515529,0.1103162120975558
Gastrulation,Ga_M35,Spinal cord,1796.0,-0.0383932203445155,0.0720371812980341,0.3297354310927538,0.4621380846325167,0.0320404054725483,0.1789983393010905
Lateral_plate_mesoderm,L_M24,Somatic mesoderm,126741.0,-0.3796393330891927,-0.2555818440083859,0.2151742235819499,0.1924949306065125,0.1165233215355453,0.3413551252516143
Lateral_plate_mesoderm,L_M7,Extraembryonic mesoderm,57543.0,-0.2677691141764323,-0.0923274543435164,0.5466817518870041,0.320612411587856,0.1910652027662667,0.4371100579559646
Lateral_plate_mesoderm,L_M25,Splanchnic mesoderm,127703.0,-0.0863272619247436,0.1189645440880556,1.0488540840148928,0.467514467162087,0.384954605868105,0.6204471015873191
Lateral_plate_mesoderm,L_M26,Vascular smooth muscle cells,24161.0,-0.303087666829427,-0.2270296180509595,0.1787106259663899,0.1475518397417325,0.0925086015769202,0.3041522670915346
Lateral_plate_mesoderm,L_M13,Gut mesenchyme,61542.0,0.5680933570861817,0.6268162412046979,1.5799955285390217,0.8008514510415651,0.4737159353899801,0.6882702488049154
Lateral_plate_mesoderm,L_M8,First heart field,28647.0,-0.3152758733431499,-0.2268351291418921,0.186220103263855,0.1904213355674241,0.0837415520217263,0.289381326318279
Lateral_plate_mesoderm,L_M11,Gonad progenitor cells,4598.0,-0.3613633600870768,-0.2619012076672876,0.1671970338821411,0.1668116572422792,0.0890663390156138,0.2984398415352982
Lateral_plate_mesoderm,L_M22,Second heart field,3537.0,-0.253956249554952,-0.0997022899245802,0.4779954751332601,0.309301668080294,0.1798940196665209,0.424139151301222
Blood,B_M9,Definitive erythroblasts (CD36+),92446.0,-0.0147486591339111,-0.003717530398278,0.0,0.0158362719858079,0.0098087002131005,0.0990388823296211
Blood,B_M23,PMN myeloid-derived suppressor cells,15382.0,-0.0595329984029134,-0.0558068342634694,-0.0189791377385457,0.0087114809517618,0.0057130809610288,0.0755849254880151
Blood,B_M1,Activated T cells,6621.0,-0.0755596669514973,-0.0297947386961199,-0.0254071521759033,0.0690228062226249,0.0397177235441743,0.1992930594480759
Blood,B_M17,Microglia,8382.0,-0.0756041876475016,-0.0430267996422233,-0.0183721868197123,0.0617990932951562,0.0235506693290573,0.1534622733086453
Blood,B_M7,Conventional dendritic cells,4582.0,-0.1021280034383138,-0.0671799229205339,-0.0355232308705647,0.0683107813182016,0.0264814939920354,0.1627313552823653
Blood,B_M4,B cells,43057.0,-0.0557407760620117,-0.0075475305069055,0.0,0.0932020345123905,0.0370569058143876,0.1925017034064572
Blood,B_M13,Kupffer cells,33417.0,-0.0795376014709472,-0.0577729128549355,-0.0197973903020222,0.0509321602777029,0.0153584213647694,0.1239290981358675
Blood,B_M6,Border-associated macrophages (Ms4a8a+),4736.0,-0.0787105719248453,-0.0636300352396997,-0.0307591931025187,0.0329391891891891,0.0120284700007886,0.1096743816977722
Blood,B_M22,Plasmacytoid dendritic cells,1101.0,-0.0713870620727539,0.0131808687382454,0.4169811344146729,0.1553133514986376,0.05534868762474,0.2352630179708236
Blood,B_M10,Granulocytes,3547.0,-0.0867665354410807,-0.0540243284015119,-0.0168947381973266,0.0817592331547786,0.0215051368156175,0.1466462983358856
Blood,B_M2,Adipose tissue macrophages,4190.0,-0.090851551691691,-0.0686311051380852,-0.0217317730585734,0.0568019093078758,0.017333559961248,0.1316569783993543
Blood,B_M14,Mast cells,23828.0,-0.0666443125406901,0.0096981945814159,0.3777055818239848,0.1763891220412959,0.0494245022850062,0.2223162213717349
Blood,B_M21,Osteoclasts,3323.0,-0.0991115442911783,-0.0414614146409152,0.221400226910909,0.1808606680710201,0.0329139709870672,0.1814220796569899
Blood,B_M16,Megakaryocytes,14777.0,-0.0852441533406575,-0.0381247526756955,0.191660709063212,0.1405562698788658,0.0275975763367616,0.1661251827290543
Blood,B_M20,Natural killer cells,2961.0,-0.0986257680257161,-0.0556749092422733,-0.0236829217274983,0.0847686592367443,0.0343696297636838,0.1853904791613738
Brain_spinal_cord,BS_M28,Multiciliated ependymal cells,10452.0,-0.2114300346374512,-0.0267291244863323,0.552139702161153,0.3832759280520474,0.1656685796098619,0.4070240528640315
Brain_spinal_cord,BS_M55,Thalamic neuronal precursors,81788.0,-0.2905835978190104,-0.2221550361282954,0.0842006789843242,0.1274392331393358,0.0450829095109497,0.2123273640182766
Brain_spinal_cord,BS_M5,Cerebellar Purkinje cells,26737.0,-0.2791431427001953,-0.2340936616026,-0.0414543027877807,0.0899128548453454,0.0299322423093094,0.1730093705823746
Brain_spinal_cord,BS_M32,Neurons (Slc17a8+),1957.0,-0.0587011973063151,0.1093428102856985,0.549563772837321,0.3495145631067961,0.0844451951861942,0.2905945546396116
Brain_spinal_cord,BS_M19,Glutamatergic neurons (after E13.0),570526.0,-0.0734684944152831,-0.009946817087078,0.2652231001853943,0.1775309100724594,0.0332255507278166,0.1822787720164271
Brain_spinal_cord,BS_M10,Cranial motor neurons,23754.0,-0.0571768379211425,0.1295304858282224,0.6300498946507772,0.3822935084617327,0.1105884306658647,0.3325483884577773
Brain_spinal_cord,BS_M9,Cortical Interneurons (Prox1+),7555.0,-0.0821612548828125,-0.0418524777101886,0.0,0.0953011250827266,0.024096946241291,0.1552319111564727
Brain_spinal_cord,BS_M18,GABAergic neurons (after E13.0),292004.0,-0.0739524714152018,-0.0023757197740751,0.2962472710609436,0.1982027643456939,0.0359394175010712,0.1895769434848848
Brain_spinal_cord,BS_M30,Neural progenitor cells (Ror1+),33240.0,-0.2057302602132161,-0.0618870615631975,0.4711288283665978,0.2768351383874849,0.1205618923889261,0.3472202361454846
Brain_spinal_cord,BS_M29,Neural progenitor cells (Neurod1+),23270.0,-0.2069063186645507,0.0086232985429035,0.5742551129659017,0.4102707348517404,0.1710481757821186,0.4135797091034793
Brain_spinal_cord,BS_M35,Posterior roof plate,11623.0,-0.1716712061564127,0.0087103914324973,0.5870963999430342,0.4244171040178955,0.1683962205725321,0.4103610855972238
Brain_spinal_cord,BS_M4,Cajal-Retzius cells,81803.0,-0.2762963612874349,-0.2263342218017504,0.0092432621320089,0.1022945368751757,0.0366384260658637,0.1914116664831685
Brain_spinal_cord,BS_M16,Ependymal cells,5895.0,-0.2805684153238932,-0.2249472718581258,0.0520313536326093,0.121119592875318,0.0423209443357608,0.205720549133432
Brain_spinal_cord,BS_M38,Spinal cord motor neurons,31680.0,-0.0660842164357503,0.0879387216959085,0.5220370330810549,0.3326073232323232,0.085374555699121,0.2921892463783036
Brain_spinal_cord,BS_M36,Precerebellar neurons,1286.0,-0.0686691824595133,0.0305497378249932,0.4150420395533244,0.2262830482115085,0.0483840558675752,0.2199637603505979
Brain_spinal_cord,BS_M8,Committed oligodendrocyte precursors,1865.0,-0.1859853363037109,-0.0550866318741901,0.4518877417246503,0.285254691689008,0.1013122790606885,0.3182958985923139
Brain_spinal_cord,BS_M53,Subplate neurons,103397.0,-0.0736210823059082,-0.0441786232589647,0.0,0.0918885460893449,0.0144707679767283,0.1202945051809449
Endothelium,En_M12,Venous and capillary endothelial cells,59523.0,-0.0998982620239257,-0.0359895360969035,0.2785395132700605,0.1544613006736891,0.0451076723893589,0.2123856689830059
Endothelium,En_M1,Arterial endothelial cells,26943.0,-0.1050440724690755,0.0202074294997647,0.4425291287104287,0.3128456370856994,0.0710909719894045,0.2666289031395593
Endothelium,En_M11,Pericytes,14055.0,-0.0810172971089681,0.1055929347471341,0.6387753817240399,0.415510494485948,0.1539567338829764,0.3923732073969582
Endothelium,En_M8,Liver sinusoidal endothelial cells,30802.0,-0.0953514830271403,-0.0317246070165741,0.2857910435994468,0.1491136939159794,0.0453660332228884,0.212993035620624
Endothelium,En_M3,Brain pericytes,3617.0,-0.1408790715535481,-0.0664769853475335,0.2228747208913168,0.2358307990047,0.0407210868754541,0.2017946651313015
Endothelium,En_M4,Endocardial cells,14071.0,-0.1148987706502278,-0.0103698197049186,0.3894161462783813,0.2634496482126359,0.0610115810977382,0.2470052248389459
Endothelium,En_M10,Microvascular endothelial cells,5624.0,-0.0966828918457031,-0.0259317765105471,0.3239091927210489,0.1696301564722617,0.0489371198197585,0.2212173587667986
Endothelium,En_M6,Glomerular endothelial cells,17038.0,-0.0849899323781331,0.0250167238457398,0.4838917357126876,0.2205071017725085,0.0920136685936825,0.3033375489346522
Endothelium,En_M9,Lymphatic vessel endothelial cells,25269.0,-0.0924461428324381,0.0254461987855457,0.4720728092193606,0.2747239700819185,0.0730977817333289,0.2703660143829637
Epithelial_cells,Ep_M3,Basal keratinocytes,19591.0,0.1260762739181519,0.2497290387812904,1.1046849377950032,0.5400438977081313,0.3649666242823847,0.6041246761078252
Epithelial_cells,Ep_M2,Apical ectodermal ridge,6330.0,-0.3187162113189697,-0.1930162340288981,0.3234072624842328,0.2412322274881516,0.1069114800165435,0.3269732099370581
Epithelial_cells,Ep_M19,Pituitary gland cells,4964.0,-0.2489425659179687,-0.1430736847054148,0.3084450831413269,0.2348912167606768,0.0868208062141454,0.2946537055835977
Epithelial_cells,Ep_M9,Dental epithelial cells,9903.0,0.2046013689041138,0.2408527824972506,0.8978410828908298,0.5888114712713319,0.2525359921537004,0.5025295933113794
Epithelial_cells,Ep_M26,Tooth junctional epithelium,2918.0,-0.2824280166625976,-0.2653369450721671,-0.1130912733078002,0.0421521590130226,0.029692587748759,0.1723153729321881
Epithelial_cells,Ep_M13,Olfactory bulb cells,5888.0,-0.3152534198760987,-0.271035894687436,-0.0295081334114073,0.092391304347826,0.0445312522543692,0.2110242930431689
Epithelial_cells,Ep_M7,Conjunctival goblet cells,1244.0,-0.2718366718292236,-0.2366755103870092,-0.0645104799270629,0.0691318327974276,0.047022924490106,0.2168476988351641
Epithelial_cells,Ep_M4,Bladder urothelial cells,1313.0,-0.2810564994812011,-0.2390435879213551,-0.0297877359390258,0.0906321401370906,0.0584585843530812,0.2417821009774736
Epithelial_cells,Ep_M8,Corneal epithelial cells,1078.0,-0.2080157852172851,-0.186413643679725,-0.0490820293426513,0.0714285714285714,0.0332632362612454,0.1823821160674627
Epithelial_cells,Ep_M25,Thyroid gland cells,1578.0,-0.2354604625701904,-0.1431834952132229,0.3177456370989481,0.2040557667934093,0.0912681161563203,0.3021061339270031
Epithelial_cells,Ep_M17,Parathyroid epithelial cells,433.0,-0.1862153053283691,-0.0317064692296827,0.5414828516642253,0.3418013856812933,0.1477865857451685,0.3844302091994964
Epithelial_cells,Ep_M6,Cochlear hair cells,574.0,-0.2960004806518554,-0.2469755770921984,-0.0164473214944202,0.0905923344947735,0.0330747333215945,0.1818646016177818
Epithelial_cells,Ep_M12,Nonsensory cochlear epithelium,51.0,-0.292253189086914,-0.2135041263991711,0.0824735927581787,0.1176470588235294,0.0475586359037076,0.2180794256772235
Epithelial_cells,Ep_M11,Lens epithelial cells,1605.0,-0.2046908569335937,-0.1348393030580083,0.2626442944208782,0.2230529595015576,0.070463551131961,0.2654497148839324
Epithelial_cells,Ep_M18,Pineal gland,540.0,-0.2448260688781738,-0.2056928289584171,-0.0550700683593749,0.0777777777777777,0.0387631207319198,0.1968835207220753
Eye,Ey_M3,Bipolar precursor cells,3414.0,-0.2631165313720703,-0.1946654969042945,0.1827967770894369,0.1411833626244874,0.0637716573719502,0.2525305078044042
Eye,Ey_M18,Suprachiasmatic nucleus,6017.0,-0.1662283325195312,0.0392232050657153,0.6861544195810954,0.3403689546285524,0.1971793979663358,0.4440488688943322
Eye,Ey_M6,Cone precursor cells,5744.0,-0.2154737091064453,-0.1537663435832897,0.1881211833953856,0.1202994428969359,0.0589888259508612,0.2428761535245097
Eye,Ey_M17,Rod precursor cells,2743.0,-0.1725182088216146,-0.1174535972618045,-0.0372032807668047,0.0962449872402479,0.0522689913163901,0.2286241267154237
Eye,Ey_M9,Iris pigment epithelium,592.0,-0.2374063873291015,-0.1306618013951155,0.3048933471043904,0.2483108108108108,0.0937417238813198,0.3061727027044048
Eye,Ey_M15,Retinal pigment cells,3242.0,-0.2356079864501953,-0.0829485150906325,0.4706657660802207,0.3047501542257865,0.1421425004570946,0.3770179046903404
Eye,Ey_M8,Horizontal cells,910.0,-0.2462202707926432,-0.180700382622607,0.134665860970815,0.1461538461538461,0.0462394161085072,0.2150335232202346
Eye,Ey_M4,Cholinergic amacrine cells,1426.0,-0.2347099431355794,-0.1618202207856448,0.1887728706995646,0.1718092566619916,0.0490542744545442,0.2214819957796665
Eye,Ey_M13,PV-containing retinal ganglion cells,1133.0,-0.3241118113199869,-0.2746802108825814,-0.0266392358144121,0.0838481906443071,0.0310481127351914,0.1762047466307064
Gut,G_M4,Alveolar Type 2 cells,21443.0,-0.1031454404195149,-0.0372506995427487,0.3013080085118611,0.1185934803898708,0.051823809621697,0.227648434261466
Gut,G_M7,Foregut epithelial cells,6962.0,-0.1487941551208496,-0.0524685263908835,0.3594621566136678,0.2278081011203677,0.0625815925115927,0.2501631317992177
Gut,G_M11,Intestinal goblet cells,1745.0,-0.1387764231363932,-0.0847862749814759,0.1837966718673706,0.1444126074498567,0.0375042389607728,0.1936601119507392
Gut,G_M5,Biliary epithelial cells,1742.0,-0.1273464075724283,-0.0180251066973507,0.3969021735191347,0.2715269804822043,0.0713944094111204,0.2671973229864408
Gut,G_M12,Lung cells (Eln+),5308.0,-0.1001977666219075,0.1015141486627496,0.6747725350062054,0.3992087415222305,0.1464616849640688,0.3827031290230965
Gut,G_M2,Airway goblet cells,408.0,-0.1437026087443034,-0.0712478585356201,0.2743853178024292,0.1740196078431372,0.0438057542851647,0.2092982424320967
Gut,G_M15,Pancreatic acinar cells,3747.0,-0.1273501841227213,0.018632283508539,0.4777397632598877,0.3482786228983187,0.0908625648633029,0.301434179985122
Gut,G_M16,Pancreatic islets,1323.0,-0.1270985158284505,-0.0188888893087795,0.3931598180135091,0.2683295540438397,0.0623164255065071,0.2496325810195999
Gut,G_M10,Intestinal enteroendocrine cells,536.0,-0.1370371437072753,-0.0755823789796426,0.2082798147201538,0.1529850746268656,0.0436401179658877,0.2089021731957035
Mesoderm,M_M8,Early chondrocytes,144311.0,0.0218922742207844,0.1631622070016959,0.9465966097513836,0.5070992509233531,0.3237483855663425,0.568988915152433
Mesoderm,M_M17,Pre-osteoblasts (Sp7+),135893.0,-0.0247311846415201,0.1934681460729514,1.0018388951619468,0.4898044785235442,0.3507276178771381,0.592222608380614
Mesoderm,M_M3,Brown adipocyte cells,80279.0,-0.2729025268554687,-0.2469006656057602,-0.1206038157145182,0.0559299443191868,0.0276823865925425,0.1663802470022886
Mesoderm,M_M16,Myotubes,43267.0,-0.2266176597277323,-0.190594085000452,-0.015420030593872,0.0966556498023898,0.0551729247223157,0.2348891754047337
Mesoderm,M_M6,Dermatome,198888.0,-0.2329410807291666,0.075558483087522,1.0139418080647788,0.3700575198101444,0.4141872072804275,0.6435737776513487
Mesoderm,M_M1,Adipocyte cells (Cyp2e1+),14376.0,-0.2605290222167968,-0.2242918514345201,-0.077001183827718,0.0823594880356149,0.0404470099886063,0.2011144201408897
Mesoderm,M_M5,Chondrocytes (Otor+),12063.0,-0.2638214365641276,-0.150745144491879,0.3468696715037028,0.1851114979689961,0.1315387161117659,0.3626826658551053
Mesoderm,M_M15,Myofibroblasts,43951.0,-0.3217369842529297,-0.2766271943429708,-0.074644718170166,0.0696684944597392,0.0283991519241729,0.1685204792426515
Notochord,No_M2,Ciliated nodal cells,60.0,0.1954899756113688,0.205492354578442,0.6224050919214886,0.8,0.1090002092873685,0.3301517973408119
PNS_glia,PG_M6,Satellite glial cells,6916.0,-0.1137186813354492,0.065551894631417,0.5763701756795248,0.3708791208791209,0.1101566518039519,0.3318985564957341
PNS_glia,PG_M3,Myelinating Schwann cells (Tgfb2+),7151.0,-0.1510154215494791,-0.0026569882257387,0.5060428841908773,0.289050482450007,0.1176414860994652,0.3429890466173304
PNS_glia,PG_M5,Olfactory ensheathing cells,3947.0,-0.1344508107503255,-0.0322836695683082,0.4137494662602743,0.2176336458069419,0.0712980477007688,0.267016942722309
PNS_glia,PG_M1,Melanocyte cells,3293.0,-0.166944351196289,-0.1066336136303977,0.1962848866780611,0.1372608563619799,0.046757690348061,0.2162352661987888
PNS_neurons,PN_M2,Dorsal root ganglion neurons,13077.0,-0.1227756881713867,-0.0538522522188048,0.1988020099004109,0.2726925135734496,0.0315798616686491,0.1777072358364992
PNS_neurons,PN_M3,Enteric neurons,4787.0,-0.1072707748413085,0.0048197031741636,0.3990885855356854,0.2822226864424483,0.0613843212215879,0.2477585946472654
PNS_neurons,PN_M1,Corticofugal neurons,2807.0,-0.1006321843465169,-0.0612261671171153,0.0370130885442101,0.1015318845742785,0.0257135053595478,0.1603543119456033
PNS_neurons,PN_M6,Otic sensory neurons,7844.0,-0.0966346168518066,0.0407444581496316,0.4802817918459574,0.297679755226925,0.0784096208214403,0.2800171795112585
PNS_neurons,PN_M8,Sympathetic neurons,18369.0,-0.0971268971761067,0.0253219994224815,0.4286307506561281,0.3164026348739724,0.0659504097717118,0.25680811858606
PNS_neurons,PN_M7,Parasympathetic neurons,8353.0,-0.0967255528767903,0.0031810484313922,0.3618357702891032,0.2752304561235484,0.0503771196228385,0.2244484787714957
Renal,R_M11,Proximal tubule cells,16160.0,-0.1742790603637695,-0.1134329417299467,0.188356782913208,0.1498762376237623,0.0455518059209902,0.2134286904823019
Renal,R_M9,Podocytes,4879.0,-0.1301023356119791,-0.0108841272892339,0.4651973012288409,0.2717770034843205,0.0857122164534642,0.2927664879276046
Renal,R_M12,Renal pericytes and mesangial cells,7956.0,-0.0739936733245849,0.2308461242648491,0.9331284999847412,0.4573906485671191,0.2651180326487434,0.5148961377294875
Renal,R_M2,Ascending loop of Henle,4087.0,-0.1614183553059895,-0.1047375146371973,0.1791976044972737,0.1375091754343038,0.0443210582367579,0.2105256712060501
Renal,R_M6,Distal convoluted tubule,1287.0,-0.1837274424235026,-0.1469966395273013,-0.0315046013196305,0.0932400932400932,0.0283485609748656,0.1683703090656592
Renal,R_M14,Ureteric bud stalk,401.0,-0.0834353764851888,0.0324178979145123,0.4609498437245686,0.456359102244389,0.0978349131741356,0.3127857304515915
Renal,R_M3,Collecting duct intercalated cells,434.0,-0.1438268534342447,-0.0127542939109187,0.5339341503779094,0.2972350230414746,0.0964224023292534,0.310519568351583
Gastrulation,Ga_M25,Intermediate mesoderm,3551.0,-0.0503625220192435,0.0262550522486728,0.2234044350739983,0.3658124471979724,0.018257392532771,0.1351199190821657
Gastrulation,Ga_M21,Gut,1940.0,0.0046361296457392,0.0631948466445822,0.2935301484290231,0.5025773195876289,0.0259852488760463,0.1611994071826764
Gastrulation,Ga_M17,Endothelium,1084.0,-0.0761340694872362,-0.0537590731673197,0.0533185142598858,0.1476014760147601,0.0049898181125552,0.0706386446115389
Gastrulation,Ga_M29,Neural crest,622.0,-0.0575196497000282,-0.0367680657559934,0.0676912628885017,0.1414790996784566,0.0045135427911216,0.067182905497765
Gastrulation,Ga_M30,Notochord,464.0,0.1018140741326708,0.121646179570779,0.4241945947163616,0.5474137931034483,0.0429597286516702,0.2072672879440222
Lateral_plate_mesoderm,L_M16,Limb mesenchyme progenitors,223422.0,-0.3152710215250651,-0.1444756891750049,0.4350198240280151,0.2993080359140997,0.166810645678406,0.4084245899531589
Lateral_plate_mesoderm,L_M3,Allantois,31010.0,-0.1938307420412699,-0.0273690205190203,0.6233606685002648,0.4035472428248952,0.2208509635530556,0.46994783067172
Lateral_plate_mesoderm,L_M9,Foregut mesenchyme,17991.0,0.3487632369995117,0.4228705212515669,1.4306409072875976,0.6856205880718137,0.4889281688931928,0.6992339872268745
Lateral_plate_mesoderm,L_M14,Hepatic mesenchyme,28242.0,-0.025540165901184,0.0967961283052642,0.8418558572133383,0.4885277246653919,0.2875911603123228,0.5362752654302851
Lateral_plate_mesoderm,L_M19,Mesothelial cells,59211.0,-0.2300034840901692,0.0081316707374003,0.8510128402709962,0.3342959922987282,0.3239054507013964,0.5691269196773215
Lateral_plate_mesoderm,L_M27,Vascular smooth muscle cells (Pparg+),11440.0,-0.3035312016805013,-0.2632576719487741,-0.0875221382776896,0.0821678321678321,0.0598640968833194,0.244671405937268
Lateral_plate_mesoderm,L_M21,Renal stromal cells,22908.0,-0.142368106842041,0.0836596313051978,0.8165888703664143,0.4365287235900122,0.2784263554870702,0.5276612127938439
Lateral_plate_mesoderm,L_M10,Gastrointestinal smooth muscle cells,12120.0,0.0059983777999877,0.271367382532168,1.3607374114990236,0.5018151815181519,0.4933826966375188,0.7024120561590033
Lateral_plate_mesoderm,L_M17,Lung mesenchyme,74124.0,0.5002470191319783,0.5482166137352682,1.5733578402201334,0.7083805515082834,0.5280264389330566,0.7266542774477122
Lateral_plate_mesoderm,L_M20,Proepicardium,9654.0,-0.3663676198323568,-0.2891565242435431,0.0840979633331302,0.1335197845452662,0.0652747366787488,0.2554892104938069
Lateral_plate_mesoderm,L_M5,Atrial cardiomyocytes,1286.0,-0.314418576558431,-0.269444517286532,0.0010241826375325,0.1003110419906687,0.0452721326071382,0.2127724902498868
Lateral_plate_mesoderm,L_M12,Granulosa cells,108.0,-0.3445020167032877,-0.2638807041998263,0.0423956859906514,0.1481481481481481,0.0597245815897634,0.2443861321551685
Lateral_plate_mesoderm,L_M28,Ventricular cardiomyocytes,3735.0,-0.264311777750651,-0.2350103538016132,-0.0404627361297607,0.0896921017402945,0.046936399766775,0.2166481012304863
Lateral_plate_mesoderm,L_M18,Meninges,6376.0,-0.3125917561848959,-0.2380943854735865,0.1785596942901611,0.1515056461731493,0.079325605366323,0.2816480167981358
Lateral_plate_mesoderm,L_M1,Adrenocortical cells,3048.0,-0.3345814299583435,-0.2541952444688594,0.1533318471908578,0.155511811023622,0.0782054858055331,0.2796524375104446
Lateral_plate_mesoderm,L_M2,Airway smooth muscle cells,6938.0,-0.2270143667856852,-0.1141070284935769,0.4137048295338951,0.272845200345921,0.121772602851169,0.3489593140341278
Lateral_plate_mesoderm,L_M23,Sertoli cells,1719.0,-0.2964316813151041,-0.1834428215503045,0.2974366207122803,0.2641070389761489,0.1090782589218653,0.3302699788383215
Lateral_plate_mesoderm,L_M15,Leydig cells,294.0,-0.2330758889516194,-0.0908153384910419,0.4713069229125974,0.3197278911564626,0.1485199543596736,0.3853828672368215
