system,node_id,node_name,n_cells,median,mean_ucell,q90,pct_ucell,variance,std
Blood,B_M8,Definitive early erythroblasts (CD36-),929291.0,0.0,0.0188329592727741,0.0618888888888888,0.1184257676013218,0.003459775323524,0.0588198548410653
Blood,B_M11,Hematopoietic stem cells (Cd34+),37750.0,0.0,0.0158012774098601,0.034,0.1134569536423841,0.0027579163465405,0.0525158675691499
Blood,B_M19,Monocytic myeloid-derived suppressor cells,24741.0,0.0,0.0033044384265434,0.0,0.0214219312073077,0.000653003509492,0.0255539333467863
Blood,B_M25,Regulatory T cells,9800.0,0.0,0.0239902040816326,0.116688888888889,0.1465306122448979,0.0044051856007314,0.0663715722333846
Blood,B_M26,T cells,70028.0,0.0,0.017122393899583,0.0,0.0949334551893528,0.0034540435011949,0.0587711111107736
Blood,B_M15,Megakaryocyte-erythroid progenitors,13436.0,0.0,0.0264352485858886,0.1267222222222222,0.1839833283715391,0.0044750089015404,0.0668955073345019
Blood,B_M5,Border-associated macrophages,65191.0,0.0,0.007769830191284,0.0,0.0488410976975349,0.0015727115106012,0.0396574269286498
Blood,B_M12,Hematopoietic stem cells (Mpo+),23128.0,0.0,0.0095232810638379,0.0,0.0679263230716015,0.0017161458946865,0.0414263912824482
Blood,B_M3,B cell progenitors,1295.0,0.0,0.0293317889317889,0.1462,0.1861003861003861,0.0051151577437156,0.0715203309815859
Blood,B_M27,T-NK progenitors,1901.0,0.0,0.0138961365363259,0.003,0.1004734350341925,0.0024397510975414,0.0493938366351653
Blood,B_M18,Monocytes,29268.0,0.0,0.0056960540901705,0.0,0.0406245729123957,0.0010604886199337,0.0325651442486241
Brain_spinal_cord,BS_M54,Telencephalon,430409.0,0.0,0.1093734411646474,0.3223005968529571,0.302681867711874,0.0334671402664523,0.1829402642024229
Brain_spinal_cord,BS_M20,Hindbrain,197367.0,0.2676795080484717,0.1944043477067215,0.5523602821486706,0.5204365471431395,0.0454577152440473,0.2132081500413323
Brain_spinal_cord,BS_M25,Midbrain,145124.0,0.0,0.1111955629150967,0.3219388677880267,0.3047669579118547,0.0340947598805358,0.1846476641621436
Brain_spinal_cord,BS_M40,Spinal cord/r7/r8,395636.0,0.2801591607885694,0.2003485609844605,0.5545306565382528,0.5359269631681647,0.045215830352988,0.2126401428540434
Brain_spinal_cord,BS_M14,Diencephalon,78021.0,0.2673177789835413,0.1987020069208009,0.5737022969795623,0.5265761782084311,0.0466816276230748,0.2160593150574045
Brain_spinal_cord,BS_M27,Midbrain-hindbrain boundary,66071.0,0.0,0.1690631785234384,0.3309820944112859,0.4839036793752175,0.0373769717221721,0.193331248695528
Brain_spinal_cord,BS_M22,Hypothalamus,53378.0,0.3148851510218846,0.2885750404600444,0.5979381443298969,0.7748697965453932,0.0375985566409522,0.1939034724829656
Brain_spinal_cord,BS_M44,Spinal dI4 interneurons,38632.0,0.0,0.0685788652515395,0.3876182965299685,0.1727324497825637,0.023075199587104,0.1519052322571674
Brain_spinal_cord,BS_M45,Spinal dI5 interneurons,39157.0,0.0,0.0908732471376854,0.4081230283911672,0.2273922925658247,0.0287575125211499,0.1695804013474136
Brain_spinal_cord,BS_M13,Di/mesencephalon glutamatergic neurons,30999.0,0.0,0.0629731950242009,0.3769716088328075,0.1607471208748669,0.0214042004808575,0.1463017446268413
Brain_spinal_cord,BS_M17,GABAergic cortical interneurons,603448.0,0.0,0.0686051464367104,0.38801261829653,0.1756539088703583,0.0230832494412741,0.1519317262498985
Brain_spinal_cord,BS_M41,Spinal dI1 interneurons,35714.0,0.0,0.0653231093356633,0.3801261829652996,0.1675253402027216,0.0216249625990527,0.1470542845314365
Brain_spinal_cord,BS_M12,Di/mesencephalon GABAergic neurons,15589.0,0.0,0.1038728119176488,0.4203470031545742,0.2528064660978895,0.0328373783635145,0.1812108671231239
Brain_spinal_cord,BS_M11,Deep-layer neurons,236402.0,0.0,0.0369367331357213,0.2235410094637201,0.1029094508506696,0.0124167702699905,0.1114305625490175
Brain_spinal_cord,BS_M21,Hypothalamic Sim1 neurons,19592.0,0.0,0.1155904988580931,0.4215299684542587,0.2837893017558187,0.0353261547380582,0.1879525332046849
Brain_spinal_cord,BS_M48,Spinal V1 interneurons,31325.0,0.0,0.1588917323974511,0.4483438485804416,0.3640542697525937,0.0494754269688759,0.222430723976873
Brain_spinal_cord,BS_M31,NMPs and spinal cord progenitors,53734.0,0.3025863628142521,0.2860191864505046,0.6066196418882257,0.7103323780101984,0.0509524869050377,0.2257265755400495
Brain_spinal_cord,BS_M56,Upper-layer neurons,238829.0,0.0,0.0186351884516241,0.0,0.0503707673691218,0.00678095879709,0.082346577324683
Brain_spinal_cord,BS_M42,Spinal dI2 interneurons,21843.0,0.0,0.0751345889529104,0.3876182965299685,0.1937004990157029,0.0240428619095095,0.1550576083573763
Brain_spinal_cord,BS_M26,Midbrain dopaminergic neurons,5495.0,0.0,0.0951567671212429,0.4128548895899053,0.2362147406733394,0.0298703446120702,0.1728303926167796
Brain_spinal_cord,BS_M46,Spinal dI6 interneurons,10964.0,0.0,0.0998397609267841,0.3998422712933753,0.2604888726742065,0.0290562360616484,0.1704588984525255
Brain_spinal_cord,BS_M50,Spinal V2b interneurons,8575.0,0.0,0.0985949269297624,0.4160094637223974,0.2439650145772594,0.030747606637728,0.1753499547696776
Brain_spinal_cord,BS_M24,Intermediate neuronal progenitors,42068.0,0.0,0.0222655770287976,0.0,0.076946847960445,0.0062108385529683,0.0788088735674372
Brain_spinal_cord,BS_M43,Spinal dI3 interneurons,5430.0,0.0,0.0919675276388332,0.3919558359621451,0.2434622467771639,0.026976716736053,0.1642459032550066
Brain_spinal_cord,BS_M49,Spinal V2a interneurons,11065.0,0.0,0.126678959004791,0.4286277602523659,0.309263443289652,0.0377528422711689,0.194300906511444
Brain_spinal_cord,BS_M47,Spinal V0 interneurons,9397.0,0.0,0.1139799298319585,0.4152208201892744,0.2900925827391721,0.0327167303218624,0.1808776667304794
Brain_spinal_cord,BS_M3,Astrocytes,109750.0,0.2745523602821487,0.2187713901149087,0.506800506420692,0.6340501138952164,0.0371565125437079,0.1927602462742458
Brain_spinal_cord,BS_M51,Spinal V3 interneurons,4440.0,0.0,0.1929354235939409,0.4578470031545741,0.4797297297297297,0.0425531001964398,0.2062840279722106
Brain_spinal_cord,BS_M33,Oligodendrocyte progenitor cells,29522.0,0.0,0.0846382603363418,0.2807017543859649,0.3132917823995664,0.0171257767584788,0.1308654910909625
Brain_spinal_cord,BS_M52,Striatal projection neurons,6235.0,0.0,0.0600005944867049,0.3438485804416403,0.1666399358460304,0.0189147024840694,0.1375307328711273
Brain_spinal_cord,BS_M15,Dorsal telencephalon,30144.0,0.0,0.0750209448616616,0.2977030204376921,0.2468816348195329,0.0184601839416799,0.1358682595078037
Brain_spinal_cord,BS_M2,Anterior roof plate,16098.0,0.0,0.0683586702095352,0.2902875746066197,0.2271710771524413,0.0171861235703433,0.1310958564194281
Brain_spinal_cord,BS_M34,Floorplate and p3 domain,44992.0,0.3047567372038343,0.2578311022098147,0.6008319768493399,0.6822546230440967,0.0452450328957174,0.2127087983505087
Brain_spinal_cord,BS_M6,Cerebellum-related cells,9252.0,0.2566467715680954,0.2216068879281877,0.5706095134744076,0.5837656722870731,0.0509024617685315,0.2256157391861913
Brain_spinal_cord,BS_M23,Hypothalamus (Sim1+),14611.0,0.2986073431000181,0.2415497264385263,0.5756918068366793,0.6625829854219424,0.0409451427936319,0.2023490617562431
Brain_spinal_cord,BS_M1,Anterior floor plate,16274.0,0.2675890757822391,0.1739209636885499,0.3262796165671912,0.5374831018802999,0.0295990169648572,0.1720436484292785
Brain_spinal_cord,BS_M7,Choroid plexus,9441.0,0.0,0.090335119315514,0.2825103997106167,0.3430780637644317,0.0174624798590944,0.1321456766568411
Endothelium,En_M5,Endothelium,90215.0,0.0,0.0285445559065688,0.1409555555555562,0.1915202571634429,0.0049264824625313,0.0701889055515991
Endothelium,En_M2,Brain capillary endothelial cells,15179.0,0.0,0.0187198468644545,0.0690444444444445,0.1305751367020225,0.0032837361644394,0.0573038931002021
Epithelial_cells,Ep_M21,Placodal area,60938.0,0.0,0.1163387468501682,0.3268888888888889,0.4584167514522957,0.0242333806925765,0.1556707444980478
Epithelial_cells,Ep_M22,Pre-epidermal keratinocytes,114402.0,0.0,0.068327674924098,0.273,0.3177129770458558,0.0155268432035102,0.1246067542451459
Epithelial_cells,Ep_M20,Pituitary/Pineal gland progenitors,2797.0,0.0296666666666666,0.1224285544035275,0.3185333333333333,0.5205577404361816,0.0230389318550125,0.1517858091358098
Epithelial_cells,Ep_M5,Branchial arch epithelium,41134.0,0.0,0.0656113704261951,0.2833333333333333,0.287183351971605,0.0148550024462279,0.1218810996267587
Epithelial_cells,Ep_M14,Olfactory epithelial cells,33331.0,0.0,0.0292890835691831,0.1353333333333333,0.1760823257628034,0.0059706450510449,0.0772699492108342
Epithelial_cells,Ep_M10,Granular keratinocytes,41185.0,0.0,0.0282803097136228,0.1303333333333333,0.1569989073691878,0.0061822177049651,0.0786270799722659
Epithelial_cells,Ep_M24,Thymic epithelial cells,1937.0,0.0,0.0362581311306143,0.184888888888889,0.1961796592669075,0.0071018115988751,0.0842722469077163
Epithelial_cells,Ep_M16,Otic epithelial cells,29337.0,0.0,0.0504007605109967,0.2209999999999999,0.2798513822135869,0.0097001667791756,0.0984894247073034
Epithelial_cells,Ep_M15,Olfactory pit cells,2081.0,0.0,0.0616816701372203,0.2382222222222222,0.3527150408457472,0.0122007199018056,0.1104568689661516
Eye,Ey_M7,Eye field,43440.0,0.0,0.0837496419071004,0.2996777777777776,0.3788674033149171,0.01744426089787,0.1320767235279176
Eye,Ey_M10,Naive retinal progenitor cells,52693.0,0.0,0.132846308913054,0.3603111111111114,0.482492930749815,0.0286415032203551,0.1692380076116328
Eye,Ey_M16,Retinal progenitor cells,10201.0,0.0,0.0466714374407737,0.2236666666666666,0.2157631604744632,0.0105289937680871,0.102610885231963
Eye,Ey_M11,Optic stalk,3457.0,0.0,0.1002264648217786,0.2994222222222222,0.4787387908591264,0.0172844388966041,0.1314702966323728
Eye,Ey_M12,Photoreceptor precursor cells,4703.0,0.0,0.0217245729676093,0.0615111111111111,0.1037635551775462,0.004613783920803,0.0679248402339159
Eye,Ey_M2,Amacrine/Horizontal precursor cells,5154.0,0.0,0.018701741904885,0.0199444444444443,0.1016686069072565,0.0037761674905743,0.0614505288063032
Eye,Ey_M5,Ciliary margin cells,725.0,0.0,0.0452493486590038,0.1982222222222222,0.2413793103448276,0.0094454569911258,0.0971877409508308
Eye,Ey_M1,Amacrine cells,10061.0,0.0,0.0142520734629868,0.0,0.0834907066891959,0.0027805399293238,0.0527308252289284
Eye,Ey_M14,Retinal ganglion cells,11197.0,0.0,0.0135238307880086,0.0099777777777776,0.1044922747164419,0.0022808240445035,0.0477579736222497
Gastrulation,Ga_M10,Anterior primitive streak,893.0,0.0,0.0011593878312803,0.0,0.0145576707726763,0.0001357495905676,0.0116511626272934
Gastrulation,Ga_M11,Blood progenitors,2978.0,0.0,0.0004122453548242,0.0,0.0073875083948959,3.890097707805488e-05,0.0062370647806524
Gastrulation,Ga_M5,Epiblast,11315.0,0.0,0.0005461285412677,0.0,0.0088378258948298,5.6891390488127416e-05,0.0075426381650008
Gastrulation,Ga_M26,Lateral plate mesoderm,2580.0,0.0,0.0180307924203273,0.0815666666666667,0.1631782945736434,0.0023549534313269,0.048527862422808
Gastrulation,Ga_M31,Paraxial mesoderm (Tbx6+),6185.0,0.0,0.0069135722626425,0.0,0.0780921584478577,0.0008626574927838,0.0293710315240007
Gastrulation,Ga_M3,Extraembryonic visceral endoderm,8894.0,0.0,0.0002137645853634,0.0,0.0048347200359793,1.9082193190675176e-05,0.004368316974611
Gastrulation,Ga_M18,Extraembryonic mesoderm,3194.0,0.0,0.0240241077019411,0.1123444444444445,0.2100814026299311,0.0032573043062573,0.0570727983040727
Gastrulation,Ga_M4,Embryonic visceral endoderm,1260.0,0.0,0.0010089065255731,0.0,0.0087301587301587,0.000196070180174,0.0140025062104624
Gastrulation,Ga_M15,Definitive ectoderm,6516.0,0.0,0.0031198247049996,0.0,0.0334561080417434,0.0004280646843962,0.0206897241256687
Gastrulation,Ga_M13,Cardiopharyngeal mesoderm,2214.0,0.0,0.0099859480076282,0.0101999999999999,0.1056910569105691,0.0012668771545747,0.0355932178170884
Gastrulation,Ga_M14,CLE and NMPs,4992.0,0.0,0.006091635505698,0.0,0.0586939102564102,0.0009089940649455,0.0301495284365371
Gastrulation,Ga_M28,Nascent mesoderm,5501.0,0.0,0.0032225857924821,0.0,0.0461734230139974,0.0003400304824716,0.0184399154681253
Gastrulation,Ga_M24,Hindbrain,1075.0,0.0,0.0103043927648578,0.0,0.0911627906976744,0.0015086130430807,0.0388408682070928
Gastrulation,Ga_M6,Primitive streak,7573.0,0.0,0.0005834176973751,0.0,0.0079228839297504,6.965135490751202e-05,0.0083457387274891
Gastrulation,Ga_M23,Hematoendothelial progenitors,2598.0,0.0,0.0010999914464117,0.0,0.0161662817551963,0.0001422151864686,0.0119254008934142
Gastrulation,Ga_M36,Surface ectoderm,2795.0,0.0,0.0026115682766845,0.0,0.0314847942754919,0.0003417553695426,0.0184866267756636
Gastrulation,Ga_M16,Definitive endoderm,354.0,0.0,0.0002605147520401,0.0,0.0112994350282485,8.463398552172195e-06,0.0029091920789408
Gastrulation,Ga_M9,Amniotic mesoderm,1152.0,0.0,0.0083873456790123,0.0,0.0868055555555555,0.0010742258881464,0.0327753854004252
Gastrulation,Ga_M7,Allantois,2804.0,0.0,0.0045471152322079,0.0,0.0542082738944365,0.0005838386244891,0.0241627528334251
Gastrulation,Ga_M20,Forebrain,1429.0,0.0,0.0092119586346318,0.0,0.0755773268019594,0.0015672469464921,0.0395884698680333
Gastrulation,Ga_M35,Spinal cord,2150.0,0.0,0.015675142118863,0.0439666666666667,0.1293023255813953,0.0024370790749084,0.0493667810871684
Gut,G_M8,Gut,21287.0,0.1754444444444444,0.1631790816512947,0.3268888888888889,0.6573495560670832,0.0210724788645575,0.145163627898167
Gut,G_M13,Lung progenitor cells,28988.0,0.0,0.1006829952624074,0.2954444444444444,0.4826134952394094,0.0156743602670593,0.1251972853821491
Gut,G_M14,Midgut/Hindgut epithelial cells,47855.0,0.0,0.0158948908160066,0.0159555555555553,0.1046494619162052,0.0029861300961631,0.054645494747171
Gut,G_M9,Hepatocytes,289569.0,0.0,0.0275054040084861,0.1383333333333333,0.1748426109148424,0.0048798231867276,0.0698557312375126
Gut,G_M3,Alveolar Type 1 cells,14321.0,0.0,0.0414359875551831,0.2126666666666666,0.2166049856853571,0.0077575963247792,0.0880772179668454
Gut,G_M1,Airway club cells,6264.0,0.0,0.0303532531573719,0.1667555555555554,0.1623563218390804,0.0059353729539749,0.0770413717036171
Lateral_plate_mesoderm,L_M24,Somatic mesoderm,126741.0,0.0,0.0426248394582477,0.1901111111111111,0.2372555053218769,0.0095822527767002,0.0978889818963309
Lateral_plate_mesoderm,L_M25,Splanchnic mesoderm,127703.0,0.0,0.1507177417740991,0.4431111111111111,0.4988371455643172,0.03831283687003,0.1957366518310508
Lateral_plate_mesoderm,L_M26,Vascular smooth muscle cells,24161.0,0.0,0.0327537031671794,0.1577777777777778,0.1679152352965523,0.0077717916465971,0.0881577656624593
Lateral_plate_mesoderm,L_M7,Extraembryonic mesoderm,57543.0,0.0,0.0873044235518559,0.3144444444444444,0.3677945188815321,0.0186431688489618,0.1365399899258887
Lateral_plate_mesoderm,L_M13,Gut mesenchyme,61542.0,0.3114444444444444,0.3036564676697756,0.6128888888888888,0.819960352279744,0.0456408817561297,0.2136372667774274
Lateral_plate_mesoderm,L_M8,First heart field,28647.0,0.0,0.0400722239676056,0.1871555555555557,0.2393618878067511,0.0076418702531702,0.0874177913995211
Lateral_plate_mesoderm,L_M11,Gonad progenitor cells,4598.0,0.0,0.0340977961432506,0.1593666666666669,0.1989995650282731,0.0072704864712388,0.0852671476668406
Lateral_plate_mesoderm,L_M22,Second heart field,3537.0,0.0,0.081937392014576,0.2884888888888888,0.3604749787955895,0.0204394573766848,0.1429666302907248
Mesoderm,M_M18,Sclerotome,476671.0,0.2627351511308391,0.2131999827889339,0.5988163179031918,0.5227546882440929,0.0571365608129446,0.2390325517852005
Mesoderm,M_M12,Muscle progenitor cells,27017.0,0.0,0.1754757432255305,0.5554850982878884,0.4509753118406929,0.0501674073007274,0.2239808190464697
Mesoderm,M_M10,Fibroblasts,648059.0,0.0,0.1049509151472706,0.3121961530331854,0.2902806688897152,0.0344932039624236,0.1857234609908603
Mesoderm,M_M2,Adipocyte progenitor cells,19823.0,0.0,0.0552055848561182,0.2682308180088776,0.2040054482167179,0.012513033236344,0.1118616700945592
Mesoderm,M_M9,Facial mesenchyme,382752.0,0.0,0.1666921636886145,0.3333333333333333,0.4500773346710141,0.0427483215718753,0.2067566723757066
Mesoderm,M_M7,Dermomyotome,131048.0,0.0,0.167724643445085,0.3902346227013525,0.4588013552286185,0.0424073978894966,0.2059305656999382
Mesoderm,M_M14,Myoblasts,185751.0,0.0,0.0770520506242563,0.2974001268230818,0.2310943144316854,0.0234619456179547,0.1531729271704197
Mesoderm,M_M11,Mesodermal progenitors (Tbx6+),50325.0,0.2819699852039737,0.2036535673900664,0.33143098710632,0.5902036761053154,0.0355080978233378,0.1884359249807154
Mesoderm,M_M4,Chondrocytes (Atp1a2+),118412.0,0.0,0.1439179968227897,0.3303741280913126,0.4169509846974968,0.0366965096582614,0.1915633306722907
Mesoderm,M_M13,Muscle progenitor cells (Prdm1+),5017.0,0.0,0.1176740574332199,0.2916930881420418,0.4090093681482958,0.0235815794541287,0.1535629494836847
Notochord,No_M1,Notochord,3752.0,0.3183333333333333,0.2832694859038143,0.4762666666666668,0.8702025586353944,0.0239114792996911,0.1546333705889226
PNS_glia,PG_M4,Neural crest (PNS glia),70165.0,0.0,0.0587415092995083,0.2393333333333333,0.3072614551414523,0.0124671411530882,0.1116563529454916
PNS_glia,PG_M2,Myelinating Schwann cells,35271.0,0.0,0.0264183669933436,0.1264444444444444,0.1609254061410223,0.0051226839475292,0.0715729274763104
PNS_neurons,PN_M4,Neural crest (PNS neurons),51569.0,0.0,0.0325816694353412,0.1561111111111111,0.213131920339739,0.0057865203139419,0.0760691811047148
PNS_neurons,PN_M5,Olfactory sensory neurons,40019.0,0.0,0.0168344453051467,0.0355777777777782,0.1110972288163122,0.0030788303888996,0.0554872092369007
Renal,R_M10,Posterior intermediate mesoderm,10600.0,0.0,0.0642664255765199,0.254,0.3386792452830188,0.0124217910906456,0.1114530891929227
Renal,R_M8,Nephron progenitors,20280.0,0.0,0.0366297830374753,0.182677777777778,0.2161242603550295,0.0067386234834519,0.0820891191538312
Renal,R_M7,Metanephric mesenchyme,29547.0,0.0,0.053189821865728,0.2306666666666667,0.2923139405015738,0.009322051400723,0.0965507711037203
Renal,R_M1,Anterior intermediate mesoderm,7846.0,0.0,0.0340170787662503,0.1664444444444444,0.2074942645934234,0.0063743102906263,0.0798392778688929
Renal,R_M13,Ureteric bud,5851.0,0.0,0.0371302341480088,0.1767777777777778,0.2240642625192274,0.0067392507833447,0.0820929399116921
Renal,R_M4,Collecting duct principal cells,1895.0,0.0,0.0303777777777777,0.1526666666666668,0.1894459102902374,0.0053806734509236,0.0733530739023498
Renal,R_M5,Connecting tubule,563.0,0.0,0.0158192224195776,0.0338,0.1207815275310834,0.0027435961879888,0.0523793488694619
Blood,B_M9,Definitive erythroblasts (CD36+),92446.0,0.0,0.0039714439901251,0.0,0.0157605521060943,0.0010312823537838,0.0321135851904423
Blood,B_M23,PMN myeloid-derived suppressor cells,15382.0,0.0,0.0018243834785246,0.0,0.0086464698998829,0.000418519796109,0.0204577563801361
Blood,B_M1,Activated T cells,6621.0,0.0,0.0147628421352934,0.0,0.0673614257665005,0.0033148966886082,0.0575751395014219
Blood,B_M17,Microglia,8382.0,0.0,0.0088159018001537,0.0,0.0547602004294917,0.0017259274419915,0.0415442829038063
Blood,B_M7,Conventional dendritic cells,4582.0,0.0,0.0095962704301857,0.0,0.0571802706241815,0.0019485258751459,0.044142109998797
Blood,B_M4,B cells,43057.0,0.0,0.014974537628415,0.0,0.0829365724504726,0.0030366934368175,0.0551062014370206
Blood,B_M13,Kupffer cells,33417.0,0.0,0.0050524317296918,0.0,0.0351018942454439,0.0009416371102763,0.0306861061439261
Blood,B_M6,Border-associated macrophages (Ms4a8a+),4736.0,0.0,0.0039840934684684,0.0,0.026393581081081,0.0007576308627331,0.027525095144851
Blood,B_M22,Plasmacytoid dendritic cells,1101.0,0.0,0.0237710162478554,0.1096666666666666,0.1353315168029064,0.0046431068790437,0.0681403469248851
Blood,B_M10,Granulocytes,3547.0,0.0,0.0074462299909156,0.0,0.0532844657457005,0.0013455086380899,0.0366811755276449
Blood,B_M2,Adipose tissue macrophages,4190.0,0.0,0.0058215857862635,0.0,0.0369928400954653,0.0011030829853099,0.033212693135455
Blood,B_M14,Mast cells,23828.0,0.0,0.023093093093093,0.1069999999999999,0.1395417156286721,0.0043420802706989,0.0658944631262665
Blood,B_M21,Osteoclasts,3323.0,0.0,0.0126250041796234,0.0,0.0902798675895275,0.0022656184166791,0.0475985127570084
Blood,B_M16,Megakaryocytes,14777.0,0.0,0.0108026813441308,0.0,0.0793801177505583,0.0018940326034832,0.0435204848718761
Blood,B_M20,Natural killer cells,2961.0,0.0,0.0126941723892078,0.0,0.0732860520094562,0.002553474797901,0.0505319186049866
Brain_spinal_cord,BS_M35,Posterior roof plate,11623.0,0.0,0.1877154593675138,0.5532646048109966,0.4951389486363245,0.047717405826588,0.2184431409465355
Brain_spinal_cord,BS_M18,GABAergic neurons (after E13.0),292004.0,0.0,0.0665618987890793,0.3402996845425867,0.1962541609019054,0.0197554239789605,0.1405539895519174
Brain_spinal_cord,BS_M19,Glutamatergic neurons (after E13.0),570526.0,0.0,0.0596380055049316,0.3272870662460567,0.1757833998801106,0.0180647625616808,0.1344052177621122
Brain_spinal_cord,BS_M53,Subplate neurons,103397.0,0.0,0.0298443689629836,0.0,0.0905538845421047,0.0093228159353381,0.0965547302587403
Brain_spinal_cord,BS_M29,Neural progenitor cells (Neurod1+),23270.0,0.0,0.1503472140449742,0.3239283776451438,0.4369144821658788,0.0349463641262894,0.1869394664758873
Brain_spinal_cord,BS_M28,Multiciliated ependymal cells,10452.0,0.0,0.1327805232778467,0.3172183034906854,0.4428817451205511,0.0260973117280394,0.1615466240069392
Brain_spinal_cord,BS_M8,Committed oligodendrocyte precursors,1865.0,0.0,0.0964004078907364,0.2915536263338759,0.3152815013404825,0.0234708811585121,0.1532020925395998
Brain_spinal_cord,BS_M38,Spinal cord motor neurons,31680.0,0.0,0.1290572822069273,0.419558359621451,0.330239898989899,0.037072849820357,0.1925431115889556
Brain_spinal_cord,BS_M5,Cerebellar Purkinje cells,26737.0,0.0,0.031021598872637,0.2123349611141255,0.1260799640947002,0.0069239282954644,0.0832101453878335
Brain_spinal_cord,BS_M30,Neural progenitor cells (Ror1+),33240.0,0.0,0.0922267155414433,0.297522155905227,0.3057761732851985,0.0221490556764373,0.1488255881105037
Brain_spinal_cord,BS_M4,Cajal-Retzius cells,81803.0,0.0,0.0355346151882381,0.2273105444022432,0.1419263352199797,0.008067572240341,0.0898196651092677
Brain_spinal_cord,BS_M55,Thalamic neuronal precursors,81788.0,0.0,0.0449708244819441,0.2360824742268046,0.1883650413263559,0.0093420852227317,0.0966544630254169
Brain_spinal_cord,BS_M9,Cortical Interneurons (Prox1+),7555.0,0.0,0.03421632528649,0.0,0.0943745863666446,0.0117589416229698,0.1084386537308989
Brain_spinal_cord,BS_M10,Cranial motor neurons,23754.0,0.0,0.1513655578246957,0.4424290220820189,0.3805674833712217,0.0426995447477804,0.2066386816348294
Brain_spinal_cord,BS_M32,Neurons (Slc17a8+),1957.0,0.0,0.1419024403218084,0.4319400630914826,0.3490035769034236,0.0385981529675073,0.1964641264137229
Brain_spinal_cord,BS_M16,Ependymal cells,5895.0,0.0,0.0478373648942709,0.2267317778983542,0.2161153519932145,0.009125786593786,0.0955289830040391
Brain_spinal_cord,BS_M36,Precerebellar neurons,1286.0,0.0,0.0874845460209683,0.3931388012618296,0.2255054432348367,0.0266838220543128,0.163351835172773
Endothelium,En_M12,Venous and capillary endothelial cells,59523.0,0.0,0.0190406602863132,0.0595333333333336,0.1164423836164171,0.0035983151699151,0.0599859581061693
Endothelium,En_M11,Pericytes,14055.0,0.0,0.0609145183604095,0.2495555555555555,0.2839558875844895,0.0148868160711535,0.122011540729365
Endothelium,En_M8,Liver sinusoidal endothelial cells,30802.0,0.0,0.018327244262638,0.0472111111111113,0.1136614505551587,0.0035644572544721,0.0597030757538679
Endothelium,En_M3,Brain pericytes,3617.0,0.0,0.0159403434399287,0.0290444444444444,0.1150124412496544,0.002878944257766,0.053655794260881
Endothelium,En_M4,Endocardial cells,14071.0,0.0,0.0284576868105401,0.1388888888888888,0.1832137019401606,0.0051241905930075,0.0715834519495078
Endothelium,En_M10,Microvascular endothelial cells,5624.0,0.0,0.0209879089615931,0.0809333333333331,0.1274893314366998,0.0039849634007648,0.0631265665212737
Endothelium,En_M6,Glomerular endothelial cells,17038.0,0.0,0.0355606357031993,0.1779555555555557,0.1689752318347223,0.0089062392478991,0.0943728734748449
Endothelium,En_M9,Lymphatic vessel endothelial cells,25269.0,0.0,0.0386245817228839,0.1945555555555556,0.2194388381020222,0.0069543606561586,0.083392809379218
Epithelial_cells,Ep_M3,Basal keratinocytes,19591.0,0.0991111111111111,0.1667341296173413,0.4439999999999999,0.5406053800214384,0.0353217734021224,0.1879408774112816
Epithelial_cells,Ep_M2,Apical ectodermal ridge,6330.0,0.0,0.0486001404247849,0.2301222222222223,0.2581358609794629,0.0094687641267024,0.0973075748680563
Epithelial_cells,Ep_M19,Pituitary gland cells,4964.0,0.0,0.0420872504252842,0.202011111111111,0.2375100725221595,0.0081059070332325,0.0900328108704404
Epithelial_cells,Ep_M9,Dental epithelial cells,9903.0,0.1428888888888888,0.1576061687255265,0.3301111111111111,0.5870948197515904,0.0258799175377415,0.1608723641205707
Epithelial_cells,Ep_M26,Tooth junctional epithelium,2918.0,0.0,0.0069894524407889,0.0,0.0448937628512679,0.0013783792442977,0.0371265301946963
Epithelial_cells,Ep_M13,Olfactory bulb cells,5888.0,0.0,0.0143109148550724,0.0,0.0957880434782608,0.0026895898103618,0.051861255387445
Epithelial_cells,Ep_M7,Conjunctival goblet cells,1244.0,0.0,0.0138035012504465,0.0,0.0787781350482315,0.0029868013996877,0.0546516367521385
Epithelial_cells,Ep_M4,Bladder urothelial cells,1313.0,0.0,0.0172443936701362,0.0026222222222221,0.102056359482102,0.0041498083758631,0.0644190063247105
Epithelial_cells,Ep_M8,Corneal epithelial cells,1078.0,0.0,0.011776540919398,0.0,0.072356215213358,0.0025417698896846,0.0504159685980999
Epithelial_cells,Ep_M25,Thyroid gland cells,1578.0,0.0,0.038178143923391,0.2006555555555555,0.1989860583016476,0.0077977624154541,0.0883049399266773
Epithelial_cells,Ep_M17,Parathyroid epithelial cells,433.0,0.0,0.0772016936104696,0.2894222222222222,0.348729792147806,0.014892002892644,0.1220327943326874
Epithelial_cells,Ep_M6,Cochlear hair cells,574.0,0.0,0.0121587301587301,0.0,0.0905923344947735,0.0020306817178684,0.0450630859780863
Epithelial_cells,Ep_M12,Nonsensory cochlear epithelium,51.0,0.0,0.0216993464052287,0.13,0.1176470588235294,0.0038339863180827,0.0619191918397091
Epithelial_cells,Ep_M11,Lens epithelial cells,1605.0,0.0,0.0369815853236413,0.1872444444444446,0.2180685358255451,0.0066989684270439,0.0818472261414148
Epithelial_cells,Ep_M18,Pineal gland,540.0,0.0,0.0127701646090534,0.0,0.0759259259259259,0.0025546368552833,0.0505434155482521
Eye,Ey_M3,Bipolar precursor cells,3414.0,0.0,0.0247726680986786,0.1178555555555556,0.1417691857059168,0.0048351597117051,0.0695353126958173
Eye,Ey_M18,Suprachiasmatic nucleus,6017.0,0.0,0.0847104315550385,0.2953333333333333,0.3383746052850258,0.0184141375231787,0.1356987012582607
Eye,Ey_M6,Cone precursor cells,5744.0,0.0,0.0233325595790776,0.1127888888888886,0.1189066852367688,0.0049090913935407,0.0700649084316871
Eye,Ey_M17,Rod precursor cells,2743.0,0.0,0.0202575444565965,0.0,0.0951512942034269,0.0044152015415939,0.0664469829382335
Eye,Ey_M9,Iris pigment epithelium,592.0,0.0,0.0430335960960961,0.1974111111111111,0.2601351351351351,0.0079839321275237,0.0893528518152817
Eye,Ey_M15,Retinal pigment cells,3242.0,0.0,0.063407190348893,0.2480555555555555,0.3130783466995682,0.0135438551146124,0.1163780697322841
Eye,Ey_M8,Horizontal cells,910.0,0.0,0.0214731379731379,0.0894,0.145054945054945,0.0038000749203871,0.0616447477112778
Eye,Ey_M4,Cholinergic amacrine cells,1426.0,0.0,0.0264220040517375,0.1338888888888889,0.170406732117812,0.0046181846379424,0.0679572265321533
Eye,Ey_M13,PV-containing retinal ganglion cells,1133.0,0.0,0.0137190350102971,0.0251777777777778,0.1147396293027361,0.002164595737008,0.0465252161414431
Gastrulation,Ga_M33,Primitive erythroid cells,6732.0,0.0,0.0004304977883409,0.0,0.0092097445038621,3.115952711093565e-05,0.0055820719370978
Gastrulation,Ga_M25,Intermediate mesoderm,1064.0,0.0,0.0089153091060985,0.0025444444444444,0.1015037593984962,0.0010831281005442,0.0329109115726728
Gastrulation,Ga_M21,Gut,1896.0,0.0,0.0180522737927801,0.076,0.1476793248945147,0.0026614150060001,0.0515889039038448
Gastrulation,Ga_M32,Paraxial mesoderm (Tbx6-),3107.0,0.0,0.0165324893609412,0.0620444444444445,0.1441905374959768,0.0024506276704615,0.0495038147061572
Gastrulation,Ga_M27,Midbrain,1228.0,0.0,0.0038412956930872,0.0,0.0456026058631921,0.0005452337297011,0.0233502404634551
Gastrulation,Ga_M8,Amniotic ectoderm,524.0,0.0,0.0015600084817642,0.0,0.0305343511450381,0.0001166484469559,0.0108003910556978
Gastrulation,Ga_M22,Gut mesenchyme,1065.0,0.0228888888888888,0.0743738132498696,0.2158444444444444,0.536150234741784,0.007867894605079,0.0887011533469494
Gastrulation,Ga_M17,Endothelium,982.0,0.0,0.000744512333107,0.0,0.0091649694501018,9.901385559750572e-05,0.0099505706166785
Gastrulation,Ga_M12,Cardiogenic mesoderm,877.0,0.0,0.0031095907766375,0.0,0.0319270239452679,0.0004717513083573,0.0217198367479441
Gastrulation,Ga_M34,Primordial germ cells,380.0,0.0,0.002028947368421,0.0,0.0236842105263157,0.0002720440798688,0.0164937588156514
Gastrulation,Ga_M29,Neural crest,721.0,0.0,0.0002769301895515,0.0,0.0083217753120665,1.2388309465781613e-05,0.0035197030365901
Gastrulation,Ga_M30,Notochord,952.0,0.0,0.0314645191409897,0.1584333333333333,0.2331932773109243,0.0043524829344597,0.0659733501836897
Gastrulation,Ga_M19,Floor plate,258.0,0.0766666666666666,0.0965757967269595,0.255,0.5930232558139535,0.0099001917873845,0.0994997074738642
Gut,G_M4,Alveolar Type 2 cells,21443.0,0.0,0.0222638260608227,0.0858666666666665,0.1129972485193303,0.0046082024276025,0.0678837419976425
Gut,G_M7,Foregut epithelial cells,6962.0,0.0,0.0292375594497111,0.1487666666666667,0.1739442688882505,0.0055058292468059,0.0742012752370597
Gut,G_M11,Intestinal goblet cells,1745.0,0.0,0.0139682903533906,0.0,0.0893982808022922,0.0025835272530677,0.0508284099010356
Gut,G_M5,Biliary epithelial cells,1742.0,0.0,0.0346118127312157,0.1769333333333334,0.2032146957520091,0.0063679538326244,0.0797994601023365
Gut,G_M12,Lung cells (Eln+),5308.0,0.0,0.0697115465126015,0.2645888888888889,0.3285606631499623,0.0144358632786384,0.1201493374040756
Gut,G_M2,Airway goblet cells,408.0,0.0,0.0203981481481481,0.0896,0.142156862745098,0.0035048866796089,0.0592020834059824
Gut,G_M15,Pancreatic acinar cells,3747.0,0.0,0.0433914242505115,0.1988,0.2570056044835869,0.0079716915122601,0.0892843296007765
Gut,G_M16,Pancreatic islets,1323.0,0.0,0.0317077349458301,0.1523111111111111,0.1950113378684807,0.0056576216755243,0.0752171634371059
Gut,G_M10,Intestinal enteroendocrine cells,536.0,0.0,0.016891583747927,0.0176666666666667,0.1100746268656716,0.0037148449217653,0.0609495276582624
Lateral_plate_mesoderm,L_M16,Limb mesenchyme progenitors,223422.0,0.0,0.0712391219804276,0.2765555555555555,0.3366051686942199,0.0154186499497025,0.1241718565122649
Lateral_plate_mesoderm,L_M9,Foregut mesenchyme,17991.0,0.2474444444444444,0.2484030286748312,0.5895555555555556,0.7149130120615863,0.0500981849342862,0.2238262382614831
Lateral_plate_mesoderm,L_M14,Hepatic mesenchyme,28242.0,0.0498888888888888,0.1403500066882263,0.3426555555555557,0.5270519085050633,0.0287652454950338,0.1696032001320547
Lateral_plate_mesoderm,L_M19,Mesothelial cells,59211.0,0.0,0.1041335337465448,0.3296666666666666,0.3522994038269916,0.0309942939413489,0.176051963753174
Lateral_plate_mesoderm,L_M27,Vascular smooth muscle cells (Pparg+),11440.0,0.0,0.0175213189588189,0.0,0.0916083916083916,0.004054879362074,0.0636779346561585
Lateral_plate_mesoderm,L_M21,Renal stromal cells,22908.0,0.0,0.1225092544089401,0.3241111111111111,0.4587916884931028,0.0269014698046815,0.1640166753860152
Lateral_plate_mesoderm,L_M10,Gastrointestinal smooth muscle cells,12120.0,0.0407222222222222,0.1754336266960029,0.5525666666666668,0.5137788778877888,0.0487103379624439,0.2207041865539571
Lateral_plate_mesoderm,L_M17,Lung mesenchyme,74124.0,0.2786666666666666,0.2755751623405824,0.6211111111111112,0.7244212400841833,0.0543060730937038,0.2330366346600975
Lateral_plate_mesoderm,L_M20,Proepicardium,9654.0,0.0,0.025752480261492,0.1156666666666667,0.1687383467992542,0.004920254573918,0.0701445263289873
Lateral_plate_mesoderm,L_M5,Atrial cardiomyocytes,1286.0,0.0,0.0183703991705546,0.0583333333333333,0.1244167962674961,0.0032619150107008,0.0571131772071979
Lateral_plate_mesoderm,L_M12,Granulosa cells,108.0,0.0,0.0308148148148148,0.1196666666666666,0.2129629629629629,0.005134963655244,0.0716586607134406
Lateral_plate_mesoderm,L_M28,Ventricular cardiomyocytes,3735.0,0.0,0.0173494868362338,0.0234666666666665,0.1052208835341365,0.0034856776305085,0.0590396276284708
Lateral_plate_mesoderm,L_M18,Meninges,6376.0,0.0,0.0316048724383103,0.1548333333333333,0.1714240903387704,0.006711339820671,0.0819227674134059
Lateral_plate_mesoderm,L_M1,Adrenocortical cells,3048.0,0.0,0.032671223388743,0.1599222222222222,0.1938976377952755,0.006280137807573,0.0792473205072133
Lateral_plate_mesoderm,L_M2,Airway smooth muscle cells,6938.0,0.0,0.061525063258704,0.2492222222222222,0.3034015566445661,0.0123182748394883,0.1109877238233504
Lateral_plate_mesoderm,L_M23,Sertoli cells,1719.0,0.0,0.0642867946480511,0.2636888888888889,0.3257707969749854,0.0122709321952695,0.1107742397638977
Lateral_plate_mesoderm,L_M15,Leydig cells,294.0,0.0,0.0664512471655328,0.2656666666666667,0.3231292517006803,0.0144270792102961,0.1201127770484726
Mesoderm,M_M8,Early chondrocytes,144311.0,0.263580638342845,0.217367385409744,0.5842316634960896,0.5513647608290428,0.0536685372874709,0.2316647087656445
Mesoderm,M_M17,Pre-osteoblasts (Sp7+),135893.0,0.2473050095117311,0.2278260603167707,0.5937433946311562,0.5550396267651756,0.0611979347812425,0.2473821634258268
Mesoderm,M_M3,Brown adipocyte cells,80279.0,0.0,0.0186811873426554,0.0,0.070205159506222,0.0046896209006268,0.0684808068047303
Mesoderm,M_M16,Myotubes,43267.0,0.0,0.0403787707280922,0.2344113295286408,0.1406845864053435,0.0117575602274807,0.1084322840646672
Mesoderm,M_M6,Dermatome,198888.0,0.0,0.171476347617675,0.5789473684210527,0.4149722456860142,0.0567766346831685,0.2382784813682689
Mesoderm,M_M1,Adipocyte cells (Cyp2e1+),14376.0,0.0,0.0291599429378469,0.2171845275840203,0.1068447412353923,0.0073726899461031,0.0858643694794476
Mesoderm,M_M5,Chondrocytes (Otor+),12063.0,0.0,0.0731810429543494,0.2916930881420418,0.2204260963276133,0.0230034749452061,0.1516689650034116
Mesoderm,M_M15,Myofibroblasts,43951.0,0.0,0.0397253035113405,0.2060875079264426,0.1830447543855657,0.0076743671721927,0.0876034655261576
Notochord,No_M2,Ciliated nodal cells,60.0,0.311,0.2970722222222222,0.342988888888889,0.9166666666666666,0.0132365418811466,0.115050171147837
PNS_glia,PG_M6,Satellite glial cells,6916.0,0.0,0.0676274018379281,0.2543333333333333,0.3461538461538461,0.011142039535329,0.1055558597867925
PNS_glia,PG_M3,Myelinating Schwann cells (Tgfb2+),7151.0,0.0,0.046237185164468,0.2077777777777777,0.2375891483708572,0.0104145975124167,0.102051935368305
PNS_glia,PG_M5,Olfactory ensheathing cells,3947.0,0.0,0.0345636066773639,0.1776000000000001,0.1892576640486445,0.0064654391610082,0.0804079545878901
PNS_glia,PG_M1,Melanocyte cells,3293.0,0.0,0.0176525964166413,0.0277555555555555,0.1084117825690859,0.0034352043644688,0.0586106164825861
PNS_neurons,PN_M2,Dorsal root ganglion neurons,13077.0,0.0,0.0130459925399131,0.0157111111111111,0.1072876041905635,0.0020912521256372,0.0457302102076646
PNS_neurons,PN_M3,Enteric neurons,4787.0,0.0,0.0291462293712137,0.144088888888889,0.1907248798830165,0.0052043844928228,0.0721414200915313
PNS_neurons,PN_M1,Corticofugal neurons,2807.0,0.0,0.0113603689189724,0.0,0.0765942287139294,0.0020585466980467,0.0453712100130324
PNS_neurons,PN_M6,Otic sensory neurons,7844.0,0.0,0.0396210975126069,0.1894555555555555,0.23419173890872,0.0074000023574317,0.0860232663727186
PNS_neurons,PN_M8,Sympathetic neurons,18369.0,0.0,0.0351394983093496,0.1696666666666666,0.2196091240677228,0.0061712723335335,0.0785574460731349
PNS_neurons,PN_M7,Parasympathetic neurons,8353.0,0.0,0.0271897787887252,0.1344444444444444,0.1852029211061893,0.0046336839979692,0.0680711686249707
Renal,R_M11,Proximal tubule cells,16160.0,0.0,0.0183765264026402,0.0521111111111111,0.1173886138613861,0.0034507425819729,0.058743021559781
Renal,R_M9,Podocytes,4879.0,0.0,0.0463763749402199,0.2234666666666666,0.2471817995490879,0.0084745453860929,0.0920572940406837
Renal,R_M12,Renal pericytes and mesangial cells,7956.0,0.0,0.1148355119825708,0.3247777777777778,0.4287330316742081,0.0252380707962865,0.1588649451461413
Renal,R_M2,Ascending loop of Henle,4087.0,0.0,0.0182113748198896,0.0522666666666668,0.1130413506239295,0.0034045140589878,0.0583482138457365
Renal,R_M6,Distal convoluted tubule,1287.0,0.0,0.011098938098938,0.0,0.0745920745920745,0.0020118414602888,0.0448535557151136
Renal,R_M14,Ureteric bud stalk,401.0,0.0,0.0611612635078969,0.2377777777777777,0.371571072319202,0.0099931278179551,0.0999656331843854
Renal,R_M3,Collecting duct intercalated cells,434.0,0.0,0.0550468509984639,0.2496,0.2788018433179723,0.0102987329237991,0.1014826730225367
